# Blender 5.1.2
# www.blender.org
mtllib castle.mtl
o castle
v 17.170004 7.760001 10.680001
v 17.170004 7.760001 10.680001
v 16.550005 7.760002 12.980001
v 16.550005 7.760002 12.980001
v 16.550005 0.000000 12.980000
v 17.170004 0.000000 10.680000
v 14.870006 7.760002 14.660002
v 14.870006 7.760002 14.660002
v 14.870005 0.000001 14.660001
v 12.570004 7.760002 15.280002
v 12.570004 7.760002 15.280002
v 12.570004 7.760002 15.280002
v 12.570004 0.000001 15.280001
v 12.570004 0.000001 15.280001
v 10.270005 7.760002 14.660002
v 10.270005 7.760002 14.660002
v 10.270004 0.000001 14.660001
v 8.580004 7.760003 12.980001
v 8.580004 7.760003 12.980001
v 8.580003 0.000001 12.980000
v 7.970003 7.760002 10.680001
v 7.970003 7.760002 10.680001
v 7.970003 0.000001 10.680000
v 8.580004 7.760002 8.380001
v 8.580004 7.760002 8.380001
v 8.580003 0.000000 8.380000
v 10.270005 7.760001 6.690001
v 10.270005 7.760001 6.690001
v 10.270004 0.000000 6.690000
v 12.570004 7.760001 6.080001
v 12.570004 7.760001 6.080001
v 12.570003 -0.000000 6.080000
v 14.870006 7.760001 6.690001
v 14.870006 7.760001 6.690001
v 14.870005 -0.000000 6.690000
v 16.550003 7.760001 8.380001
v 16.550003 7.760001 8.380001
v 16.550003 -0.000000 8.380000
v 16.780006 7.760002 13.110002
v 16.780006 7.760002 13.110002
v 16.780006 7.760002 13.110002
v 17.430004 7.760001 10.680001
v 17.430004 7.760001 10.680001
v 17.430004 7.760001 10.680001
v 17.430004 8.570002 10.680001
v 17.430004 8.570002 10.680001
v 17.430004 8.570002 10.680001
v 16.780006 8.570002 13.110002
v 16.780006 8.570002 13.110002
v 16.780006 8.570002 13.110002
v 15.000006 7.760002 14.890002
v 15.000006 7.760002 14.890002
v 15.000006 7.760002 14.890002
v 15.000006 8.570002 14.890002
v 15.000006 8.570002 14.890002
v 15.000006 8.570002 14.890002
v 12.570004 7.760002 15.540002
v 12.570004 7.760002 15.540002
v 12.570004 7.760002 15.540002
v 12.570004 8.570002 15.540002
v 12.570004 8.570002 15.540002
v 12.570004 8.570002 15.540002
v 10.130005 7.760002 14.890002
v 10.130005 7.760002 14.890002
v 10.130005 7.760002 14.890002
v 10.130005 8.570002 14.890002
v 10.130005 8.570002 14.890002
v 10.130005 8.570002 14.890002
v 8.350004 7.760003 13.110002
v 8.350004 7.760003 13.110002
v 8.350004 7.760003 13.110002
v 8.350004 8.570002 13.110003
v 8.350004 8.570002 13.110003
v 8.350004 8.570002 13.110003
v 7.700003 7.760002 10.680001
v 7.700003 7.760002 10.680001
v 7.700003 7.760002 10.680001
v 7.700003 8.570002 10.680002
v 7.700003 8.570002 10.680002
v 7.700003 8.570002 10.680002
v 8.350004 7.760002 8.240001
v 8.350004 7.760002 8.240001
v 8.350004 7.760002 8.240001
v 8.350004 8.570001 8.240002
v 8.350004 8.570001 8.240002
v 8.350004 8.570001 8.240002
v 10.130005 7.760001 6.460001
v 10.130005 7.760001 6.460001
v 10.130005 7.760001 6.460001
v 10.130005 8.570001 6.460001
v 10.130005 8.570001 6.460001
v 10.130005 8.570001 6.460001
v 12.570004 7.760001 5.810000
v 12.570004 7.760001 5.810000
v 12.570004 7.760001 5.810000
v 12.570004 8.570001 5.810000
v 12.570004 8.570001 5.810000
v 12.570004 8.570001 5.810000
v 15.000006 7.760001 6.460001
v 15.000006 7.760001 6.460001
v 15.000006 7.760001 6.460001
v 15.000006 8.570001 6.460001
v 15.000006 8.570001 6.460001
v 15.000006 8.570001 6.460001
v 16.780005 7.760001 8.240001
v 16.780005 7.760001 8.240001
v 16.780005 7.760001 8.240001
v 16.780005 8.570001 8.240001
v 16.780005 8.570001 8.240001
v 16.780005 8.570001 8.240001
v 17.170004 8.570002 10.680001
v 17.170004 8.570002 10.680001
v 16.550005 8.570002 12.980001
v 16.550005 8.570002 12.980001
v 14.870006 8.570002 14.660002
v 14.870006 8.570002 14.660002
v 14.870006 8.570002 14.660002
v 12.570004 8.570002 15.280002
v 12.570004 8.570002 15.280002
v 12.570004 8.570002 15.280002
v 10.270005 8.570002 14.660002
v 10.270005 8.570002 14.660002
v 8.580004 8.570002 12.980002
v 8.580004 8.570002 12.980002
v 8.580004 8.570002 12.980002
v 7.970003 8.570002 10.680002
v 7.970003 8.570002 10.680002
v 8.580004 8.570001 8.380002
v 8.580004 8.570001 8.380002
v 10.270005 8.570001 6.690001
v 10.270005 8.570001 6.690001
v 12.570004 8.570001 6.080001
v 12.570004 8.570001 6.080001
v 14.870006 8.570001 6.690001
v 14.870006 8.570001 6.690001
v 16.550003 8.570001 8.380001
v 16.550003 8.570001 8.380001
v 17.170006 16.890001 10.680002
v 17.170006 16.890001 10.680002
v 17.170006 16.890001 10.680002
v 16.550007 16.890001 12.980002
v 16.550007 16.890001 12.980002
v 16.550007 16.890001 12.980002
v 14.870006 16.890001 14.660003
v 14.870006 16.890001 14.660003
v 14.870006 16.890001 14.660003
v 14.870006 16.890001 14.660003
v 12.570004 16.890003 15.280003
v 12.570004 16.890003 15.280003
v 12.570004 16.890003 15.280003
v 12.570004 16.890003 15.280003
v 10.270005 16.890003 14.660004
v 10.270005 16.890003 14.660004
v 10.270005 16.890003 14.660004
v 8.580004 16.890003 12.980003
v 8.580004 16.890003 12.980003
v 8.580004 16.890003 12.980003
v 8.580004 16.890003 12.980003
v 7.970004 16.890003 10.680003
v 7.970004 16.890003 10.680003
v 7.970004 16.890003 10.680003
v 8.580004 16.890003 8.380003
v 8.580004 16.890003 8.380003
v 8.580004 16.890003 8.380003
v 10.270005 16.890001 6.690002
v 10.270005 16.890001 6.690002
v 10.270005 16.890001 6.690002
v 12.570004 16.890001 6.080002
v 12.570004 16.890001 6.080002
v 12.570004 16.890001 6.080002
v 14.870006 16.889999 6.690002
v 14.870006 16.889999 6.690002
v 14.870006 16.889999 6.690002
v 16.550005 16.890001 8.380002
v 16.550005 16.890001 8.380002
v 16.550005 16.890001 8.380002
v 17.130007 21.300001 13.310004
v 17.130007 21.300001 13.310004
v 17.830006 21.300001 10.680003
v 17.830006 21.300001 10.680003
v 18.230005 21.300001 10.680003
v 18.230005 21.300001 10.680003
v 18.230005 21.300001 10.680003
v 17.470007 21.300001 13.510004
v 17.470007 21.300001 13.510004
v 17.470007 21.300001 13.510004
v 15.200006 21.300001 15.240004
v 15.200006 21.300001 15.240004
v 15.200006 21.300001 15.240004
v 15.400006 21.300001 15.580004
v 15.400006 21.300001 15.580004
v 15.400006 21.300001 15.580004
v 12.570005 21.300003 15.940003
v 12.570005 21.300003 15.940003
v 12.570005 21.300003 16.340004
v 12.570005 21.300003 16.340004
v 12.570005 21.300003 16.340004
v 9.930005 21.300003 15.240004
v 9.930005 21.300003 15.240004
v 9.730004 21.300003 15.580004
v 9.730004 21.300003 15.580004
v 9.730004 21.300003 15.580004
v 8.010005 21.300003 13.310004
v 8.010005 21.300003 13.310004
v 7.660004 21.300003 13.510004
v 7.660004 21.300003 13.510004
v 7.660004 21.300003 13.510004
v 7.300004 21.300003 10.680003
v 7.300004 21.300003 10.680003
v 6.900004 21.300003 10.680003
v 6.900004 21.300003 10.680003
v 6.900004 21.300003 10.680003
v 8.010005 21.300003 8.040003
v 8.010005 21.300003 8.040003
v 7.660004 21.300003 7.840003
v 7.660004 21.300003 7.840003
v 7.660004 21.300003 7.840003
v 9.930004 21.300001 6.120003
v 9.930004 21.300001 6.120003
v 9.730003 21.300001 5.770002
v 9.730003 21.300001 5.770002
v 9.730003 21.300001 5.770002
v 12.570004 21.300001 5.410002
v 12.570004 21.300001 5.410002
v 12.570004 21.300001 5.010003
v 12.570004 21.300001 5.010003
v 12.570004 21.300001 5.010003
v 15.200006 21.299999 6.120003
v 15.200006 21.299999 6.120003
v 15.400005 21.299999 5.770002
v 15.400005 21.299999 5.770002
v 15.400005 21.299999 5.770002
v 17.130005 21.300001 8.040003
v 17.130005 21.300001 8.040003
v 17.470005 21.300001 7.840003
v 17.470005 21.300001 7.840003
v 17.470005 21.300001 7.840003
v 16.720005 24.760004 10.680003
v 16.720005 24.760004 10.680003
v 16.720005 24.760004 10.680003
v 16.720005 24.760004 10.680003
v 16.170008 24.760004 12.760004
v 16.170008 24.760004 12.760004
v 16.170008 24.760004 12.760004
v 16.170008 24.760004 12.760004
v 14.640007 24.760004 14.280004
v 14.640007 24.760004 14.280004
v 14.640007 24.760004 14.280004
v 14.640007 24.760004 14.280004
v 12.570005 24.760006 14.830004
v 12.570005 24.760006 14.830004
v 12.570005 24.760006 14.830004
v 12.570005 24.760006 14.830004
v 10.490005 24.760006 14.280005
v 10.490005 24.760006 14.280005
v 10.490005 24.760006 14.280005
v 10.490005 24.760006 14.280005
v 8.970005 24.760006 12.760005
v 8.970005 24.760006 12.760005
v 8.970005 24.760006 12.760005
v 8.970005 24.760006 12.760005
v 8.410005 24.760006 10.680004
v 8.410005 24.760006 10.680004
v 8.410005 24.760006 10.680004
v 8.410005 24.760006 10.680004
v 8.970005 24.760006 8.600004
v 8.970005 24.760006 8.600004
v 8.970005 24.760006 8.600004
v 8.970005 24.760006 8.600004
v 10.490005 24.760004 7.080003
v 10.490005 24.760004 7.080003
v 10.490005 24.760004 7.080003
v 10.490005 24.760004 7.080003
v 12.570005 24.760004 6.520003
v 12.570005 24.760004 6.520003
v 12.570005 24.760004 6.520003
v 12.570005 24.760004 6.520003
v 14.640007 24.760002 7.080003
v 14.640007 24.760002 7.080003
v 14.640007 24.760002 7.080003
v 14.640007 24.760002 7.080003
v 16.170006 24.760004 8.600003
v 16.170006 24.760004 8.600003
v 16.170006 24.760004 8.600003
v 16.170006 24.760004 8.600003
v 16.690006 28.500004 10.680004
v 16.690006 28.500004 10.680004
v 16.130007 28.500004 12.740005
v 16.130007 28.500004 12.740005
v 14.630007 28.500004 14.240005
v 14.630007 28.500004 14.240005
v 12.570005 28.500006 14.800005
v 12.570005 28.500006 14.800005
v 10.510006 28.500006 14.240005
v 10.510006 28.500006 14.240005
v 9.000005 28.500006 12.740005
v 9.000005 28.500006 12.740005
v 8.450005 28.500006 10.680004
v 8.450005 28.500006 10.680004
v 9.000005 28.500006 8.620004
v 9.000005 28.500006 8.620004
v 10.510006 28.500006 7.110004
v 10.510006 28.500006 7.110004
v 12.570005 28.500004 6.560004
v 12.570005 28.500004 6.560004
v 14.630007 28.500004 7.110004
v 14.630007 28.500004 7.110004
v 16.130005 28.500004 8.620004
v 16.130005 28.500004 8.620004
v 17.830006 17.360003 10.680002
v 17.830006 17.360003 10.680002
v 17.830006 17.360003 10.680002
v 17.130007 17.360003 13.310003
v 17.130007 17.360003 13.310003
v 17.130007 17.360003 13.310003
v 15.200006 17.360003 15.240003
v 15.200006 17.360003 15.240003
v 15.200006 17.360003 15.240003
v 15.200006 17.360003 15.240003
v 12.570004 17.360004 15.940002
v 12.570004 17.360004 15.940002
v 12.570004 17.360004 15.940002
v 9.930004 17.360004 15.240004
v 9.930004 17.360004 15.240004
v 9.930004 17.360004 15.240004
v 8.010004 17.360004 13.310004
v 8.010004 17.360004 13.310004
v 8.010004 17.360004 13.310004
v 7.300004 17.360004 10.680003
v 7.300004 17.360004 10.680003
v 7.300004 17.360004 10.680003
v 8.010004 17.360004 8.040003
v 8.010004 17.360004 8.040003
v 8.010004 17.360004 8.040003
v 9.930003 17.360003 6.120002
v 9.930003 17.360003 6.120002
v 9.930003 17.360003 6.120002
v 12.570004 17.360003 5.410002
v 12.570004 17.360003 5.410002
v 12.570004 17.360003 5.410002
v 15.200005 17.360001 6.120002
v 15.200005 17.360001 6.120002
v 15.200005 17.360001 6.120002
v 17.130005 17.360003 8.040002
v 17.130005 17.360003 8.040002
v 17.130005 17.360003 8.040002
v 17.910006 20.210001 10.370002
v 17.910006 20.210001 10.370002
v 17.910006 20.210001 10.370002
v 17.910006 20.520002 10.800002
v 17.910006 20.520002 10.800002
v 17.910006 20.520002 10.800002
v 17.910006 20.520002 10.800002
v 17.910006 19.210001 10.800002
v 17.910006 19.210001 10.800002
v 17.910006 19.210001 10.800002
v 17.910006 19.210001 10.800002
v 17.910006 19.230001 10.370002
v 17.910006 19.230001 10.370002
v 17.910006 19.230001 10.370002
v 17.810005 19.260002 10.030002
v 17.810005 19.260002 10.030002
v 17.910006 19.260002 10.040002
v 17.910006 19.260002 10.040002
v 17.910006 19.120003 10.040002
v 17.910006 19.120003 10.040002
v 17.810005 19.120003 10.030002
v 17.810005 19.120003 10.030002
v 17.890005 20.750002 10.800003
v 17.890005 20.750002 10.800003
v 17.980005 20.750002 10.810002
v 17.980005 20.750002 10.810002
v 17.980005 20.750002 10.810002
v 17.980005 20.750002 10.810002
v 17.940006 20.290003 10.150002
v 17.940006 20.290003 10.150002
v 17.940006 20.290003 10.150002
v 17.940006 20.290003 10.150002
v 17.840006 20.290003 10.150002
v 17.840006 20.290003 10.150002
v 17.680006 19.120003 11.550002
v 17.680006 19.120003 11.550002
v 17.780006 19.120003 11.560002
v 17.780006 19.120003 11.560002
v 17.780006 19.260002 11.560002
v 17.780006 19.260002 11.560002
v 17.680006 19.260002 11.550002
v 17.680006 19.260002 11.550002
v 17.890005 19.070002 10.800002
v 17.890005 19.070002 10.800002
v 17.980005 19.070002 10.810002
v 17.980005 19.070002 10.810002
v 17.820005 19.120003 11.450002
v 17.820005 19.120003 11.450002
v 17.730005 19.120003 11.450002
v 17.730005 19.120003 11.450002
v 18.050005 19.120003 10.160002
v 18.050005 19.120003 10.160002
v 18.050005 19.120003 10.160002
v 18.050005 19.120003 10.160002
v 18.050005 19.120003 10.160002
v 18.050005 19.260002 10.160002
v 18.050005 19.260002 10.160002
v 18.050005 19.260002 10.160002
v 18.050005 19.260002 10.160002
v 18.080006 19.230001 10.390002
v 18.080006 19.230001 10.390002
v 18.080006 19.230001 10.390002
v 18.080006 19.230001 10.390002
v 17.980005 20.520002 10.810002
v 17.980005 20.520002 10.810002
v 17.980005 20.520002 10.810002
v 17.980005 20.520002 10.810002
v 17.980005 20.210001 10.380002
v 17.980005 20.210001 10.380002
v 17.980005 20.210001 10.380002
v 17.980005 20.210001 10.380002
v 17.930006 19.260002 11.460002
v 17.930006 19.260002 11.460002
v 17.930006 19.260002 11.460002
v 17.930006 19.260002 11.460002
v 17.930006 19.120003 11.460002
v 17.930006 19.120003 11.460002
v 17.930006 19.120003 11.460002
v 17.930006 19.120003 11.460002
v 17.930006 19.120003 11.460002
v 18.010006 19.240002 11.240002
v 18.010006 19.240002 11.240002
v 18.010006 19.240002 11.240002
v 18.010006 19.240002 11.240002
v 18.090006 19.070002 10.820002
v 18.090006 19.070002 10.820002
v 18.090006 19.070002 10.820002
v 18.090006 19.070002 10.820002
v 18.090006 19.210001 10.820002
v 18.090006 19.210001 10.820002
v 18.090006 19.210001 10.820002
v 18.090006 19.210001 10.820002
v 17.830006 20.210001 11.230001
v 17.830006 20.210001 11.230001
v 17.830006 20.210001 11.230001
v 17.830006 19.240002 11.230001
v 17.830006 19.240002 11.230001
v 17.830006 19.240002 11.230001
v 17.730005 20.290003 11.450002
v 17.730005 20.290003 11.450002
v 17.820005 20.290003 11.450002
v 17.820005 20.290003 11.450002
v 17.820005 20.290003 11.450002
v 17.820005 20.290003 11.450002
v 17.840006 19.120003 10.150002
v 17.840006 19.120003 10.150002
v 17.940006 19.120003 10.150002
v 17.940006 19.120003 10.150002
v 17.900005 20.210001 11.230001
v 17.900005 20.210001 11.230001
v 17.900005 20.210001 11.230001
v 17.900005 20.210001 11.230001
v 17.980005 19.230001 10.380002
v 17.980005 19.230001 10.380002
v 17.980005 19.230001 10.380002
v 17.980005 19.230001 10.380002
v 17.900005 19.240002 11.230001
v 17.900005 19.240002 11.230001
v 17.900005 19.240002 11.230001
v 17.900005 19.240002 11.230001
v 17.980005 19.210001 10.810002
v 17.980005 19.210001 10.810002
v 17.820005 19.260002 11.450002
v 17.820005 19.260002 11.450002
v 17.820005 19.260002 11.450002
v 17.820005 19.260002 11.450002
v 17.730005 19.260002 11.450002
v 17.730005 19.260002 11.450002
v 17.940006 19.260002 10.150002
v 17.940006 19.260002 10.150002
v 17.940006 19.260002 10.150002
v 17.940006 19.260002 10.150002
v 17.840006 19.260002 10.150002
v 17.840006 19.260002 10.150002
v 18.020006 19.260002 10.050002
v 18.020006 19.260002 10.050002
v 18.020006 19.260002 10.050002
v 18.020006 19.120003 10.050002
v 18.020006 19.120003 10.050002
v 18.020006 19.120003 10.050002
v 17.880005 19.120003 11.570002
v 17.880005 19.120003 11.570002
v 17.880005 19.120003 11.570002
v 17.880005 19.260002 11.570002
v 17.880005 19.260002 11.570002
v 17.880005 19.260002 11.570002
v 12.870006 20.210001 16.020004
v 12.870006 20.210001 16.020004
v 12.870006 20.210001 16.020004
v 12.440005 20.520004 16.020004
v 12.440005 20.520004 16.020004
v 12.440005 20.520004 16.020004
v 12.440005 20.520004 16.020004
v 12.440005 19.210003 16.020004
v 12.440005 19.210003 16.020004
v 12.440005 19.210003 16.020004
v 12.440005 19.210003 16.020004
v 12.870006 19.230001 16.020004
v 12.870006 19.230001 16.020004
v 12.870006 19.230001 16.020004
v 13.210006 19.260002 15.920004
v 13.210006 19.260002 15.920004
v 13.200006 19.260002 16.020004
v 13.200006 19.260002 16.020004
v 13.200006 19.120003 16.020004
v 13.200006 19.120003 16.020004
v 13.210006 19.120003 15.920004
v 13.210006 19.120003 15.920004
v 12.440005 20.750004 16.000004
v 12.440005 20.750004 16.000004
v 12.430006 20.750004 16.100004
v 12.430006 20.750004 16.100004
v 12.430006 20.750004 16.100004
v 12.430006 20.750004 16.100004
v 13.090006 20.290003 16.050003
v 13.090006 20.290003 16.050003
v 13.090006 20.290003 16.050003
v 13.090006 20.290003 16.050003
v 13.090006 20.290003 16.050003
v 13.100006 20.290003 15.950004
v 13.100006 20.290003 15.950004
v 11.690005 19.120005 15.790004
v 11.690005 19.120005 15.790004
v 11.680006 19.120005 15.890004
v 11.680006 19.120005 15.890004
v 11.680006 19.260004 15.890004
v 11.680006 19.260004 15.890004
v 11.690005 19.260004 15.790004
v 11.690005 19.260004 15.790004
v 12.440005 19.070004 16.000004
v 12.440005 19.070004 16.000004
v 12.430006 19.070004 16.100004
v 12.430006 19.070004 16.100004
v 11.790006 19.120005 15.940003
v 11.790006 19.120005 15.940003
v 11.800006 19.120005 15.840004
v 11.800006 19.120005 15.840004
v 13.080006 19.120003 16.160004
v 13.080006 19.120003 16.160004
v 13.080006 19.120003 16.160004
v 13.080006 19.120003 16.160004
v 13.080006 19.120003 16.160004
v 13.080006 19.260002 16.160004
v 13.080006 19.260002 16.160004
v 13.080006 19.260002 16.160004
v 13.080006 19.260002 16.160004
v 12.850006 19.230001 16.200005
v 12.850006 19.230001 16.200005
v 12.850006 19.230001 16.200005
v 12.850006 19.230001 16.200005
v 12.430006 20.520004 16.100004
v 12.430006 20.520004 16.100004
v 12.430006 20.520004 16.100004
v 12.430006 20.520004 16.100004
v 12.860005 20.210001 16.090004
v 12.860005 20.210001 16.090004
v 12.860005 20.210001 16.090004
v 12.860005 20.210001 16.090004
v 11.780005 19.260004 16.040005
v 11.780005 19.260004 16.040005
v 11.780005 19.260004 16.040005
v 11.780005 19.260004 16.040005
v 11.780005 19.120005 16.040005
v 11.780005 19.120005 16.040005
v 11.780005 19.120005 16.040005
v 11.780005 19.120005 16.040005
v 11.780005 19.120005 16.040005
v 12.000006 19.240004 16.120005
v 12.000006 19.240004 16.120005
v 12.000006 19.240004 16.120005
v 12.420006 19.070004 16.200005
v 12.420006 19.070004 16.200005
v 12.420006 19.070004 16.200005
v 12.420006 19.070004 16.200005
v 12.420006 19.210003 16.200005
v 12.420006 19.210003 16.200005
v 12.420006 19.210003 16.200005
v 12.420006 19.210003 16.200005
v 12.010006 20.210003 15.940003
v 12.010006 20.210003 15.940003
v 12.010006 20.210003 15.940003
v 12.010006 19.240004 15.940003
v 12.010006 19.240004 15.940003
v 12.010006 19.240004 15.940003
v 11.800006 20.290005 15.840004
v 11.800006 20.290005 15.840004
v 11.790006 20.290005 15.940003
v 11.790006 20.290005 15.940003
v 11.790006 20.290005 15.940003
v 11.790006 20.290005 15.940003
v 13.100006 19.120003 15.950004
v 13.100006 19.120003 15.950004
v 13.090006 19.120003 16.050003
v 13.090006 19.120003 16.050003
v 12.010006 20.210003 16.010004
v 12.010006 20.210003 16.010004
v 12.010006 20.210003 16.010004
v 12.010006 20.210003 16.010004
v 12.860005 19.230001 16.090004
v 12.860005 19.230001 16.090004
v 12.860005 19.230001 16.090004
v 12.860005 19.230001 16.090004
v 12.010006 19.240004 16.010004
v 12.010006 19.240004 16.010004
v 12.010006 19.240004 16.010004
v 12.430006 19.210003 16.100004
v 12.430006 19.210003 16.100004
v 11.790006 19.260004 15.940003
v 11.790006 19.260004 15.940003
v 11.790006 19.260004 15.940003
v 11.790006 19.260004 15.940003
v 11.800006 19.260004 15.840004
v 11.800006 19.260004 15.840004
v 13.090006 19.260002 16.050003
v 13.090006 19.260002 16.050003
v 13.090006 19.260002 16.050003
v 13.090006 19.260002 16.050003
v 13.100006 19.260002 15.950004
v 13.100006 19.260002 15.950004
v 13.190005 19.260002 16.130003
v 13.190005 19.260002 16.130003
v 13.190005 19.260002 16.130003
v 13.190005 19.120003 16.130003
v 13.190005 19.120003 16.130003
v 13.190005 19.120003 16.130003
v 11.670006 19.120005 16.000004
v 11.670006 19.120005 16.000004
v 11.670006 19.120005 16.000004
v 11.670006 19.260004 16.000004
v 11.670006 19.260004 16.000004
v 11.670006 19.260004 16.000004
v 9.240005 23.340004 12.520005
v 9.240005 23.340004 12.520005
v 9.240005 23.340004 12.520005
v 9.780005 23.340004 13.290005
v 9.780005 23.340004 13.290005
v 9.100005 24.920006 13.760005
v 9.100005 24.920006 13.760005
v 9.100005 24.920006 13.760005
v 8.560005 24.920006 12.990005
v 8.560005 24.920006 12.990005
v 8.560005 24.920006 12.990005
v 8.630005 28.410006 12.920005
v 8.630005 28.410006 12.920005
v 8.630005 28.410006 12.920005
v 9.530005 28.410006 12.290005
v 9.180005 28.410006 13.700005
v 9.180005 28.410006 13.700005
v 10.080006 28.410006 13.070004
v 12.870006 27.210003 14.810005
v 12.870006 27.210003 14.810005
v 12.870006 27.210003 14.810005
v 12.440005 27.520006 14.820004
v 12.440005 27.520006 14.820004
v 12.440005 27.520006 14.820004
v 12.440005 27.520006 14.820004
v 12.440005 26.210005 14.820004
v 12.440005 26.210005 14.820004
v 12.440005 26.210005 14.820004
v 12.440005 26.210005 14.820004
v 12.870006 26.240004 14.810005
v 12.870006 26.240004 14.810005
v 12.870006 26.240004 14.810005
v 13.210006 26.260004 14.720005
v 13.210006 26.260004 14.720005
v 13.200006 26.260004 14.820004
v 13.200006 26.260004 14.820004
v 13.200006 26.120005 14.820004
v 13.200006 26.120005 14.820004
v 13.210006 26.120005 14.720005
v 13.210006 26.120005 14.720005
v 12.440005 27.750006 14.800005
v 12.440005 27.750006 14.800005
v 12.440005 27.750006 14.800005
v 12.430006 27.750006 14.890005
v 12.430006 27.750006 14.890005
v 12.430006 27.750006 14.890005
v 12.430006 27.750006 14.890005
v 13.090006 27.300003 14.850005
v 13.090006 27.300003 14.850005
v 13.090006 27.300003 14.850005
v 13.090006 27.300003 14.850005
v 13.100006 27.300003 14.750005
v 13.100006 27.300003 14.750005
v 11.690005 26.120007 14.590005
v 11.690005 26.120007 14.590005
v 11.680006 26.120007 14.690004
v 11.680006 26.120007 14.690004
v 11.680006 26.260006 14.690004
v 11.680006 26.260006 14.690004
v 11.680006 26.260006 14.690004
v 11.690005 26.260006 14.590005
v 11.690005 26.260006 14.590005
v 12.440005 26.070005 14.800005
v 12.440005 26.070005 14.800005
v 12.430006 26.070005 14.890005
v 12.430006 26.070005 14.890005
v 11.790006 26.120007 14.730004
v 11.790006 26.120007 14.730004
v 11.800006 26.120007 14.640005
v 11.800006 26.120007 14.640005
v 13.080006 26.120005 14.960005
v 13.080006 26.120005 14.960005
v 13.080006 26.120005 14.960005
v 13.080006 26.120005 14.960005
v 13.080006 26.120005 14.960005
v 13.080006 26.260004 14.960005
v 13.080006 26.260004 14.960005
v 13.080006 26.260004 14.960005
v 13.080006 26.260004 14.960005
v 12.850006 26.240004 14.990005
v 12.850006 26.240004 14.990005
v 12.850006 26.240004 14.990005
v 12.850006 26.240004 14.990005
v 12.430006 27.520006 14.890005
v 12.430006 27.520006 14.890005
v 12.430006 27.520006 14.890005
v 12.430006 27.520006 14.890005
v 12.860005 27.210003 14.890005
v 12.860005 27.210003 14.890005
v 12.860005 27.210003 14.890005
v 12.860005 27.210003 14.890005
v 11.780005 26.260006 14.840005
v 11.780005 26.260006 14.840005
v 11.780005 26.260006 14.840005
v 11.780005 26.260006 14.840005
v 11.780005 26.120007 14.840005
v 11.780005 26.120007 14.840005
v 11.780005 26.120007 14.840005
v 11.780005 26.120007 14.840005
v 11.780005 26.120007 14.840005
v 12.000006 26.250006 14.920005
v 12.000006 26.250006 14.920005
v 12.000006 26.250006 14.920005
v 12.420006 26.070005 15.000005
v 12.420006 26.070005 15.000005
v 12.420006 26.070005 15.000005
v 12.420006 26.070005 15.000005
v 12.420006 26.210005 15.000005
v 12.420006 26.210005 15.000005
v 12.420006 26.210005 15.000005
v 12.420006 26.210005 15.000005
v 12.010006 27.210005 14.740005
v 12.010006 27.210005 14.740005
v 12.010006 27.210005 14.740005
v 12.010006 26.250006 14.740005
v 12.010006 26.250006 14.740005
v 12.010006 26.250006 14.740005
v 11.800006 27.300005 14.640005
v 11.800006 27.300005 14.640005
v 11.790006 27.300005 14.730004
v 11.790006 27.300005 14.730004
v 11.790006 27.300005 14.730004
v 11.790006 27.300005 14.730004
v 13.100006 26.120005 14.750005
v 13.100006 26.120005 14.750005
v 13.100006 26.120005 14.750005
v 13.090006 26.120005 14.850005
v 13.090006 26.120005 14.850005
v 12.010006 27.210005 14.810005
v 12.010006 27.210005 14.810005
v 12.010006 27.210005 14.810005
v 12.010006 27.210005 14.810005
v 12.860005 26.240004 14.890005
v 12.860005 26.240004 14.890005
v 12.860005 26.240004 14.890005
v 12.860005 26.240004 14.890005
v 12.010006 26.250006 14.810005
v 12.010006 26.250006 14.810005
v 12.010006 26.250006 14.810005
v 12.430006 26.210005 14.890005
v 12.430006 26.210005 14.890005
v 11.790006 26.260006 14.730004
v 11.790006 26.260006 14.730004
v 11.790006 26.260006 14.730004
v 11.790006 26.260006 14.730004
v 11.800006 26.260006 14.640005
v 11.800006 26.260006 14.640005
v 13.090006 26.260004 14.850005
v 13.090006 26.260004 14.850005
v 13.090006 26.260004 14.850005
v 13.090006 26.260004 14.850005
v 13.100006 26.260004 14.750005
v 13.100006 26.260004 14.750005
v 13.190005 26.260004 14.930005
v 13.190005 26.260004 14.930005
v 13.190005 26.260004 14.930005
v 13.190005 26.120005 14.930005
v 13.190005 26.120005 14.930005
v 13.190005 26.120005 14.930005
v 11.670006 26.120007 14.790005
v 11.670006 26.120007 14.790005
v 11.670006 26.120007 14.790005
v 11.670006 26.260006 14.790005
v 11.670006 26.260006 14.790005
v 11.670006 26.260006 14.790005
v 14.410007 23.340002 14.010004
v 14.410007 23.340002 14.010004
v 14.410007 23.340002 14.010004
v 15.180007 23.340002 13.460004
v 15.180007 23.340002 13.460004
v 15.650006 24.920004 14.140004
v 15.650006 24.920004 14.140004
v 15.650006 24.920004 14.140004
v 14.880007 24.920004 14.680004
v 14.880007 24.920004 14.680004
v 14.880007 24.920004 14.680004
v 14.810007 28.410004 14.610004
v 14.810007 28.410004 14.610004
v 14.810007 28.410004 14.610004
v 14.180007 28.410004 13.710005
v 15.590007 28.410004 14.070004
v 15.590007 28.410004 14.070004
v 14.960007 28.410004 13.170005
v 8.430005 27.210005 10.980003
v 8.430005 27.210005 10.980003
v 8.430005 27.210005 10.980003
v 8.420005 27.520006 10.550004
v 8.420005 27.520006 10.550004
v 8.420005 27.520006 10.550004
v 8.420005 27.520006 10.550004
v 8.420005 26.210005 10.550004
v 8.420005 26.210005 10.550004
v 8.420005 26.210005 10.550004
v 8.420005 26.210005 10.550004
v 8.430005 26.240005 10.980003
v 8.430005 26.240005 10.980003
v 8.430005 26.240005 10.980003
v 8.520005 26.260006 11.320004
v 8.520005 26.260006 11.320004
v 8.420005 26.260006 11.310004
v 8.420005 26.260006 11.310004
v 8.420005 26.120007 11.310004
v 8.420005 26.120007 11.310004
v 8.520005 26.120007 11.320004
v 8.520005 26.120007 11.320004
v 8.450005 27.750006 10.550004
v 8.450005 27.750006 10.550004
v 8.350005 27.750006 10.540004
v 8.350005 27.750006 10.540004
v 8.350005 27.750006 10.540004
v 8.350005 27.750006 10.540004
v 8.390005 27.300005 11.200004
v 8.390005 27.300005 11.200004
v 8.390005 27.300005 11.200004
v 8.390005 27.300005 11.200004
v 8.490005 27.300005 11.210004
v 8.490005 27.300005 11.210004
v 8.650004 26.120007 9.800004
v 8.650004 26.120007 9.800004
v 8.560005 26.120007 9.790004
v 8.560005 26.120007 9.790004
v 8.560005 26.260006 9.790004
v 8.560005 26.260006 9.790004
v 8.650004 26.260006 9.800004
v 8.650004 26.260006 9.800004
v 8.450005 26.070005 10.550004
v 8.450005 26.070005 10.550004
v 8.350005 26.070005 10.540004
v 8.350005 26.070005 10.540004
v 8.510005 26.120007 9.900003
v 8.510005 26.120007 9.900003
v 8.610004 26.120007 9.910004
v 8.610004 26.120007 9.910004
v 8.290005 26.120007 11.190003
v 8.290005 26.120007 11.190003
v 8.290005 26.120007 11.190003
v 8.290005 26.120007 11.190003
v 8.290005 26.120007 11.190003
v 8.290005 26.260006 11.190003
v 8.290005 26.260006 11.190003
v 8.290005 26.260006 11.190003
v 8.290005 26.260006 11.190003
v 8.250005 26.240005 10.960004
v 8.250005 26.240005 10.960004
v 8.250005 26.240005 10.960004
v 8.250005 26.240005 10.960004
v 8.350005 27.520006 10.540004
v 8.350005 27.520006 10.540004
v 8.350005 27.520006 10.540004
v 8.350005 27.520006 10.540004
v 8.350005 27.210005 10.970004
v 8.350005 27.210005 10.970004
v 8.350005 27.210005 10.970004
v 8.350005 27.210005 10.970004
v 8.400004 26.260006 9.890004
v 8.400004 26.260006 9.890004
v 8.400004 26.260006 9.890004
v 8.400004 26.260006 9.890004
v 8.400004 26.120007 9.890004
v 8.400004 26.120007 9.890004
v 8.400004 26.120007 9.890004
v 8.400004 26.120007 9.890004
v 8.400004 26.120007 9.890004
v 8.320004 26.250006 10.110003
v 8.320004 26.250006 10.110003
v 8.320004 26.250006 10.110003
v 8.320004 26.250006 10.110003
v 8.240005 26.070005 10.530004
v 8.240005 26.070005 10.530004
v 8.240005 26.070005 10.530004
v 8.240005 26.070005 10.530004
v 8.240005 26.210005 10.530004
v 8.240005 26.210005 10.530004
v 8.240005 26.210005 10.530004
v 8.240005 26.210005 10.530004
v 8.500005 27.210005 10.130004
v 8.500005 27.210005 10.130004
v 8.500005 27.210005 10.130004
v 8.500005 26.250006 10.130004
v 8.500005 26.250006 10.130004
v 8.500005 26.250006 10.130004
v 8.610004 27.300005 9.910004
v 8.610004 27.300005 9.910004
v 8.510005 27.300005 9.900003
v 8.510005 27.300005 9.900003
v 8.510005 27.300005 9.900003
v 8.510005 27.300005 9.900003
v 8.490005 26.120007 11.210004
v 8.490005 26.120007 11.210004
v 8.390005 26.120007 11.200004
v 8.390005 26.120007 11.200004
v 8.430005 27.210005 10.120004
v 8.430005 27.210005 10.120004
v 8.430005 27.210005 10.120004
v 8.430005 27.210005 10.120004
v 8.350005 26.240005 10.970004
v 8.350005 26.240005 10.970004
v 8.350005 26.240005 10.970004
v 8.350005 26.240005 10.970004
v 8.430005 26.250006 10.120004
v 8.430005 26.250006 10.120004
v 8.430005 26.250006 10.120004
v 8.430005 26.250006 10.120004
v 8.350005 26.210005 10.540004
v 8.350005 26.210005 10.540004
v 8.510005 26.260006 9.900003
v 8.510005 26.260006 9.900003
v 8.510005 26.260006 9.900003
v 8.510005 26.260006 9.900003
v 8.610004 26.260006 9.910004
v 8.610004 26.260006 9.910004
v 8.390005 26.260006 11.200004
v 8.390005 26.260006 11.200004
v 8.390005 26.260006 11.200004
v 8.390005 26.260006 11.200004
v 8.490005 26.260006 11.210004
v 8.490005 26.260006 11.210004
v 8.320004 26.260006 11.300004
v 8.320004 26.260006 11.300004
v 8.320004 26.260006 11.300004
v 8.320004 26.120007 11.300004
v 8.320004 26.120007 11.300004
v 8.320004 26.120007 11.300004
v 8.450005 26.120007 9.780004
v 8.450005 26.120007 9.780004
v 8.450005 26.120007 9.780004
v 8.450005 26.260006 9.780004
v 8.450005 26.260006 9.780004
v 8.450005 26.260006 9.780004
v 13.040005 12.700002 6.810002
v 13.040005 12.700002 6.810002
v 12.090005 12.700002 6.810002
v 12.090005 12.700002 6.810002
v 12.090004 14.280002 5.990001
v 12.090004 14.280002 5.990001
v 12.090004 14.280002 5.990001
v 13.040004 14.280002 5.990001
v 13.040004 14.280002 5.990001
v 13.040004 14.280002 5.990001
v 13.040004 17.340000 5.640002
v 13.040004 17.340000 5.640002
v 13.040005 17.340000 6.740002
v 12.090004 17.340002 5.640002
v 12.090004 17.340002 5.640002
v 12.090005 17.340002 6.740002
v 8.980003 12.700003 12.200003
v 8.980003 12.700003 12.200003
v 9.460004 12.700003 13.020003
v 9.460004 12.700003 13.020003
v 8.740004 14.280003 13.430003
v 8.740004 14.280003 13.430003
v 8.740004 14.280003 13.430003
v 8.270004 14.280003 12.610003
v 8.270004 14.280003 12.610003
v 8.270004 14.280003 12.610003
v 7.970004 17.340004 12.790004
v 7.970004 17.340004 12.790004
v 7.970004 17.340004 12.790004
v 8.920004 17.340004 12.240004
v 8.440003 17.340004 13.610003
v 8.440003 17.340004 13.610003
v 9.390004 17.340004 13.060004
v 12.090005 12.700003 14.540003
v 12.090005 12.700003 14.540003
v 13.040005 12.700003 14.540003
v 13.040005 12.700003 14.540003
v 13.040005 14.280003 15.360003
v 13.040005 14.280003 15.360003
v 13.040005 14.280003 15.360003
v 12.090005 14.280003 15.360003
v 12.090005 14.280003 15.360003
v 12.090005 14.280003 15.360003
v 12.090005 17.340004 15.710003
v 12.090005 17.340004 15.710003
v 12.090005 17.340004 14.620003
v 13.040005 17.340002 15.710003
v 13.040005 17.340002 15.710003
v 13.040005 17.340002 14.620003
v 10.730005 23.340004 7.350003
v 10.730005 23.340004 7.350003
v 10.730005 23.340004 7.350003
v 9.950005 23.340004 7.890003
v 9.950005 23.340004 7.890003
v 9.480004 24.920006 7.220004
v 9.480004 24.920006 7.220004
v 9.480004 24.920006 7.220004
v 10.250006 24.920004 6.670003
v 10.250006 24.920004 6.670003
v 10.250006 24.920004 6.670003
v 10.320005 28.410004 6.740004
v 10.320005 28.410004 6.740004
v 10.320005 28.410004 6.740004
v 10.950006 28.410006 7.650004
v 9.550005 28.410006 7.290004
v 9.550005 28.410006 7.290004
v 10.180006 28.410006 8.190003
v 9.460004 12.700002 8.340002
v 9.460004 12.700002 8.340002
v 8.980003 12.700002 9.150002
v 8.980003 12.700002 9.150002
v 8.270004 14.280002 8.740002
v 8.270004 14.280002 8.740002
v 8.270004 14.280002 8.740002
v 8.740004 14.280002 7.920002
v 8.740004 14.280002 7.920002
v 8.740004 14.280002 7.920002
v 8.440003 17.340004 7.750003
v 8.440003 17.340004 7.750003
v 9.390004 17.340004 8.300003
v 7.970004 17.340004 8.570003
v 7.970004 17.340004 8.570003
v 8.920004 17.340004 9.120003
v 7.230004 20.210003 10.980002
v 7.230004 20.210003 10.980002
v 7.230004 20.210003 10.980002
v 7.220004 20.520004 10.550003
v 7.220004 20.520004 10.550003
v 7.220004 20.520004 10.550003
v 7.220004 20.520004 10.550003
v 7.220004 19.210003 10.550003
v 7.220004 19.210003 10.550003
v 7.220004 19.210003 10.550003
v 7.220004 19.210003 10.550003
v 7.230004 19.230003 10.980002
v 7.230004 19.230003 10.980002
v 7.230004 19.230003 10.980002
v 7.320004 19.260004 11.320003
v 7.320004 19.260004 11.320003
v 7.220004 19.260004 11.310003
v 7.220004 19.260004 11.310003
v 7.220004 19.120005 11.310003
v 7.220004 19.120005 11.310003
v 7.320004 19.120005 11.320003
v 7.320004 19.120005 11.320003
v 7.240004 20.750004 10.550003
v 7.240004 20.750004 10.550003
v 7.150004 20.750004 10.540003
v 7.150004 20.750004 10.540003
v 7.150004 20.750004 10.540003
v 7.150004 20.750004 10.540003
v 7.190004 20.290005 11.200003
v 7.190004 20.290005 11.200003
v 7.190004 20.290005 11.200003
v 7.190004 20.290005 11.200003
v 7.290004 20.290005 11.210003
v 7.290004 20.290005 11.210003
v 7.450004 19.120005 9.800003
v 7.450004 19.120005 9.800003
v 7.350004 19.120005 9.790003
v 7.350004 19.120005 9.790003
v 7.350004 19.260004 9.790003
v 7.350004 19.260004 9.790003
v 7.450004 19.260004 9.800003
v 7.450004 19.260004 9.800003
v 7.240004 19.070004 10.550003
v 7.240004 19.070004 10.550003
v 7.150004 19.070004 10.540003
v 7.150004 19.070004 10.540003
v 7.310004 19.120005 9.900002
v 7.310004 19.120005 9.900002
v 7.410004 19.120005 9.910003
v 7.410004 19.120005 9.910003
v 7.090004 19.120005 11.190002
v 7.090004 19.120005 11.190002
v 7.090004 19.120005 11.190002
v 7.090004 19.120005 11.190002
v 7.090004 19.120005 11.190002
v 7.090004 19.260004 11.190002
v 7.090004 19.260004 11.190002
v 7.090004 19.260004 11.190002
v 7.090004 19.260004 11.190002
v 7.050004 19.230003 10.960003
v 7.050004 19.230003 10.960003
v 7.050004 19.230003 10.960003
v 7.050004 19.230003 10.960003
v 7.150004 20.520004 10.540003
v 7.150004 20.520004 10.540003
v 7.150004 20.520004 10.540003
v 7.150004 20.520004 10.540003
v 7.150004 20.210003 10.970003
v 7.150004 20.210003 10.970003
v 7.150004 20.210003 10.970003
v 7.150004 20.210003 10.970003
v 7.200004 19.260004 9.890003
v 7.200004 19.260004 9.890003
v 7.200004 19.260004 9.890003
v 7.200004 19.260004 9.890003
v 7.200004 19.120005 9.890003
v 7.200004 19.120005 9.890003
v 7.200004 19.120005 9.890003
v 7.200004 19.120005 9.890003
v 7.200004 19.120005 9.890003
v 7.120004 19.240004 10.110003
v 7.120004 19.240004 10.110003
v 7.120004 19.240004 10.110003
v 7.120004 19.240004 10.110003
v 7.040004 19.070004 10.530003
v 7.040004 19.070004 10.530003
v 7.040004 19.070004 10.530003
v 7.040004 19.070004 10.530003
v 7.040004 19.210003 10.530003
v 7.040004 19.210003 10.530003
v 7.040004 19.210003 10.530003
v 7.040004 19.210003 10.530003
v 7.300004 20.210003 10.130003
v 7.300004 20.210003 10.130003
v 7.300004 20.210003 10.130003
v 7.300004 19.240004 10.130003
v 7.300004 19.240004 10.130003
v 7.300004 19.240004 10.130003
v 7.410004 20.290005 9.910003
v 7.410004 20.290005 9.910003
v 7.310004 20.290005 9.900002
v 7.310004 20.290005 9.900002
v 7.310004 20.290005 9.900002
v 7.310004 20.290005 9.900002
v 7.290004 19.120005 11.210003
v 7.290004 19.120005 11.210003
v 7.190004 19.120005 11.200003
v 7.190004 19.120005 11.200003
v 7.230004 20.210003 10.120003
v 7.230004 20.210003 10.120003
v 7.230004 20.210003 10.120003
v 7.230004 20.210003 10.120003
v 7.150004 19.230003 10.970003
v 7.150004 19.230003 10.970003
v 7.150004 19.230003 10.970003
v 7.150004 19.230003 10.970003
v 7.230004 19.240004 10.120003
v 7.230004 19.240004 10.120003
v 7.230004 19.240004 10.120003
v 7.230004 19.240004 10.120003
v 7.150004 19.210003 10.540003
v 7.150004 19.210003 10.540003
v 7.310004 19.260004 9.900002
v 7.310004 19.260004 9.900002
v 7.310004 19.260004 9.900002
v 7.310004 19.260004 9.900002
v 7.410004 19.260004 9.910003
v 7.410004 19.260004 9.910003
v 7.190004 19.260004 11.200003
v 7.190004 19.260004 11.200003
v 7.190004 19.260004 11.200003
v 7.190004 19.260004 11.200003
v 7.290004 19.260004 11.210003
v 7.290004 19.260004 11.210003
v 7.110004 19.260004 11.300003
v 7.110004 19.260004 11.300003
v 7.110004 19.260004 11.300003
v 7.110004 19.120005 11.300003
v 7.110004 19.120005 11.300003
v 7.110004 19.120005 11.300003
v 7.250004 19.120005 9.780003
v 7.250004 19.120005 9.780003
v 7.250004 19.120005 9.780003
v 7.250004 19.260004 9.780003
v 7.250004 19.260004 9.780003
v 7.250004 19.260004 9.780003
v 12.260006 27.210003 6.540004
v 12.260006 27.210003 6.540004
v 12.260006 27.210003 6.540004
v 12.690005 27.520002 6.530004
v 12.690005 27.520002 6.530004
v 12.690005 27.520002 6.530004
v 12.690005 27.520002 6.530004
v 12.690005 26.210001 6.530004
v 12.690005 26.210001 6.530004
v 12.690005 26.210001 6.530004
v 12.690005 26.210001 6.530004
v 12.260006 26.240004 6.540003
v 12.260006 26.240004 6.540003
v 12.260006 26.240004 6.540003
v 11.920006 26.260004 6.630004
v 11.920006 26.260004 6.630004
v 11.930006 26.260004 6.530004
v 11.930006 26.260004 6.530004
v 11.930006 26.120005 6.530004
v 11.930006 26.120005 6.530004
v 11.920006 26.120005 6.630003
v 11.920006 26.120005 6.630003
v 12.690005 27.750002 6.560004
v 12.690005 27.750002 6.560004
v 12.690005 27.750002 6.560004
v 12.700006 27.750002 6.460004
v 12.700006 27.750002 6.460004
v 12.700006 27.750002 6.460004
v 12.700006 27.750002 6.460004
v 12.040006 27.300003 6.510004
v 12.040006 27.300003 6.510004
v 12.040006 27.300003 6.510004
v 12.040006 27.300003 6.510004
v 12.030005 27.300003 6.600004
v 12.030005 27.300003 6.600004
v 13.440005 26.120003 6.760004
v 13.440005 26.120003 6.760004
v 13.450006 26.120003 6.670003
v 13.450006 26.120003 6.670003
v 13.450006 26.260002 6.670003
v 13.450006 26.260002 6.670003
v 13.440005 26.260002 6.760004
v 13.440005 26.260002 6.760004
v 12.690005 26.070002 6.560003
v 12.690005 26.070002 6.560003
v 12.700006 26.070002 6.460003
v 12.700006 26.070002 6.460003
v 13.340006 26.120003 6.620003
v 13.340006 26.120003 6.620003
v 13.340006 26.120003 6.720003
v 13.340006 26.120003 6.720003
v 12.050006 26.120005 6.400003
v 12.050006 26.120005 6.400003
v 12.050006 26.120005 6.400003
v 12.050006 26.120005 6.400003
v 12.050006 26.120005 6.400003
v 12.050006 26.260004 6.400003
v 12.050006 26.260004 6.400003
v 12.050006 26.260004 6.400003
v 12.050006 26.260004 6.400003
v 12.280005 26.240004 6.360003
v 12.280005 26.240004 6.360003
v 12.280005 26.240004 6.360003
v 12.280005 26.240004 6.360003
v 12.700006 27.520002 6.460004
v 12.700006 27.520002 6.460004
v 12.700006 27.520002 6.460004
v 12.700006 27.520002 6.460004
v 12.270006 27.210003 6.470004
v 12.270006 27.210003 6.470004
v 12.270006 27.210003 6.470004
v 12.270006 27.210003 6.470004
v 13.350006 26.260002 6.510004
v 13.350006 26.260002 6.510004
v 13.350006 26.260002 6.510004
v 13.350006 26.260002 6.510004
v 13.350006 26.120003 6.510004
v 13.350006 26.120003 6.510004
v 13.350006 26.120003 6.510004
v 13.350006 26.120003 6.510004
v 13.350006 26.120003 6.510004
v 13.130006 26.250002 6.430003
v 13.130006 26.250002 6.430003
v 13.130006 26.250002 6.430003
v 12.710006 26.070002 6.350003
v 12.710006 26.070002 6.350003
v 12.710006 26.070002 6.350003
v 12.710006 26.070002 6.350003
v 12.710006 26.210001 6.350003
v 12.710006 26.210001 6.350003
v 12.710006 26.210001 6.350003
v 12.710006 26.210001 6.350003
v 13.120006 27.210001 6.610004
v 13.120006 27.210001 6.610004
v 13.120006 27.210001 6.610004
v 13.120006 26.250002 6.610003
v 13.120006 26.250002 6.610003
v 13.120006 26.250002 6.610003
v 13.340006 27.300001 6.720004
v 13.340006 27.300001 6.720004
v 13.340006 27.300001 6.620004
v 13.340006 27.300001 6.620004
v 13.340006 27.300001 6.620004
v 13.340006 27.300001 6.620004
v 12.030005 26.120005 6.600003
v 12.030005 26.120005 6.600003
v 12.040006 26.120005 6.510004
v 12.040006 26.120005 6.510004
v 13.120006 27.210001 6.540004
v 13.120006 27.210001 6.540004
v 13.120006 27.210001 6.540004
v 13.120006 27.210001 6.540004
v 12.270006 26.240004 6.470003
v 12.270006 26.240004 6.470003
v 12.270006 26.240004 6.470003
v 12.270006 26.240004 6.470003
v 13.120006 26.250002 6.540003
v 13.120006 26.250002 6.540003
v 13.120006 26.250002 6.540003
v 12.700006 26.210001 6.460003
v 12.700006 26.210001 6.460003
v 13.340006 26.260002 6.620003
v 13.340006 26.260002 6.620003
v 13.340006 26.260002 6.620003
v 13.340006 26.260002 6.620003
v 13.340006 26.260002 6.720003
v 13.340006 26.260002 6.720003
v 12.040006 26.260004 6.510004
v 12.040006 26.260004 6.510004
v 12.040006 26.260004 6.510004
v 12.040006 26.260004 6.510004
v 12.030005 26.260004 6.600003
v 12.030005 26.260004 6.600003
v 11.940005 26.260004 6.430004
v 11.940005 26.260004 6.430004
v 11.940005 26.260004 6.430004
v 11.940005 26.120005 6.430003
v 11.940005 26.120005 6.430003
v 11.940005 26.120005 6.430003
v 13.460006 26.120003 6.560003
v 13.460006 26.120003 6.560003
v 13.460006 26.120003 6.560003
v 13.460006 26.260002 6.560003
v 13.460006 26.260002 6.560003
v 13.460006 26.260002 6.560003
v 16.150005 12.700002 9.150002
v 16.150005 12.700002 9.150002
v 15.670006 12.700002 8.340002
v 15.670006 12.700002 8.340002
v 16.390005 14.280002 7.920002
v 16.390005 14.280002 7.920002
v 16.390005 14.280002 7.920002
v 16.860006 14.280002 8.740002
v 16.860006 14.280002 8.740002
v 16.860006 14.280002 8.740002
v 17.170006 17.340002 8.570002
v 17.170006 17.340002 8.570002
v 17.170006 17.340002 8.570002
v 16.210005 17.340002 9.120002
v 16.690006 17.340002 7.750002
v 16.690006 17.340002 7.750002
v 15.740005 17.340002 8.300002
v 12.260005 20.210001 5.340003
v 12.260005 20.210001 5.340003
v 12.260005 20.210001 5.340003
v 12.690004 20.520000 5.330002
v 12.690004 20.520000 5.330002
v 12.690004 20.520000 5.330002
v 12.690004 20.520000 5.330002
v 12.690004 19.209999 5.330002
v 12.690004 19.209999 5.330002
v 12.690004 19.209999 5.330002
v 12.690004 19.209999 5.330002
v 12.260005 19.230001 5.340002
v 12.260005 19.230001 5.340002
v 12.260005 19.230001 5.340002
v 11.920005 19.260002 5.430002
v 11.920005 19.260002 5.430002
v 11.930005 19.260002 5.330002
v 11.930005 19.260002 5.330002
v 11.930005 19.120003 5.330002
v 11.930005 19.120003 5.330002
v 11.920005 19.120003 5.430002
v 11.920005 19.120003 5.430002
v 12.690004 20.750000 5.360003
v 12.690004 20.750000 5.360003
v 12.700005 20.750000 5.260003
v 12.700005 20.750000 5.260003
v 12.700005 20.750000 5.260003
v 12.700005 20.750000 5.260003
v 12.040005 20.290003 5.300003
v 12.040005 20.290003 5.300003
v 12.040005 20.290003 5.300003
v 12.040005 20.290003 5.300003
v 12.030005 20.290003 5.400002
v 12.030005 20.290003 5.400002
v 13.440004 19.120001 5.560002
v 13.440004 19.120001 5.560002
v 13.450005 19.120001 5.470002
v 13.450005 19.120001 5.470002
v 13.450005 19.260000 5.470002
v 13.450005 19.260000 5.470002
v 13.440004 19.260000 5.560002
v 13.440004 19.260000 5.560002
v 12.690004 19.070000 5.360002
v 12.690004 19.070000 5.360002
v 12.700005 19.070000 5.260002
v 12.700005 19.070000 5.260002
v 13.340005 19.120001 5.420002
v 13.340005 19.120001 5.420002
v 13.340005 19.120001 5.520002
v 13.340005 19.120001 5.520002
v 12.050005 19.120003 5.200002
v 12.050005 19.120003 5.200002
v 12.050005 19.120003 5.200002
v 12.050005 19.120003 5.200002
v 12.050005 19.120003 5.200002
v 12.050005 19.260002 5.200002
v 12.050005 19.260002 5.200002
v 12.050005 19.260002 5.200002
v 12.050005 19.260002 5.200002
v 12.280005 19.230001 5.160002
v 12.280005 19.230001 5.160002
v 12.280005 19.230001 5.160002
v 12.280005 19.230001 5.160002
v 12.700005 20.520000 5.260003
v 12.700005 20.520000 5.260003
v 12.700005 20.520000 5.260003
v 12.700005 20.520000 5.260003
v 12.270005 20.210001 5.260003
v 12.270005 20.210001 5.260003
v 12.270005 20.210001 5.260003
v 12.270005 20.210001 5.260003
v 13.350005 19.260000 5.310002
v 13.350005 19.260000 5.310002
v 13.350005 19.260000 5.310002
v 13.350005 19.260000 5.310002
v 13.350005 19.120001 5.310002
v 13.350005 19.120001 5.310002
v 13.350005 19.120001 5.310002
v 13.350005 19.120001 5.310002
v 13.350005 19.120001 5.310002
v 13.130005 19.240000 5.230002
v 13.130005 19.240000 5.230002
v 13.130005 19.240000 5.230002
v 12.710005 19.070000 5.150002
v 12.710005 19.070000 5.150002
v 12.710005 19.070000 5.150002
v 12.710005 19.070000 5.150002
v 12.710005 19.209999 5.150002
v 12.710005 19.209999 5.150002
v 12.710005 19.209999 5.150002
v 12.710005 19.209999 5.150002
v 13.120005 20.209999 5.410002
v 13.120005 20.209999 5.410002
v 13.120005 20.209999 5.410002
v 13.120005 19.240000 5.410002
v 13.120005 19.240000 5.410002
v 13.120005 19.240000 5.410002
v 13.340005 20.290001 5.520002
v 13.340005 20.290001 5.520002
v 13.340005 20.290001 5.420002
v 13.340005 20.290001 5.420002
v 13.340005 20.290001 5.420002
v 13.340005 20.290001 5.420002
v 12.030005 19.120003 5.400002
v 12.030005 19.120003 5.400002
v 12.040005 19.120003 5.300002
v 12.040005 19.120003 5.300002
v 13.120005 20.209999 5.340003
v 13.120005 20.209999 5.340003
v 13.120005 20.209999 5.340003
v 13.120005 20.209999 5.340003
v 12.270005 19.230001 5.260002
v 12.270005 19.230001 5.260002
v 12.270005 19.230001 5.260002
v 12.270005 19.230001 5.260002
v 13.120005 19.240000 5.340002
v 13.120005 19.240000 5.340002
v 13.120005 19.240000 5.340002
v 12.700005 19.209999 5.260002
v 12.700005 19.209999 5.260002
v 13.340005 19.260000 5.420002
v 13.340005 19.260000 5.420002
v 13.340005 19.260000 5.420002
v 13.340005 19.260000 5.420002
v 13.340005 19.260000 5.520002
v 13.340005 19.260000 5.520002
v 12.040005 19.260002 5.300003
v 12.040005 19.260002 5.300003
v 12.040005 19.260002 5.300003
v 12.040005 19.260002 5.300003
v 12.030005 19.260002 5.400002
v 12.030005 19.260002 5.400002
v 11.940004 19.260002 5.230002
v 11.940004 19.260002 5.230002
v 11.940004 19.260002 5.230002
v 11.940004 19.120003 5.230002
v 11.940004 19.120003 5.230002
v 11.940004 19.120003 5.230002
v 13.460005 19.120001 5.360002
v 13.460005 19.120001 5.360002
v 13.460005 19.120001 5.360002
v 13.460005 19.260000 5.360002
v 13.460005 19.260000 5.360002
v 13.460005 19.260000 5.360002
v 15.890007 23.340002 8.840003
v 15.890007 23.340002 8.840003
v 15.890007 23.340002 8.840003
v 15.350007 23.340002 8.060003
v 15.350007 23.340002 8.060003
v 16.030006 24.920004 7.590003
v 16.030006 24.920004 7.590003
v 16.030006 24.920004 7.590003
v 16.570005 24.920004 8.360003
v 16.570005 24.920004 8.360003
v 16.570005 24.920004 8.360003
v 16.500006 28.410004 8.430004
v 16.500006 28.410004 8.430004
v 16.500006 28.410004 8.430004
v 15.600007 28.410004 9.060004
v 15.960007 28.410004 7.660003
v 15.960007 28.410004 7.660003
v 15.060007 28.410004 8.290004
v 16.700006 27.210003 10.370004
v 16.700006 27.210003 10.370004
v 16.700006 27.210003 10.370004
v 16.710005 27.520004 10.800004
v 16.710005 27.520004 10.800004
v 16.710005 27.520004 10.800004
v 16.710005 27.520004 10.800004
v 16.710005 26.210003 10.800003
v 16.710005 26.210003 10.800003
v 16.710005 26.210003 10.800003
v 16.710005 26.210003 10.800003
v 16.700006 26.240004 10.370003
v 16.700006 26.240004 10.370003
v 16.700006 26.240004 10.370003
v 16.610006 26.260004 10.030003
v 16.610006 26.260004 10.030003
v 16.710005 26.260004 10.040003
v 16.710005 26.260004 10.040003
v 16.710005 26.120005 10.040003
v 16.710005 26.120005 10.040003
v 16.610006 26.120005 10.030003
v 16.610006 26.120005 10.030003
v 16.690006 27.750004 10.800004
v 16.690006 27.750004 10.800004
v 16.780006 27.750004 10.810004
v 16.780006 27.750004 10.810004
v 16.780006 27.750004 10.810004
v 16.780006 27.750004 10.810004
v 16.740005 27.300003 10.150003
v 16.740005 27.300003 10.150003
v 16.740005 27.300003 10.150003
v 16.740005 27.300003 10.150003
v 16.640005 27.300003 10.150003
v 16.640005 27.300003 10.150003
v 16.480005 26.120005 11.550003
v 16.480005 26.120005 11.550003
v 16.580006 26.120005 11.560003
v 16.580006 26.120005 11.560003
v 16.580006 26.260004 11.560003
v 16.580006 26.260004 11.560003
v 16.480005 26.260004 11.550003
v 16.480005 26.260004 11.550003
v 16.690006 26.070004 10.800003
v 16.690006 26.070004 10.800003
v 16.780006 26.070004 10.810003
v 16.780006 26.070004 10.810003
v 16.620007 26.120005 11.450003
v 16.620007 26.120005 11.450003
v 16.530006 26.120005 11.450003
v 16.530006 26.120005 11.450003
v 16.840006 26.120005 10.160003
v 16.840006 26.120005 10.160003
v 16.840006 26.120005 10.160003
v 16.840006 26.120005 10.160003
v 16.840006 26.120005 10.160003
v 16.840006 26.260004 10.160003
v 16.840006 26.260004 10.160003
v 16.840006 26.260004 10.160003
v 16.840006 26.260004 10.160003
v 16.880005 26.240004 10.390003
v 16.880005 26.240004 10.390003
v 16.880005 26.240004 10.390003
v 16.880005 26.240004 10.390003
v 16.780006 27.520004 10.810004
v 16.780006 27.520004 10.810004
v 16.780006 27.520004 10.810004
v 16.780006 27.520004 10.810004
v 16.780006 27.210003 10.380004
v 16.780006 27.210003 10.380004
v 16.780006 27.210003 10.380004
v 16.780006 27.210003 10.380004
v 16.730005 26.260004 11.460003
v 16.730005 26.260004 11.460003
v 16.730005 26.260004 11.460003
v 16.730005 26.260004 11.460003
v 16.730005 26.120005 11.460003
v 16.730005 26.120005 11.460003
v 16.730005 26.120005 11.460003
v 16.730005 26.120005 11.460003
v 16.730005 26.120005 11.460003
v 16.810005 26.250004 11.240003
v 16.810005 26.250004 11.240003
v 16.810005 26.250004 11.240003
v 16.810005 26.250004 11.240003
v 16.890005 26.070004 10.820003
v 16.890005 26.070004 10.820003
v 16.890005 26.070004 10.820003
v 16.890005 26.070004 10.820003
v 16.890005 26.210003 10.820003
v 16.890005 26.210003 10.820003
v 16.890005 26.210003 10.820003
v 16.890005 26.210003 10.820003
v 16.630005 27.210003 11.230003
v 16.630005 27.210003 11.230003
v 16.630005 27.210003 11.230003
v 16.630005 26.250004 11.230002
v 16.630005 26.250004 11.230002
v 16.630005 26.250004 11.230002
v 16.530006 27.300003 11.450004
v 16.530006 27.300003 11.450004
v 16.620007 27.300003 11.450004
v 16.620007 27.300003 11.450004
v 16.620007 27.300003 11.450004
v 16.620007 27.300003 11.450004
v 16.640005 26.120005 10.150002
v 16.640005 26.120005 10.150002
v 16.740005 26.120005 10.150002
v 16.740005 26.120005 10.150002
v 16.700006 27.210003 11.230003
v 16.700006 27.210003 11.230003
v 16.700006 27.210003 11.230003
v 16.700006 27.210003 11.230003
v 16.780006 26.240004 10.380003
v 16.780006 26.240004 10.380003
v 16.780006 26.240004 10.380003
v 16.780006 26.240004 10.380003
v 16.700006 26.250004 11.230002
v 16.700006 26.250004 11.230002
v 16.700006 26.250004 11.230002
v 16.700006 26.250004 11.230002
v 16.780006 26.210003 10.810003
v 16.780006 26.210003 10.810003
v 16.620007 26.260004 11.450003
v 16.620007 26.260004 11.450003
v 16.620007 26.260004 11.450003
v 16.620007 26.260004 11.450003
v 16.530006 26.260004 11.450003
v 16.530006 26.260004 11.450003
v 16.740005 26.260004 10.150002
v 16.740005 26.260004 10.150002
v 16.740005 26.260004 10.150002
v 16.740005 26.260004 10.150002
v 16.640005 26.260004 10.150002
v 16.640005 26.260004 10.150002
v 16.820005 26.260004 10.050003
v 16.820005 26.260004 10.050003
v 16.820005 26.260004 10.050003
v 16.820005 26.120005 10.050003
v 16.820005 26.120005 10.050003
v 16.820005 26.120005 10.050003
v 16.680006 26.120005 11.570003
v 16.680006 26.120005 11.570003
v 16.680006 26.120005 11.570003
v 16.680006 26.260004 11.570003
v 16.680006 26.260004 11.570003
v 16.680006 26.260004 11.570003
v 15.670006 12.700003 13.020003
v 15.670006 12.700003 13.020003
v 16.150005 12.700003 12.200003
v 16.150005 12.700003 12.200003
v 16.860006 14.280003 12.610003
v 16.860006 14.280003 12.610003
v 16.860006 14.280003 12.610003
v 16.390007 14.280003 13.430003
v 16.390007 14.280003 13.430003
v 16.390007 14.280003 13.430003
v 16.690008 17.340002 13.610003
v 16.690008 17.340002 13.610003
v 16.690008 17.340002 13.610003
v 15.740005 17.340002 13.060003
v 17.170008 17.340002 12.790003
v 17.170008 17.340002 12.790003
v 16.210005 17.340002 12.240003
v 16.830008 28.500004 13.140005
v 16.830008 28.500004 13.140005
v 17.490005 28.500004 10.680004
v 17.490005 28.500004 10.680004
v 17.490005 30.290005 10.680004
v 17.490005 30.290005 10.680004
v 17.490005 30.290005 10.680004
v 17.490005 30.290005 10.680004
v 16.830008 30.290005 13.140005
v 16.830008 30.290005 13.140005
v 16.830008 30.290005 13.140005
v 16.830008 30.290005 13.140005
v 15.030006 28.500004 14.940004
v 15.030006 28.500004 14.940004
v 15.030006 30.290005 14.940004
v 15.030006 30.290005 14.940004
v 15.030006 30.290005 14.940004
v 15.030006 30.290005 14.940004
v 12.570005 28.500006 15.600005
v 12.570005 28.500006 15.600005
v 12.570005 30.290007 15.600005
v 12.570005 30.290007 15.600005
v 12.570005 30.290007 15.600005
v 12.570005 30.290007 15.600005
v 10.100006 28.500006 14.940004
v 10.100006 28.500006 14.940004
v 10.100006 30.290007 14.940004
v 10.100006 30.290007 14.940004
v 10.100006 30.290007 14.940004
v 10.100006 30.290007 14.940004
v 8.300005 28.500006 13.140005
v 8.300005 28.500006 13.140005
v 8.300005 30.290007 13.140006
v 8.300005 30.290007 13.140006
v 8.300005 30.290007 13.140006
v 8.300005 30.290007 13.140006
v 7.640005 28.500006 10.680004
v 7.640005 28.500006 10.680004
v 7.640005 30.290007 10.680005
v 7.640005 30.290007 10.680005
v 7.640005 30.290007 10.680005
v 7.640005 30.290007 10.680005
v 8.300005 28.500006 8.210004
v 8.300005 28.500006 8.210004
v 8.300005 30.290007 8.210005
v 8.300005 30.290007 8.210005
v 8.300005 30.290007 8.210005
v 8.300005 30.290007 8.210005
v 10.100006 28.500004 6.410004
v 10.100006 28.500004 6.410004
v 10.100006 30.290005 6.410004
v 10.100006 30.290005 6.410004
v 10.100006 30.290005 6.410004
v 10.100006 30.290005 6.410004
v 12.570004 28.500004 5.750003
v 12.570004 28.500004 5.750003
v 12.570004 30.290005 5.750004
v 12.570004 30.290005 5.750004
v 12.570004 30.290005 5.750004
v 12.570004 30.290005 5.750004
v 15.030006 28.500002 6.410004
v 15.030006 28.500002 6.410004
v 15.030006 30.290003 6.410004
v 15.030006 30.290003 6.410004
v 15.030006 30.290003 6.410004
v 15.030006 30.290003 6.410004
v 16.830006 28.500004 8.210004
v 16.830006 28.500004 8.210004
v 16.830006 30.290005 8.210004
v 16.830006 30.290005 8.210004
v 16.830006 30.290005 8.210004
v 16.830006 30.290005 8.210004
v 16.780006 30.290005 10.680004
v 16.780006 30.290005 10.680004
v 16.780006 30.290005 10.680004
v 16.780006 30.290005 10.680004
v 16.210007 30.290005 12.780005
v 16.210007 30.290005 12.780005
v 16.210007 30.290005 12.780005
v 16.210007 30.290005 12.780005
v 15.030006 30.900003 14.940004
v 15.030006 30.900003 14.940004
v 15.030006 30.900003 14.940004
v 16.830008 30.900003 13.140005
v 16.830008 30.900003 13.140005
v 16.830008 30.900003 13.140005
v 16.210007 30.900003 12.780005
v 16.210007 30.900003 12.780005
v 16.210007 30.900003 12.780005
v 14.670007 30.900003 14.320004
v 14.670007 30.900003 14.320004
v 14.670007 30.900003 14.320004
v 14.670007 30.290005 14.320004
v 14.670007 30.290005 14.320004
v 14.670007 30.290005 14.320004
v 14.670007 30.290005 14.320004
v 12.570005 30.290007 14.890005
v 12.570005 30.290007 14.890005
v 12.570005 30.290007 14.890005
v 12.570005 30.290007 14.890005
v 10.100006 30.900005 14.940005
v 10.100006 30.900005 14.940005
v 10.100006 30.900005 14.940005
v 12.570005 30.900005 15.600005
v 12.570005 30.900005 15.600005
v 12.570005 30.900005 15.600005
v 12.570005 30.900005 14.890005
v 12.570005 30.900005 14.890005
v 12.570005 30.900005 14.890005
v 10.460006 30.900005 14.320005
v 10.460006 30.900005 14.320005
v 10.460006 30.900005 14.320005
v 10.460006 30.290007 14.320004
v 10.460006 30.290007 14.320004
v 10.460006 30.290007 14.320004
v 10.460006 30.290007 14.320004
v 8.920005 30.290007 12.780005
v 8.920005 30.290007 12.780005
v 8.920005 30.290007 12.780005
v 8.920005 30.290007 12.780005
v 7.640005 30.900005 10.680005
v 7.640005 30.900005 10.680005
v 7.640005 30.900005 10.680005
v 8.300005 30.900005 13.140006
v 8.300005 30.900005 13.140006
v 8.300005 30.900005 13.140006
v 8.920005 30.900005 12.780005
v 8.920005 30.900005 12.780005
v 8.920005 30.900005 12.780005
v 8.360004 30.900005 10.680005
v 8.360004 30.900005 10.680005
v 8.360004 30.900005 10.680005
v 8.360004 30.290007 10.680005
v 8.360004 30.290007 10.680005
v 8.360004 30.290007 10.680005
v 8.360004 30.290007 10.680005
v 8.920005 30.290007 8.570004
v 8.920005 30.290007 8.570004
v 8.920005 30.290007 8.570004
v 8.920005 30.290007 8.570004
v 10.100006 30.900003 6.410004
v 10.100006 30.900003 6.410004
v 10.100006 30.900003 6.410004
v 8.300005 30.900005 8.210005
v 8.300005 30.900005 8.210005
v 8.300005 30.900005 8.210005
v 8.920005 30.900005 8.570004
v 8.920005 30.900005 8.570004
v 8.920005 30.900005 8.570004
v 10.460006 30.900003 7.030005
v 10.460006 30.900003 7.030005
v 10.460006 30.900003 7.030005
v 10.460006 30.290005 7.030005
v 10.460006 30.290005 7.030005
v 10.460006 30.290005 7.030005
v 10.460006 30.290005 7.030005
v 12.570005 30.290005 6.470004
v 12.570005 30.290005 6.470004
v 12.570005 30.290005 6.470004
v 12.570005 30.290005 6.470004
v 15.030006 30.900002 6.410004
v 15.030006 30.900002 6.410004
v 15.030006 30.900002 6.410004
v 12.570004 30.900003 5.750004
v 12.570004 30.900003 5.750004
v 12.570004 30.900003 5.750004
v 12.570005 30.900003 6.470004
v 12.570005 30.900003 6.470004
v 12.570005 30.900003 6.470004
v 14.670007 30.900002 7.030004
v 14.670007 30.900002 7.030004
v 14.670007 30.900002 7.030004
v 14.670007 30.290003 7.030004
v 14.670007 30.290003 7.030004
v 14.670007 30.290003 7.030004
v 14.670007 30.290003 7.030004
v 16.210005 30.290005 8.570004
v 16.210005 30.290005 8.570004
v 16.210005 30.290005 8.570004
v 16.210005 30.290005 8.570004
v 17.490005 30.900003 10.680004
v 17.490005 30.900003 10.680004
v 17.490005 30.900003 10.680004
v 16.830006 30.900003 8.210004
v 16.830006 30.900003 8.210004
v 16.830006 30.900003 8.210004
v 16.210005 30.900003 8.570004
v 16.210005 30.900003 8.570004
v 16.210005 30.900003 8.570004
v 16.780006 30.900003 10.680004
v 16.780006 30.900003 10.680004
v 16.780006 30.900003 10.680004
v 16.780006 29.420004 10.680004
v 16.780006 29.420004 10.680004
v 16.780006 29.420004 10.680004
v 16.210007 29.420004 12.780005
v 16.210007 29.420004 12.780005
v 16.210007 29.420004 12.780005
v 14.670007 29.420004 14.320004
v 14.670007 29.420004 14.320004
v 14.670007 29.420004 14.320004
v 12.570005 29.420006 14.890005
v 12.570005 29.420006 14.890005
v 12.570005 29.420006 14.890005
v 10.460006 29.420006 14.320004
v 10.460006 29.420006 14.320004
v 10.460006 29.420006 14.320004
v 8.920005 29.420006 12.780005
v 8.920005 29.420006 12.780005
v 8.920005 29.420006 12.780005
v 8.360004 29.420006 10.680004
v 8.360004 29.420006 10.680004
v 8.360004 29.420006 10.680004
v 8.920005 29.420006 8.570004
v 8.920005 29.420006 8.570004
v 8.920005 29.420006 8.570004
v 10.460006 29.420004 7.030005
v 10.460006 29.420004 7.030005
v 10.460006 29.420004 7.030005
v 12.570005 29.420004 6.470004
v 12.570005 29.420004 6.470004
v 12.570005 29.420004 6.470004
v 14.670007 29.420002 7.030004
v 14.670007 29.420002 7.030004
v 14.670007 29.420002 7.030004
v 16.210005 29.420004 8.570004
v 16.210005 29.420004 8.570004
v 16.210005 29.420004 8.570004
v 12.570005 29.420006 10.680004
v -15.690003 11.780000 -11.979998
v -15.690003 11.780000 -11.979998
v -15.690003 11.780000 -11.979998
v -15.690001 11.780004 12.460005
v -15.690001 11.780004 12.460005
v -15.690001 11.780004 12.460005
v -10.740001 17.790005 7.400004
v -10.740001 17.790005 7.400004
v -10.740001 17.790005 7.400004
v -10.740003 17.790001 -7.399998
v -10.740003 17.790001 -7.399998
v -10.740003 17.790001 -7.399998
v 15.690005 11.780002 12.460002
v 15.690005 11.780002 12.460002
v 15.690005 11.780002 12.460002
v 10.740005 17.790005 7.400002
v 10.740005 17.790005 7.400002
v 10.740005 17.790005 7.400002
v 15.690003 11.779998 -11.980000
v 15.690003 11.779998 -11.980000
v 15.690003 11.779998 -11.980000
v 10.740003 17.790001 -7.400000
v 10.740003 17.790001 -7.400000
v 10.740003 17.790001 -7.400000
v -12.890004 -0.000001 -11.030000
v -12.890004 -0.000001 -11.030000
v -12.890002 0.000002 11.030002
v -12.890002 0.000002 11.030002
v -12.890001 11.780004 11.030004
v -12.890001 11.780004 11.030004
v -12.890001 11.780004 11.030004
v -12.890003 11.780000 -11.029998
v -12.890003 11.780000 -11.029998
v -12.890003 11.780000 -11.029998
v 12.890004 0.000001 11.030000
v 12.890004 0.000001 11.030000
v 12.890005 11.780002 11.030002
v 12.890005 11.780002 11.030002
v 12.890005 11.780002 11.030002
v 23.420006 -0.000001 6.759999
v 23.420006 -0.000001 6.759999
v 23.420006 -0.000003 -6.760003
v 23.420006 -0.000003 -6.760003
v 23.420006 6.949998 -6.760002
v 23.420006 6.949998 -6.760002
v 23.420006 6.949998 -6.760002
v 23.420006 6.950000 6.760000
v 23.420006 6.950000 6.760000
v 23.420006 6.950000 6.760000
v 12.890002 -0.000002 -11.030002
v 12.890002 -0.000002 -11.030002
v 12.890003 11.779998 -11.030000
v 12.890003 11.779998 -11.030000
v 12.890003 11.779998 -11.030000
v -8.740001 17.790003 3.620003
v -8.740001 17.790003 3.620003
v -8.740001 17.790003 3.620003
v -8.740001 17.790003 -3.619997
v -8.740001 17.790003 -3.619997
v -8.740001 17.790003 -3.619997
v 8.740003 17.790003 3.620002
v 8.740003 17.790003 3.620002
v 8.740003 17.790003 3.620002
v 8.740003 17.790003 -3.619999
v 8.740003 17.790003 -3.619999
v 8.740003 17.790003 -3.619999
v 12.890003 6.949999 -6.760001
v 12.890003 6.949999 -6.760001
v 12.890003 6.949999 -6.760001
v 12.890002 -0.000002 -6.760002
v 12.890002 -0.000002 -6.760002
v 12.890005 6.950001 6.760001
v 12.890005 6.950001 6.760001
v 12.890005 6.950001 6.760001
v 12.890004 -0.000000 6.760000
v 12.890004 -0.000000 6.760000
v 9.460002 12.700000 -7.570000
v 9.460002 12.700000 -7.570000
v 9.460002 12.700000 -7.570000
v 8.740002 14.280000 -7.159999
v 8.740002 14.280000 -7.159999
v 8.740002 14.280000 -7.159999
v 8.270002 14.280000 -7.980000
v 8.270002 14.280000 -7.980000
v 8.270002 14.280000 -7.980000
v 8.270002 14.280000 -7.980000
v 8.980001 12.700000 -8.390000
v 8.980001 12.700000 -8.390000
v 9.390002 17.340000 -7.530000
v 8.440001 17.340002 -6.979999
v 8.440001 17.340002 -6.979999
v 7.970003 17.340000 -7.799999
v 7.970003 17.340000 -7.799999
v 8.920002 17.340000 -8.349999
v 9.310004 28.150003 0.000003
v 9.310004 28.150003 0.000003
v 9.310004 23.300001 -4.539998
v 9.310004 23.300001 -4.539998
v 9.310004 23.300001 -4.539998
v 0.000001 22.650002 -4.299998
v 0.000001 22.650002 -4.299998
v 0.000001 22.650002 -4.299998
v 0.110002 25.840004 0.000003
v 9.310004 27.720003 0.000003
v 9.310004 22.870003 -4.549998
v 9.310004 22.870003 -4.549998
v 0.000001 22.230001 -4.309998
v 0.000001 22.230001 -4.309998
v 0.000002 22.650002 4.300004
v 0.000002 22.650002 4.300004
v 0.000002 22.650002 4.300004
v 9.310004 23.300001 4.540003
v 9.310004 23.300001 4.540003
v 9.310004 23.300001 4.540003
v 9.310004 22.870003 4.550003
v 9.310004 22.870003 4.550003
v 0.000002 22.230001 4.310003
v 0.000002 22.230001 4.310003
v -9.310000 28.150003 0.000004
v -9.310000 28.150003 0.000004
v -9.310000 23.300001 -4.539997
v -9.310000 23.300001 -4.539997
v -9.310000 23.300001 -4.539997
v -9.310000 27.720003 0.000004
v -9.310000 22.870003 -4.549997
v -9.310000 22.870003 -4.549997
v -9.310000 23.300001 4.540004
v -9.310000 23.300001 4.540004
v -9.310000 23.300001 4.540004
v -9.310000 22.870003 4.550004
v -9.310000 22.870003 4.550004
v -4.759999 26.710003 0.630004
v -4.759999 26.710003 0.630004
v -4.759999 26.710003 0.630004
v -5.869999 26.950005 0.630004
v -5.869999 26.950005 0.630004
v -5.869999 26.950005 0.630004
v -5.909999 26.750004 0.630004
v -4.799999 26.520004 0.630004
v -4.799999 26.520004 0.630004
v -4.679999 27.100004 0.110004
v -4.679999 27.100004 0.110004
v -4.679999 27.100004 0.110004
v -4.679999 27.100004 0.110004
v -5.789999 27.340004 0.110004
v -5.789999 27.340004 0.110004
v -4.719999 26.910004 0.110004
v -4.719999 26.910004 0.110004
v -5.789999 27.350004 0.000004
v -5.789999 27.350004 0.000004
v -4.679999 27.120005 0.000004
v -4.679999 27.120005 0.000004
v -4.679999 27.120005 0.000004
v -4.719999 26.930004 0.000004
v -5.909999 26.750004 -0.629996
v -5.869999 26.950005 -0.629996
v -5.869999 26.950005 -0.629996
v -4.759999 26.710003 -0.629996
v -4.759999 26.710003 -0.629996
v -4.759999 26.710003 -0.629996
v -4.799999 26.520004 -0.629996
v -4.799999 26.520004 -0.629996
v -5.789999 27.340004 -0.109996
v -5.789999 27.340004 -0.109996
v -4.679999 27.100004 -0.109996
v -4.679999 27.100004 -0.109996
v -4.679999 27.100004 -0.109996
v -4.719999 26.910004 -0.109996
v -4.719999 26.910004 -0.109996
v -3.879999 26.490004 0.630004
v -3.879999 26.490004 0.630004
v -3.879999 26.490004 0.630004
v -4.999999 26.690004 0.630004
v -4.999999 26.690004 0.630004
v -4.999999 26.690004 0.630004
v -5.030000 26.490004 0.630004
v -3.909999 26.300003 0.630004
v -3.909999 26.300003 0.630004
v -3.809999 26.890003 0.110004
v -3.809999 26.890003 0.110004
v -3.809999 26.890003 0.110004
v -3.809999 26.890003 0.110004
v -4.929999 27.080004 0.110004
v -4.929999 27.080004 0.110004
v -3.839999 26.690004 0.110004
v -3.839999 26.690004 0.110004
v -4.919999 27.090004 0.000004
v -4.919999 27.090004 0.000004
v -3.809999 26.900003 0.000004
v -3.809999 26.900003 0.000004
v -3.809999 26.900003 0.000004
v -3.839999 26.710003 0.000004
v -5.030000 26.490004 -0.629996
v -4.999999 26.690004 -0.629996
v -4.999999 26.690004 -0.629996
v -3.879999 26.490004 -0.629996
v -3.879999 26.490004 -0.629996
v -3.879999 26.490004 -0.629996
v -3.909999 26.300003 -0.629996
v -3.909999 26.300003 -0.629996
v -4.929999 27.080004 -0.109996
v -4.929999 27.080004 -0.109996
v -3.809999 26.890003 -0.109996
v -3.809999 26.890003 -0.109996
v -3.809999 26.890003 -0.109996
v -3.839999 26.690004 -0.109996
v -3.839999 26.690004 -0.109996
v -2.889999 26.320004 0.630004
v -2.889999 26.320004 0.630004
v -2.889999 26.320004 0.630004
v -4.009999 26.460003 0.630004
v -4.009999 26.460003 0.630004
v -4.009999 26.460003 0.630004
v -4.039999 26.270004 0.630004
v -2.909999 26.130003 0.630004
v -2.909999 26.130003 0.630004
v -2.839999 26.720003 0.110004
v -2.839999 26.720003 0.110004
v -2.839999 26.720003 0.110004
v -2.839999 26.720003 0.110004
v -3.959999 26.860004 0.110004
v -3.959999 26.860004 0.110004
v -2.859999 26.530005 0.110004
v -2.859999 26.530005 0.110004
v -3.959999 26.870005 0.000004
v -3.959999 26.870005 0.000004
v -2.839999 26.740004 0.000004
v -2.839999 26.740004 0.000004
v -2.839999 26.740004 0.000004
v -2.859999 26.540005 0.000004
v -4.039999 26.270004 -0.629996
v -4.009999 26.460003 -0.629996
v -4.009999 26.460003 -0.629996
v -2.889999 26.320004 -0.629996
v -2.889999 26.320004 -0.629996
v -2.889999 26.320004 -0.629996
v -2.909999 26.130003 -0.629996
v -2.909999 26.130003 -0.629996
v -3.959999 26.860004 -0.109996
v -3.959999 26.860004 -0.109996
v -2.839999 26.720003 -0.109996
v -2.839999 26.720003 -0.109996
v -2.839999 26.720003 -0.109996
v -2.859999 26.530005 -0.109996
v -2.859999 26.530005 -0.109996
v -1.879998 26.150003 0.630004
v -1.879998 26.150003 0.630004
v -1.879998 26.150003 0.630004
v -2.999999 26.290005 0.630004
v -2.999999 26.290005 0.630004
v -2.999999 26.290005 0.630004
v -3.019999 26.090004 0.630004
v -1.899999 25.960003 0.630004
v -1.899999 25.960003 0.630004
v -1.829998 26.550003 0.110004
v -1.829998 26.550003 0.110004
v -1.829998 26.550003 0.110004
v -2.949999 26.690004 0.110004
v -2.949999 26.690004 0.110004
v -1.849998 26.360004 0.110004
v -1.849998 26.360004 0.110004
v -2.949999 26.700005 0.000004
v -2.949999 26.700005 0.000004
v -2.949999 26.700005 0.000004
v -1.829998 26.560003 0.000004
v -1.829998 26.560003 0.000004
v -1.829998 26.560003 0.000004
v -1.849998 26.370005 0.000004
v -3.019999 26.090004 -0.629996
v -2.999999 26.290005 -0.629996
v -2.999999 26.290005 -0.629996
v -1.879998 26.150003 -0.629996
v -1.879998 26.150003 -0.629996
v -1.879998 26.150003 -0.629996
v -1.899999 25.960003 -0.629996
v -1.899999 25.960003 -0.629996
v -2.949999 26.690004 -0.109996
v -2.949999 26.690004 -0.109996
v -1.829998 26.550003 -0.109996
v -1.829998 26.550003 -0.109996
v -1.829998 26.550003 -0.109996
v -1.829998 26.550003 -0.109996
v -1.849998 26.360004 -0.109996
v -1.849998 26.360004 -0.109996
v -0.779998 26.080004 0.630004
v -0.779998 26.080004 0.630004
v -0.779998 26.080004 0.630004
v -1.909998 26.120005 0.630004
v -1.909998 26.120005 0.630004
v -1.909998 26.120005 0.630004
v -1.919999 25.930004 0.630004
v -0.789998 25.890003 0.630004
v -0.789998 25.890003 0.630004
v -0.769998 26.490004 0.110004
v -0.769998 26.490004 0.110004
v -0.769998 26.490004 0.110004
v -0.769998 26.490004 0.110004
v -1.899998 26.520004 0.110004
v -1.899998 26.520004 0.110004
v -0.769998 26.290005 0.110004
v -0.769998 26.290005 0.110004
v -1.899998 26.540005 0.000004
v -1.899998 26.540005 0.000004
v -0.769998 26.500004 0.000004
v -0.769998 26.500004 0.000004
v -0.769998 26.500004 0.000004
v -0.769998 26.300003 0.000004
v -1.919999 25.930004 -0.629996
v -1.909998 26.120005 -0.629996
v -1.909998 26.120005 -0.629996
v -0.779998 26.080004 -0.629996
v -0.779998 26.080004 -0.629996
v -0.779998 26.080004 -0.629996
v -0.789998 25.890003 -0.629997
v -0.789998 25.890003 -0.629997
v -1.899998 26.520004 -0.109996
v -1.899998 26.520004 -0.109996
v -0.769998 26.490004 -0.109996
v -0.769998 26.490004 -0.109996
v -0.769998 26.490004 -0.109996
v -0.769998 26.290005 -0.109996
v -0.769998 26.290005 -0.109996
v 0.350002 26.050003 0.630004
v 0.350002 26.050003 0.630004
v 0.350002 26.050003 0.630004
v -0.779998 26.110004 0.630004
v -0.779998 26.110004 0.630004
v -0.789998 25.910004 0.630004
v 0.340002 25.850004 0.630004
v 0.340002 25.850004 0.630004
v 0.370002 26.450005 0.110004
v 0.370002 26.450005 0.110004
v 0.370002 26.450005 0.110004
v 0.370002 26.450005 0.110004
v -0.759998 26.510004 0.110004
v -0.759998 26.510004 0.110004
v 0.360002 26.250004 0.110004
v 0.360002 26.250004 0.110004
v -0.759998 26.520004 0.000004
v -0.759998 26.520004 0.000004
v 0.380002 26.460003 0.000004
v 0.380002 26.460003 0.000004
v 0.380002 26.460003 0.000004
v 0.370002 26.270004 0.000004
v -0.789998 25.910004 -0.629997
v -0.779998 26.110004 -0.629996
v -0.779998 26.110004 -0.629996
v 0.350002 26.050003 -0.629997
v 0.350002 26.050003 -0.629997
v 0.350002 26.050003 -0.629997
v 0.340002 25.850004 -0.629997
v 0.340002 25.850004 -0.629997
v -0.759998 26.510004 -0.109996
v -0.759998 26.510004 -0.109996
v 0.370002 26.450005 -0.109996
v 0.370002 26.450005 -0.109996
v 0.370002 26.450005 -0.109996
v 0.360002 26.250004 -0.109997
v 0.360002 26.250004 -0.109997
v -6.980000 27.270004 0.630004
v -6.980000 27.270004 0.630004
v -6.980000 27.270004 0.630004
v -8.090000 27.500004 0.630004
v -8.090000 27.500004 0.630004
v -8.090000 27.500004 0.630004
v -8.130000 27.310003 0.630004
v -7.020000 27.080004 0.630004
v -7.020000 27.080004 0.630004
v -6.900000 27.660004 0.110004
v -6.900000 27.660004 0.110004
v -6.900000 27.660004 0.110004
v -6.900000 27.660004 0.110004
v -8.010000 27.900003 0.110004
v -8.010000 27.900003 0.110004
v -6.940000 27.470003 0.110004
v -6.940000 27.470003 0.110004
v -8.000000 27.910004 0.000004
v -8.000000 27.910004 0.000004
v -6.889999 27.680004 0.000004
v -6.889999 27.680004 0.000004
v -6.889999 27.680004 0.000004
v -6.929999 27.480003 0.000004
v -8.130000 27.310003 -0.629996
v -8.090000 27.500004 -0.629996
v -8.090000 27.500004 -0.629996
v -6.980000 27.270004 -0.629996
v -6.980000 27.270004 -0.629996
v -6.980000 27.270004 -0.629996
v -7.020000 27.080004 -0.629996
v -7.020000 27.080004 -0.629996
v -8.010000 27.900003 -0.109996
v -8.010000 27.900003 -0.109996
v -6.900000 27.660004 -0.109996
v -6.900000 27.660004 -0.109996
v -6.900000 27.660004 -0.109996
v -6.940000 27.470003 -0.109996
v -6.940000 27.470003 -0.109996
v -5.869999 26.960003 0.630004
v -5.869999 26.960003 0.630004
v -5.869999 26.960003 0.630004
v -6.980000 27.200005 0.630004
v -6.980000 27.200005 0.630004
v -6.980000 27.200005 0.630004
v -7.020000 27.010004 0.630004
v -5.909999 26.770004 0.630004
v -5.909999 26.770004 0.630004
v -5.789999 27.360004 0.110004
v -5.789999 27.360004 0.110004
v -5.789999 27.360004 0.110004
v -6.900000 27.590004 0.110004
v -6.900000 27.590004 0.110004
v -5.829999 27.170004 0.110004
v -5.829999 27.170004 0.110004
v -6.889999 27.600004 0.000004
v -6.889999 27.600004 0.000004
v -5.789999 27.370005 0.000004
v -5.789999 27.370005 0.000004
v -5.789999 27.370005 0.000004
v -5.829999 27.180004 0.000004
v -7.020000 27.010004 -0.629996
v -6.980000 27.200005 -0.629996
v -6.980000 27.200005 -0.629996
v -5.869999 26.960003 -0.629996
v -5.869999 26.960003 -0.629996
v -5.869999 26.960003 -0.629996
v -5.909999 26.770004 -0.629996
v -5.909999 26.770004 -0.629996
v -6.900000 27.590004 -0.109996
v -6.900000 27.590004 -0.109996
v -5.789999 27.360004 -0.109996
v -5.789999 27.360004 -0.109996
v -5.789999 27.360004 -0.109996
v -5.829999 27.170004 -0.109996
v -5.829999 27.170004 -0.109996
v 6.200003 26.770004 0.630003
v 6.160003 26.960003 0.630003
v 6.160003 26.960003 0.630003
v 5.050004 26.720003 0.630003
v 5.050004 26.720003 0.630003
v 5.050004 26.720003 0.630003
v 5.090003 26.530005 0.630003
v 5.090003 26.530005 0.630003
v 4.970003 27.120005 0.110003
v 4.970003 27.120005 0.110003
v 4.970003 27.120005 0.110003
v 6.080003 27.350004 0.110003
v 6.080003 27.350004 0.110003
v 5.010004 26.920004 0.110003
v 5.010004 26.920004 0.110003
v 6.070004 27.360004 0.000003
v 6.070004 27.360004 0.000003
v 4.960003 27.130003 0.000003
v 4.960003 27.130003 0.000003
v 4.960003 27.130003 0.000003
v 5.010004 26.940004 0.000003
v 5.050004 26.720003 -0.629997
v 5.050004 26.720003 -0.629997
v 5.050004 26.720003 -0.629997
v 6.160003 26.960003 -0.629997
v 6.160003 26.960003 -0.629997
v 6.200003 26.770004 -0.629997
v 5.090003 26.530005 -0.629997
v 5.090003 26.530005 -0.629997
v 4.970003 27.120005 -0.109997
v 4.970003 27.120005 -0.109997
v 4.970003 27.120005 -0.109997
v 4.970003 27.120005 -0.109997
v 6.080003 27.350004 -0.109997
v 6.080003 27.350004 -0.109997
v 5.010004 26.920004 -0.109997
v 5.010004 26.920004 -0.109997
v 5.320004 26.520004 0.630003
v 5.280004 26.710003 0.630003
v 5.280004 26.710003 0.630003
v 4.170003 26.510004 0.630003
v 4.170003 26.510004 0.630003
v 4.170003 26.510004 0.630003
v 4.200003 26.320004 0.630003
v 4.200003 26.320004 0.630003
v 4.100003 26.910004 0.110003
v 4.100003 26.910004 0.110003
v 4.100003 26.910004 0.110003
v 5.210003 27.110004 0.110003
v 5.210003 27.110004 0.110003
v 4.130003 26.720003 0.110003
v 4.130003 26.720003 0.110003
v 5.210003 27.120005 0.000003
v 5.210003 27.120005 0.000003
v 4.100003 26.920004 0.000003
v 4.100003 26.920004 0.000003
v 4.100003 26.920004 0.000003
v 4.130003 26.730003 0.000003
v 4.170003 26.510004 -0.629997
v 4.170003 26.510004 -0.629997
v 4.170003 26.510004 -0.629997
v 5.280004 26.710003 -0.629997
v 5.280004 26.710003 -0.629997
v 5.280004 26.710003 -0.629997
v 5.320004 26.520004 -0.629997
v 4.200003 26.320004 -0.629997
v 4.200003 26.320004 -0.629997
v 4.100003 26.910004 -0.109997
v 4.100003 26.910004 -0.109997
v 4.100003 26.910004 -0.109997
v 4.100003 26.910004 -0.109997
v 5.210003 27.110004 -0.109997
v 5.210003 27.110004 -0.109997
v 4.130003 26.720003 -0.109997
v 4.130003 26.720003 -0.109997
v 4.320003 26.270004 0.630003
v 4.300003 26.460003 0.630003
v 4.300003 26.460003 0.630003
v 3.180003 26.320004 0.630003
v 3.180003 26.320004 0.630003
v 3.180003 26.320004 0.630003
v 3.200003 26.130003 0.630003
v 3.200003 26.130003 0.630003
v 3.130003 26.720003 0.110003
v 3.130003 26.720003 0.110003
v 3.130003 26.720003 0.110003
v 4.250003 26.860004 0.110003
v 4.250003 26.860004 0.110003
v 3.150003 26.530005 0.110003
v 3.150003 26.530005 0.110003
v 4.250003 26.870005 0.000003
v 4.250003 26.870005 0.000003
v 3.130003 26.730003 0.000003
v 3.130003 26.730003 0.000003
v 3.130003 26.730003 0.000003
v 3.150003 26.540005 0.000003
v 3.180003 26.320004 -0.629997
v 3.180003 26.320004 -0.629997
v 3.180003 26.320004 -0.629997
v 4.300003 26.460003 -0.629997
v 4.300003 26.460003 -0.629997
v 4.320003 26.270004 -0.629997
v 3.200003 26.130003 -0.629997
v 3.200003 26.130003 -0.629997
v 3.130003 26.720003 -0.109997
v 3.130003 26.720003 -0.109997
v 3.130003 26.720003 -0.109997
v 4.250003 26.860004 -0.109997
v 4.250003 26.860004 -0.109997
v 3.150003 26.530005 -0.109997
v 3.150003 26.530005 -0.109997
v 3.310003 26.050003 0.630003
v 3.290003 26.240004 0.630003
v 3.290003 26.240004 0.630003
v 2.160002 26.110004 0.630003
v 2.160002 26.110004 0.630003
v 2.160002 26.110004 0.630003
v 2.190002 25.910004 0.630003
v 2.190002 25.910004 0.630003
v 2.120002 26.500004 0.110003
v 2.120002 26.500004 0.110003
v 2.120002 26.500004 0.110003
v 3.240003 26.640003 0.110003
v 3.240003 26.640003 0.110003
v 2.140002 26.310003 0.110003
v 2.140002 26.310003 0.110003
v 3.240003 26.650003 0.000003
v 3.240003 26.650003 0.000003
v 2.110002 26.520004 0.000003
v 2.110002 26.520004 0.000003
v 2.110002 26.520004 0.000003
v 2.140002 26.320004 0.000003
v 2.160002 26.110004 -0.629997
v 2.160002 26.110004 -0.629997
v 2.160002 26.110004 -0.629997
v 3.290003 26.240004 -0.629997
v 3.290003 26.240004 -0.629997
v 3.310003 26.050003 -0.629997
v 2.190002 25.910004 -0.629997
v 2.190002 25.910004 -0.629997
v 2.120002 26.500004 -0.109997
v 2.120002 26.500004 -0.109997
v 2.120002 26.500004 -0.109997
v 2.120002 26.500004 -0.109997
v 3.240003 26.640003 -0.109997
v 3.240003 26.640003 -0.109997
v 2.140002 26.310003 -0.109997
v 2.140002 26.310003 -0.109997
v 2.210002 25.880003 0.630003
v 2.200002 26.080004 0.630003
v 2.200002 26.080004 0.630003
v 1.070002 26.040005 0.630003
v 1.070002 26.040005 0.630003
v 1.070002 26.040005 0.630003
v 1.070002 25.840004 0.630003
v 1.070002 25.840004 0.630003
v 1.050002 26.440004 0.110003
v 1.050002 26.440004 0.110003
v 1.050002 26.440004 0.110003
v 2.190002 26.480003 0.110003
v 2.190002 26.480003 0.110003
v 1.060002 26.250004 0.110003
v 1.060002 26.250004 0.110003
v 2.190002 26.490004 0.000003
v 2.190002 26.490004 0.000003
v 1.050002 26.450005 0.000003
v 1.050002 26.450005 0.000003
v 1.050002 26.450005 0.000003
v 1.060002 26.260004 0.000003
v 1.070002 26.040005 -0.629997
v 1.070002 26.040005 -0.629997
v 1.070002 26.040005 -0.629997
v 2.200002 26.080004 -0.629997
v 2.200002 26.080004 -0.629997
v 2.210002 25.880003 -0.629997
v 1.070002 25.840004 -0.629997
v 1.070002 25.840004 -0.629997
v 1.050002 26.440004 -0.109997
v 1.050002 26.440004 -0.109997
v 1.050002 26.440004 -0.109997
v 2.190002 26.480003 -0.109997
v 2.190002 26.480003 -0.109997
v 1.060002 26.250004 -0.109997
v 1.060002 26.250004 -0.109997
v 1.080002 25.870005 0.630003
v 1.070002 26.060003 0.630003
v 1.070002 26.060003 0.630003
v -0.069998 26.000004 0.630004
v -0.069998 26.000004 0.630004
v -0.069998 26.000004 0.630004
v -0.059998 25.800003 0.630004
v -0.059998 25.800003 0.630004
v -0.089998 26.400003 0.110004
v -0.089998 26.400003 0.110004
v -0.089998 26.400003 0.110004
v 1.040002 26.460003 0.110003
v 1.040002 26.460003 0.110003
v -0.079998 26.210003 0.110004
v -0.079998 26.210003 0.110004
v 1.040002 26.470003 0.000003
v 1.040002 26.470003 0.000003
v -0.089998 26.410004 0.000004
v -0.089998 26.410004 0.000004
v -0.089998 26.410004 0.000004
v -0.079998 26.220003 0.000004
v -0.069998 26.000004 -0.629997
v -0.069998 26.000004 -0.629997
v -0.069998 26.000004 -0.629997
v 1.070002 26.060003 -0.629997
v 1.070002 26.060003 -0.629997
v 1.070002 26.060003 -0.629997
v 1.080002 25.870005 -0.629997
v -0.059998 25.800003 -0.629997
v -0.059998 25.800003 -0.629997
v -0.089998 26.400003 -0.109996
v -0.089998 26.400003 -0.109996
v -0.089998 26.400003 -0.109996
v 1.040002 26.460003 -0.109997
v 1.040002 26.460003 -0.109997
v -0.079998 26.210003 -0.109996
v -0.079998 26.210003 -0.109996
v 8.190003 27.320004 0.630003
v 8.150003 27.510004 0.630003
v 8.150003 27.510004 0.630003
v 7.040004 27.280005 0.630003
v 7.040004 27.280005 0.630003
v 7.040004 27.280005 0.630003
v 7.080004 27.090004 0.630003
v 7.080004 27.090004 0.630003
v 6.960003 27.670004 0.110003
v 6.960003 27.670004 0.110003
v 6.960003 27.670004 0.110003
v 8.070004 27.900003 0.110003
v 8.070004 27.900003 0.110003
v 7.000004 27.480003 0.110003
v 7.000004 27.480003 0.110003
v 8.060004 27.920004 0.000003
v 8.060004 27.920004 0.000003
v 6.950003 27.680004 0.000003
v 6.950003 27.680004 0.000003
v 6.950003 27.680004 0.000003
v 6.990003 27.490004 0.000003
v 7.040004 27.280005 -0.629997
v 7.040004 27.280005 -0.629997
v 7.040004 27.280005 -0.629997
v 8.150003 27.510004 -0.629997
v 8.150003 27.510004 -0.629997
v 8.150003 27.510004 -0.629997
v 8.190003 27.320004 -0.629997
v 7.080004 27.090004 -0.629997
v 7.080004 27.090004 -0.629997
v 6.960003 27.670004 -0.109997
v 6.960003 27.670004 -0.109997
v 6.960003 27.670004 -0.109997
v 8.070004 27.900003 -0.109997
v 8.070004 27.900003 -0.109997
v 7.000004 27.480003 -0.109997
v 7.000004 27.480003 -0.109997
v 7.060004 27.020004 0.630003
v 7.020004 27.210003 0.630003
v 7.020004 27.210003 0.630003
v 5.920003 26.970003 0.630003
v 5.920003 26.970003 0.630003
v 5.920003 26.970003 0.630003
v 5.960003 26.780005 0.630003
v 5.960003 26.780005 0.630003
v 5.830003 27.370005 0.110003
v 5.830003 27.370005 0.110003
v 5.830003 27.370005 0.110003
v 6.940003 27.600004 0.110003
v 6.940003 27.600004 0.110003
v 5.870003 27.180004 0.110003
v 5.870003 27.180004 0.110003
v 6.940003 27.610004 0.000003
v 6.940003 27.610004 0.000003
v 5.830003 27.380003 0.000003
v 5.830003 27.380003 0.000003
v 5.830003 27.380003 0.000003
v 5.870003 27.190004 0.000003
v 5.920003 26.970003 -0.629997
v 5.920003 26.970003 -0.629997
v 5.920003 26.970003 -0.629997
v 7.020004 27.210003 -0.629997
v 7.020004 27.210003 -0.629997
v 7.020004 27.210003 -0.629997
v 7.060004 27.020004 -0.629997
v 5.960003 26.780005 -0.629997
v 5.960003 26.780005 -0.629997
v 5.830003 27.370005 -0.109997
v 5.830003 27.370005 -0.109997
v 5.830003 27.370005 -0.109997
v 6.940003 27.600004 -0.109997
v 6.940003 27.600004 -0.109997
v 5.870003 27.180004 -0.109997
v 5.870003 27.180004 -0.109997
v 9.180004 27.830004 0.630003
v 9.180004 27.830004 0.630003
v 9.180004 27.830004 0.630003
v 8.100004 27.480003 0.630003
v 8.100004 27.480003 0.630003
v 8.100004 27.480003 0.630003
v 8.160004 27.290005 0.630003
v 9.240004 27.640003 0.630003
v 9.240004 27.640003 0.630003
v 9.050004 28.210003 0.110003
v 9.050004 28.210003 0.110003
v 9.050004 28.210003 0.110003
v 9.050004 28.210003 0.110003
v 7.980004 27.860004 0.110003
v 7.980004 27.860004 0.110003
v 9.110003 28.020004 0.110003
v 9.110003 28.020004 0.110003
v 7.970004 27.870005 0.000003
v 7.970004 27.870005 0.000003
v 9.050004 28.220003 0.000003
v 9.050004 28.220003 0.000003
v 9.050004 28.220003 0.000003
v 9.110003 28.040005 0.000003
v 8.160004 27.290005 -0.629997
v 8.100004 27.480003 -0.629997
v 8.100004 27.480003 -0.629997
v 9.180004 27.830004 -0.629997
v 9.180004 27.830004 -0.629997
v 9.180004 27.830004 -0.629997
v 9.240004 27.640003 -0.629997
v 9.240004 27.640003 -0.629997
v 7.980004 27.860004 -0.109997
v 7.980004 27.860004 -0.109997
v 9.050004 28.210003 -0.109997
v 9.050004 28.210003 -0.109997
v 9.050004 28.210003 -0.109997
v 9.110003 28.020004 -0.109997
v 9.110003 28.020004 -0.109997
v -8.190000 27.280005 0.630004
v -8.130000 27.460003 0.630004
v -8.130000 27.460003 0.630004
v -9.210000 27.810003 0.630004
v -9.210000 27.810003 0.630004
v -9.210000 27.810003 0.630004
v -9.270000 27.630003 0.630004
v -9.270000 27.630003 0.630004
v -9.080000 28.200005 0.110004
v -9.080000 28.200005 0.110004
v -9.080000 28.200005 0.110004
v -9.080000 28.200005 0.110004
v -8.010000 27.840004 0.110004
v -8.010000 27.840004 0.110004
v -9.150000 28.010004 0.110004
v -9.150000 28.010004 0.110004
v -8.000000 27.860004 0.000004
v -8.000000 27.860004 0.000004
v -8.000000 27.860004 0.000004
v -9.080000 28.210003 0.000004
v -9.080000 28.210003 0.000004
v -9.080000 28.210003 0.000004
v -9.140000 28.020004 0.000004
v -9.210000 27.810003 -0.629996
v -9.210000 27.810003 -0.629996
v -9.210000 27.810003 -0.629996
v -8.130000 27.460003 -0.629996
v -8.130000 27.460003 -0.629996
v -8.190000 27.280005 -0.629996
v -9.270000 27.630003 -0.629996
v -9.270000 27.630003 -0.629996
v -9.080000 28.200005 -0.109996
v -9.080000 28.200005 -0.109996
v -9.080000 28.200005 -0.109996
v -8.010000 27.840004 -0.109996
v -8.010000 27.840004 -0.109996
v -9.150000 28.010004 -0.109996
v -9.150000 28.010004 -0.109996
v -9.460002 12.700002 -7.569999
v -9.460002 12.700002 -7.569999
v -8.980001 12.700002 -8.389998
v -8.980001 12.700002 -8.389998
v -8.270002 14.280002 -7.979999
v -8.270002 14.280002 -7.979999
v -8.270002 14.280002 -7.979999
v -8.740002 14.280002 -7.159998
v -8.740002 14.280002 -7.159998
v -8.740002 14.280002 -7.159998
v -8.440001 17.340002 -6.979998
v -8.440001 17.340002 -6.979998
v -8.440001 17.340002 -6.979998
v -9.390002 17.340000 -7.529998
v -7.970001 17.340000 -7.799998
v -7.970001 17.340000 -7.799998
v -8.920002 17.340000 -8.349998
v 15.480003 7.799999 -6.900001
v 15.480003 7.799999 -6.900001
v 15.480003 7.799999 -6.900001
v 15.480004 7.799999 -6.030001
v 15.480004 7.799999 -6.030001
v 15.480004 7.799999 -6.030001
v 17.460003 7.799999 -6.030002
v 17.460003 7.799999 -6.030002
v 17.460003 7.799999 -6.030002
v 17.460003 7.799999 -6.900002
v 17.460003 7.799999 -6.900002
v 17.460003 7.799999 -6.900002
v 15.480003 6.949999 -6.900001
v 15.480003 6.949999 -6.900001
v 15.480004 6.949999 -6.030001
v 15.480004 6.949999 -6.030001
v 17.460003 6.949998 -6.030002
v 17.460003 6.949998 -6.030002
v 17.460003 6.949998 -6.900002
v 17.460003 6.949998 -6.900002
v 18.470003 7.799999 -6.900002
v 18.470003 7.799999 -6.900002
v 18.470003 7.799999 -6.900002
v 18.470003 7.799999 -6.030002
v 18.470003 7.799999 -6.030002
v 18.470003 7.799999 -6.030002
v 20.450006 7.799999 -6.030002
v 20.450006 7.799999 -6.030002
v 20.450006 7.799999 -6.030002
v 20.450006 7.799999 -6.900002
v 20.450006 7.799999 -6.900002
v 20.450006 7.799999 -6.900002
v 18.470003 6.949998 -6.900002
v 18.470003 6.949998 -6.900002
v 18.470003 6.949998 -6.030002
v 18.470003 6.949998 -6.030002
v 20.450006 6.949998 -6.030002
v 20.450006 6.949998 -6.030002
v 20.450006 6.949998 -6.900002
v 20.450006 6.949998 -6.900002
v 21.450006 7.799999 -6.900002
v 21.450006 7.799999 -6.900002
v 21.450006 7.799999 -6.900002
v 21.450006 7.799999 -6.030002
v 21.450006 7.799999 -6.030002
v 21.450006 7.799999 -6.030002
v 23.440006 7.799998 -6.030002
v 23.440006 7.799998 -6.030002
v 23.440006 7.799998 -6.030002
v 23.440006 7.799998 -6.900002
v 23.440006 7.799998 -6.900002
v 23.440006 7.799998 -6.900002
v 21.450006 6.949998 -6.900002
v 21.450006 6.949998 -6.900002
v 21.450006 6.949998 -6.030002
v 21.450006 6.949998 -6.030002
v 23.440006 6.949998 -6.030002
v 23.440006 6.949998 -6.030002
v 23.440006 6.949998 -6.900002
v 23.440006 6.949998 -6.900002
v 23.400005 7.799998 -5.500001
v 23.400005 7.799998 -5.500001
v 23.400005 7.799998 -5.500001
v 22.530006 7.799998 -5.500001
v 22.530006 7.799998 -5.500001
v 22.530006 7.799998 -5.500001
v 22.530006 7.799999 -3.510001
v 22.530006 7.799999 -3.510001
v 22.530006 7.799999 -3.510001
v 23.400005 7.799999 -3.510001
v 23.400005 7.799999 -3.510001
v 23.400005 7.799999 -3.510001
v 23.400005 6.949998 -5.500001
v 23.400005 6.949998 -5.500001
v 22.530006 6.949998 -5.500001
v 22.530006 6.949998 -5.500001
v 22.530006 6.949998 -3.510001
v 22.530006 6.949998 -3.510001
v 23.400005 6.949998 -3.510001
v 23.400005 6.949998 -3.510001
v 23.400005 7.799999 -2.510001
v 23.400005 7.799999 -2.510001
v 23.400005 7.799999 -2.510001
v 22.530006 7.799999 -2.510001
v 22.530006 7.799999 -2.510001
v 22.530006 7.799999 -2.510001
v 22.530006 7.799999 -0.530001
v 22.530006 7.799999 -0.530001
v 22.530006 7.799999 -0.530001
v 23.400005 7.799999 -0.530001
v 23.400005 7.799999 -0.530001
v 23.400005 7.799999 -0.530001
v 23.400005 6.949998 -2.510001
v 23.400005 6.949998 -2.510001
v 22.530006 6.949998 -2.510001
v 22.530006 6.949998 -2.510001
v 22.530006 6.949999 -0.530001
v 22.530006 6.949999 -0.530001
v 23.400005 6.949999 -0.530001
v 23.400005 6.949999 -0.530001
v 23.400005 7.799999 0.479999
v 23.400005 7.799999 0.479999
v 23.400005 7.799999 0.479999
v 22.530006 7.799999 0.479999
v 22.530006 7.799999 0.479999
v 22.530006 7.799999 0.479999
v 22.530006 7.800000 2.460000
v 22.530006 7.800000 2.460000
v 22.530006 7.800000 2.460000
v 23.400005 7.800000 2.460000
v 23.400005 7.800000 2.460000
v 23.400005 7.800000 2.460000
v 23.400005 6.949999 0.479999
v 23.400005 6.949999 0.479999
v 22.530006 6.949999 0.479999
v 22.530006 6.949999 0.479999
v 22.530006 6.949999 2.460000
v 22.530006 6.949999 2.460000
v 23.400005 6.949999 2.460000
v 23.400005 6.949999 2.460000
v 23.400005 7.800000 3.470000
v 23.400005 7.800000 3.470000
v 23.400005 7.800000 3.470000
v 22.530006 7.800000 3.470000
v 22.530006 7.800000 3.470000
v 22.530006 7.800000 3.470000
v 22.530006 7.800000 5.450000
v 22.530006 7.800000 5.450000
v 22.530006 7.800000 5.450000
v 23.400005 7.800000 5.449999
v 23.400005 7.800000 5.449999
v 23.400005 7.800000 5.449999
v 23.400005 6.949999 3.470000
v 23.400005 6.949999 3.470000
v 22.530006 6.949999 3.470000
v 22.530006 6.949999 3.470000
v 22.530006 6.950000 5.449999
v 22.530006 6.950000 5.449999
v 23.400005 6.950000 5.449999
v 23.400005 6.950000 5.449999
v 21.450006 7.800001 6.020000
v 21.450006 7.800001 6.020000
v 21.450006 7.800001 6.020000
v 21.450006 7.800001 6.880001
v 21.450006 7.800001 6.880001
v 21.450006 7.800001 6.880001
v 23.440006 7.800000 6.880000
v 23.440006 7.800000 6.880000
v 23.440006 7.800000 6.880000
v 23.440006 7.800000 6.020000
v 23.440006 7.800000 6.020000
v 23.440006 7.800000 6.020000
v 21.450006 6.950000 6.020000
v 21.450006 6.950000 6.020000
v 21.450006 6.950000 6.880001
v 21.450006 6.950000 6.880001
v 23.440006 6.950000 6.880000
v 23.440006 6.950000 6.880000
v 23.440006 6.950000 6.020000
v 23.440006 6.950000 6.020000
v 18.470003 7.800001 6.020000
v 18.470003 7.800001 6.020000
v 18.470003 7.800001 6.020000
v 18.470003 7.800001 6.880001
v 18.470003 7.800001 6.880001
v 18.470003 7.800001 6.880001
v 20.450006 7.800001 6.880001
v 20.450006 7.800001 6.880001
v 20.450006 7.800001 6.880001
v 20.450006 7.800001 6.020000
v 20.450006 7.800001 6.020000
v 20.450006 7.800001 6.020000
v 18.470003 6.950000 6.020000
v 18.470003 6.950000 6.020000
v 18.470003 6.950000 6.880001
v 18.470003 6.950000 6.880001
v 20.450006 6.950000 6.880001
v 20.450006 6.950000 6.880001
v 20.450006 6.950000 6.020000
v 20.450006 6.950000 6.020000
v 15.480004 7.800001 6.020001
v 15.480004 7.800001 6.020001
v 15.480004 7.800001 6.020001
v 15.480005 7.800001 6.880001
v 15.480005 7.800001 6.880001
v 15.480005 7.800001 6.880001
v 17.460003 7.800001 6.880001
v 17.460003 7.800001 6.880001
v 17.460003 7.800001 6.880001
v 17.460003 7.800001 6.020000
v 17.460003 7.800001 6.020000
v 17.460003 7.800001 6.020000
v 15.480004 6.950001 6.020001
v 15.480004 6.950001 6.020001
v 15.480005 6.950001 6.880001
v 15.480005 6.950001 6.880001
v 17.460003 6.950000 6.880001
v 17.460003 6.950000 6.880001
v 17.460003 6.950000 6.020000
v 17.460003 6.950000 6.020000
v 7.100003 7.800002 12.060003
v 7.100003 7.800002 12.060003
v 7.100003 7.800002 12.060003
v 7.100003 7.800003 12.930003
v 7.100003 7.800003 12.930003
v 7.100003 7.800003 12.930003
v 9.080004 7.800003 12.930002
v 9.080004 7.800003 12.930002
v 9.080004 7.800003 12.930002
v 9.080004 7.800002 12.060002
v 9.080004 7.800002 12.060002
v 9.080004 7.800002 12.060002
v 7.100003 6.950002 12.060002
v 7.100003 6.950002 12.060002
v 7.100003 6.950002 12.930002
v 7.100003 6.950002 12.930002
v 9.080004 6.950002 12.930002
v 9.080004 6.950002 12.930002
v 9.080004 6.950002 12.060002
v 9.080004 6.950002 12.060002
v 4.460002 7.800002 12.060003
v 4.460002 7.800002 12.060003
v 4.460002 7.800002 12.060003
v 4.460002 7.800003 12.930003
v 4.460002 7.800003 12.930003
v 4.460002 7.800003 12.930003
v 6.450003 7.800003 12.930003
v 6.450003 7.800003 12.930003
v 6.450003 7.800003 12.930003
v 6.450003 7.800002 12.060003
v 6.450003 7.800002 12.060003
v 6.450003 7.800002 12.060003
v 4.460002 6.950002 12.060003
v 4.460002 6.950002 12.060003
v 4.460002 6.950002 12.930003
v 4.460002 6.950002 12.930003
v 6.450003 6.950002 12.930002
v 6.450003 6.950002 12.930002
v 6.450003 6.950002 12.060002
v 6.450003 6.950002 12.060002
v 1.830002 7.800003 12.060003
v 1.830002 7.800003 12.060003
v 1.830002 7.800003 12.060003
v 1.830002 7.800003 12.930003
v 1.830002 7.800003 12.930003
v 1.830002 7.800003 12.930003
v 3.810002 7.800003 12.930003
v 3.810002 7.800003 12.930003
v 3.810002 7.800003 12.930003
v 3.810002 7.800002 12.060003
v 3.810002 7.800002 12.060003
v 3.810002 7.800002 12.060003
v 1.830002 6.950002 12.060003
v 1.830002 6.950002 12.060003
v 1.830002 6.950003 12.930003
v 1.830002 6.950003 12.930003
v 3.810002 6.950002 12.930003
v 3.810002 6.950002 12.930003
v 3.810002 6.950002 12.060003
v 3.810002 6.950002 12.060003
v -0.809999 7.800003 12.060003
v -0.809999 7.800003 12.060003
v -0.809999 7.800003 12.060003
v -0.809999 7.800003 12.930003
v -0.809999 7.800003 12.930003
v -0.809999 7.800003 12.930003
v 1.170002 7.800003 12.930003
v 1.170002 7.800003 12.930003
v 1.170002 7.800003 12.930003
v 1.170002 7.800003 12.060003
v 1.170002 7.800003 12.060003
v 1.170002 7.800003 12.060003
v -0.809999 6.950002 12.060003
v -0.809999 6.950002 12.060003
v -0.809999 6.950003 12.930003
v -0.809999 6.950003 12.930003
v 1.170002 6.950003 12.930003
v 1.170002 6.950003 12.930003
v 1.170002 6.950002 12.060003
v 1.170002 6.950002 12.060003
v -3.439999 7.800003 12.060003
v -3.439999 7.800003 12.060003
v -3.439999 7.800003 12.060003
v -3.439999 7.800004 12.930003
v -3.439999 7.800004 12.930003
v -3.439999 7.800004 12.930003
v -1.459999 7.800003 12.930003
v -1.459999 7.800003 12.930003
v -1.459999 7.800003 12.930003
v -1.459999 7.800003 12.060003
v -1.459999 7.800003 12.060003
v -1.459999 7.800003 12.060003
v -3.439999 6.950003 12.060003
v -3.439999 6.950003 12.060003
v -3.439999 6.950003 12.930003
v -3.439999 6.950003 12.930003
v -1.459999 6.950003 12.930003
v -1.459999 6.950003 12.930003
v -1.459999 6.950002 12.060003
v -1.459999 6.950002 12.060003
v -6.080000 7.800003 12.060004
v -6.080000 7.800003 12.060004
v -6.080000 7.800003 12.060004
v -6.080000 7.800004 12.930004
v -6.080000 7.800004 12.930004
v -6.080000 7.800004 12.930004
v -4.099999 7.800004 12.930003
v -4.099999 7.800004 12.930003
v -4.099999 7.800004 12.930003
v -4.099999 7.800003 12.060003
v -4.099999 7.800003 12.060003
v -4.099999 7.800003 12.060003
v -6.080000 6.950003 12.060003
v -6.080000 6.950003 12.060003
v -6.080000 6.950003 12.930003
v -6.080000 6.950003 12.930003
v -4.099999 6.950003 12.930003
v -4.099999 6.950003 12.930003
v -4.099999 6.950003 12.060003
v -4.099999 6.950003 12.060003
v -8.720000 7.800003 12.060004
v -8.720000 7.800003 12.060004
v -8.720000 7.800003 12.060004
v -8.720000 7.800004 12.930004
v -8.720000 7.800004 12.930004
v -8.720000 7.800004 12.930004
v -6.740000 7.800004 12.930004
v -6.740000 7.800004 12.930004
v -6.740000 7.800004 12.930004
v -6.740000 7.800003 12.060004
v -6.740000 7.800003 12.060004
v -6.740000 7.800003 12.060004
v -8.720000 6.950003 12.060004
v -8.720000 6.950003 12.060004
v -8.720000 6.950003 12.930004
v -8.720000 6.950003 12.930004
v -6.740000 6.950003 12.930004
v -6.740000 6.950003 12.930004
v -6.740000 6.950003 12.060004
v -6.740000 6.950003 12.060004
v 4.390003 18.640001 6.780004
v 4.390003 18.640001 6.780004
v 4.390003 18.640001 6.780004
v 4.390003 18.640003 7.640003
v 4.390003 18.640003 7.640003
v 4.390003 18.640003 7.640003
v 6.370003 18.640003 7.640003
v 6.370003 18.640003 7.640003
v 6.370003 18.640003 7.640003
v 6.370003 18.640001 6.780003
v 6.370003 18.640001 6.780003
v 6.370003 18.640001 6.780003
v 4.390003 17.790003 6.780003
v 4.390003 17.790003 6.780003
v 4.390003 17.790005 7.640003
v 4.390003 17.790005 7.640003
v 6.370003 17.790005 7.640003
v 6.370003 17.790005 7.640003
v 6.370003 17.790003 6.780003
v 6.370003 17.790003 6.780003
v 1.660002 18.640001 6.780004
v 1.660002 18.640001 6.780004
v 1.660002 18.640001 6.780004
v 1.660002 18.640003 7.640003
v 1.660002 18.640003 7.640003
v 1.660002 18.640003 7.640003
v 3.640003 18.640003 7.640003
v 3.640003 18.640003 7.640003
v 3.640003 18.640003 7.640003
v 3.640003 18.640001 6.780004
v 3.640003 18.640001 6.780004
v 3.640003 18.640001 6.780004
v 1.660002 17.790003 6.780004
v 1.660002 17.790003 6.780004
v 1.660002 17.790005 7.640003
v 1.660002 17.790005 7.640003
v 3.640003 17.790005 7.640003
v 3.640003 17.790005 7.640003
v 3.640003 17.790003 6.780003
v 3.640003 17.790003 6.780003
v -1.059998 18.640001 6.780004
v -1.059998 18.640001 6.780004
v -1.059998 18.640001 6.780004
v -1.059998 18.640003 7.640003
v -1.059998 18.640003 7.640003
v -1.059998 18.640003 7.640003
v 0.920002 18.640003 7.640003
v 0.920002 18.640003 7.640003
v 0.920002 18.640003 7.640003
v 0.920002 18.640001 6.780004
v 0.920002 18.640001 6.780004
v 0.920002 18.640001 6.780004
v -1.059998 17.790003 6.780004
v -1.059998 17.790003 6.780004
v -1.059998 17.790005 7.640003
v -1.059998 17.790005 7.640003
v 0.920002 17.790005 7.640003
v 0.920002 17.790005 7.640003
v 0.920002 17.790003 6.780004
v 0.920002 17.790003 6.780004
v -3.789999 18.640001 6.780004
v -3.789999 18.640001 6.780004
v -3.789999 18.640001 6.780004
v -3.789999 18.640003 7.640004
v -3.789999 18.640003 7.640004
v -3.789999 18.640003 7.640004
v -1.799998 18.640003 7.640004
v -1.799998 18.640003 7.640004
v -1.799998 18.640003 7.640004
v -1.799999 18.640001 6.780004
v -1.799999 18.640001 6.780004
v -1.799999 18.640001 6.780004
v -3.789999 17.790003 6.780004
v -3.789999 17.790003 6.780004
v -3.789999 17.790005 7.640004
v -3.789999 17.790005 7.640004
v -1.799999 17.790005 7.640003
v -1.799999 17.790005 7.640003
v -1.799999 17.790003 6.780004
v -1.799999 17.790003 6.780004
v -6.510000 18.640001 6.780004
v -6.510000 18.640001 6.780004
v -6.510000 18.640001 6.780004
v -6.510000 18.640003 7.640004
v -6.510000 18.640003 7.640004
v -6.510000 18.640003 7.640004
v -4.529999 18.640003 7.640004
v -4.529999 18.640003 7.640004
v -4.529999 18.640003 7.640004
v -4.529999 18.640001 6.780004
v -4.529999 18.640001 6.780004
v -4.529999 18.640001 6.780004
v -6.510000 17.790003 6.780004
v -6.510000 17.790003 6.780004
v -6.510000 17.790005 7.640004
v -6.510000 17.790005 7.640004
v -4.529999 17.790005 7.640004
v -4.529999 17.790005 7.640004
v -4.529999 17.790003 6.780004
v -4.529999 17.790003 6.780004
v -9.240000 18.640001 6.780005
v -9.240000 18.640001 6.780005
v -9.240000 18.640001 6.780005
v -9.240000 18.640003 7.640004
v -9.240000 18.640003 7.640004
v -9.240000 18.640003 7.640004
v -7.250000 18.640003 7.640004
v -7.250000 18.640003 7.640004
v -7.250000 18.640003 7.640004
v -7.250000 18.640001 6.780004
v -7.250000 18.640001 6.780004
v -7.250000 18.640001 6.780004
v -9.240000 17.790003 6.780004
v -9.240000 17.790003 6.780004
v -9.240000 17.790005 7.640004
v -9.240000 17.790005 7.640004
v -7.250000 17.790005 7.640004
v -7.250000 17.790005 7.640004
v -7.250000 17.790003 6.780004
v -7.250000 17.790003 6.780004
v 7.110004 18.640001 6.780003
v 7.110004 18.640001 6.780003
v 7.110004 18.640001 6.780003
v 7.110004 18.640003 7.640003
v 7.110004 18.640003 7.640003
v 7.110004 18.640003 7.640003
v 9.090004 18.640003 7.640003
v 9.090004 18.640003 7.640003
v 9.090004 18.640003 7.640003
v 9.090004 18.640001 6.780003
v 9.090004 18.640001 6.780003
v 9.090004 18.640001 6.780003
v 7.110004 17.790003 6.780003
v 7.110004 17.790003 6.780003
v 7.110004 17.790005 7.640003
v 7.110004 17.790005 7.640003
v 9.090004 17.790005 7.640003
v 9.090004 17.790005 7.640003
v 9.090004 17.790003 6.780003
v 9.090004 17.790003 6.780003
v 9.920004 18.640001 6.550003
v 9.920004 18.640001 6.550003
v 9.920004 18.640001 6.550003
v 10.780005 18.640001 6.550003
v 10.780005 18.640001 6.550003
v 10.780005 18.640001 6.550003
v 10.780004 18.640001 4.560002
v 10.780004 18.640001 4.560002
v 10.780004 18.640001 4.560002
v 9.920003 18.640001 4.560002
v 9.920003 18.640001 4.560002
v 9.920003 18.640001 4.560002
v 9.920004 17.790003 6.550003
v 9.920004 17.790003 6.550003
v 10.780005 17.790003 6.550003
v 10.780005 17.790003 6.550003
v 10.780004 17.790003 4.560002
v 10.780004 17.790003 4.560002
v 9.920003 17.790003 4.560002
v 9.920003 17.790003 4.560002
v 9.920003 18.640001 3.820002
v 9.920003 18.640001 3.820002
v 9.920003 18.640001 3.820002
v 10.780004 18.640001 3.820002
v 10.780004 18.640001 3.820002
v 10.780004 18.640001 3.820002
v 10.780004 18.640001 1.840002
v 10.780004 18.640001 1.840002
v 10.780004 18.640001 1.840002
v 9.920003 18.640001 1.840002
v 9.920003 18.640001 1.840002
v 9.920003 18.640001 1.840002
v 9.920003 17.790003 3.820002
v 9.920003 17.790003 3.820002
v 10.780004 17.790003 3.820002
v 10.780004 17.790003 3.820002
v 10.780004 17.790003 1.840002
v 10.780004 17.790003 1.840002
v 9.920003 17.790003 1.840002
v 9.920003 17.790003 1.840002
v 9.920003 18.640001 1.100002
v 9.920003 18.640001 1.100002
v 9.920003 18.640001 1.100002
v 10.780004 18.640001 1.100002
v 10.780004 18.640001 1.100002
v 10.780004 18.640001 1.100002
v 10.780004 18.640001 -0.879998
v 10.780004 18.640001 -0.879998
v 10.780004 18.640001 -0.879998
v 9.920003 18.640001 -0.879998
v 9.920003 18.640001 -0.879998
v 9.920003 18.640001 -0.879998
v 9.920003 17.790003 1.100002
v 9.920003 17.790003 1.100002
v 10.780004 17.790003 1.100002
v 10.780004 17.790003 1.100002
v 10.780004 17.790003 -0.879999
v 10.780004 17.790003 -0.879999
v 9.920003 17.790003 -0.879998
v 9.920003 17.790003 -0.879998
v 9.920003 18.640001 -1.629998
v 9.920003 18.640001 -1.629998
v 9.920003 18.640001 -1.629998
v 10.780004 18.640001 -1.629999
v 10.780004 18.640001 -1.629999
v 10.780004 18.640001 -1.629999
v 10.780004 18.640001 -3.609999
v 10.780004 18.640001 -3.609999
v 10.780004 18.640001 -3.609999
v 9.920003 18.640001 -3.609999
v 9.920003 18.640001 -3.609999
v 9.920003 18.640001 -3.609999
v 9.920003 17.790003 -1.629999
v 9.920003 17.790003 -1.629999
v 10.780004 17.790003 -1.629999
v 10.780004 17.790003 -1.629999
v 10.780004 17.790003 -3.609999
v 10.780004 17.790003 -3.609999
v 9.920003 17.790003 -3.609999
v 9.920003 17.790003 -3.609999
v 7.110003 18.639999 -7.479999
v 7.110003 18.639999 -7.479999
v 7.110003 18.639999 -7.479999
v 7.110003 18.640001 -6.619999
v 7.110003 18.640001 -6.619999
v 7.110003 18.640001 -6.619999
v 9.090002 18.640001 -6.619999
v 9.090002 18.640001 -6.619999
v 9.090002 18.640001 -6.619999
v 9.090002 18.639999 -7.479999
v 9.090002 18.639999 -7.479999
v 9.090002 18.639999 -7.479999
v 7.110003 17.790001 -7.479999
v 7.110003 17.790001 -7.479999
v 7.110003 17.790003 -6.619999
v 7.110003 17.790003 -6.619999
v 9.090002 17.790003 -6.619999
v 9.090002 17.790003 -6.619999
v 9.090002 17.790001 -7.479999
v 9.090002 17.790001 -7.479999
v 4.390002 18.639999 -7.479999
v 4.390002 18.639999 -7.479999
v 4.390002 18.639999 -7.479999
v 4.390002 18.640001 -6.619998
v 4.390002 18.640001 -6.619998
v 4.390002 18.640001 -6.619998
v 6.370002 18.640001 -6.619999
v 6.370002 18.640001 -6.619999
v 6.370002 18.640001 -6.619999
v 6.370002 18.639999 -7.479999
v 6.370002 18.639999 -7.479999
v 6.370002 18.639999 -7.479999
v 4.390002 17.790001 -7.479999
v 4.390002 17.790001 -7.479999
v 4.390002 17.790003 -6.619999
v 4.390002 17.790003 -6.619999
v 6.370002 17.790003 -6.619999
v 6.370002 17.790003 -6.619999
v 6.370002 17.790001 -7.479999
v 6.370002 17.790001 -7.479999
v 1.660001 18.639999 -7.479999
v 1.660001 18.639999 -7.479999
v 1.660001 18.639999 -7.479999
v 1.660001 18.640001 -6.619998
v 1.660001 18.640001 -6.619998
v 1.660001 18.640001 -6.619998
v 3.640002 18.640001 -6.619998
v 3.640002 18.640001 -6.619998
v 3.640002 18.640001 -6.619998
v 3.640002 18.639999 -7.479999
v 3.640002 18.639999 -7.479999
v 3.640002 18.639999 -7.479999
v 1.660001 17.790001 -7.479999
v 1.660001 17.790001 -7.479999
v 1.660001 17.790003 -6.619998
v 1.660001 17.790003 -6.619998
v 3.640002 17.790003 -6.619999
v 3.640002 17.790003 -6.619999
v 3.640002 17.790001 -7.479999
v 3.640002 17.790001 -7.479999
v -1.059999 18.639999 -7.479999
v -1.059999 18.639999 -7.479999
v -1.059999 18.639999 -7.479999
v -1.059999 18.640001 -6.619998
v -1.059999 18.640001 -6.619998
v -1.059999 18.640001 -6.619998
v 0.920001 18.640001 -6.619998
v 0.920001 18.640001 -6.619998
v 0.920001 18.640001 -6.619998
v 0.920001 18.639999 -7.479999
v 0.920001 18.639999 -7.479999
v 0.920001 18.639999 -7.479999
v -1.059999 17.790001 -7.479999
v -1.059999 17.790001 -7.479999
v -1.059999 17.790003 -6.619998
v -1.059999 17.790003 -6.619998
v 0.920001 17.790003 -6.619998
v 0.920001 17.790003 -6.619998
v 0.920001 17.790001 -7.479999
v 0.920001 17.790001 -7.479999
v -3.790000 18.639999 -7.479998
v -3.790000 18.639999 -7.479998
v -3.790000 18.639999 -7.479998
v -3.790000 18.640001 -6.619998
v -3.790000 18.640001 -6.619998
v -3.790000 18.640001 -6.619998
v -1.799999 18.640001 -6.619998
v -1.799999 18.640001 -6.619998
v -1.799999 18.640001 -6.619998
v -1.800000 18.639999 -7.479998
v -1.800000 18.639999 -7.479998
v -1.800000 18.639999 -7.479998
v -3.790000 17.790001 -7.479998
v -3.790000 17.790001 -7.479998
v -3.790000 17.790003 -6.619998
v -3.790000 17.790003 -6.619998
v -1.800000 17.790003 -6.619998
v -1.800000 17.790003 -6.619998
v -1.800000 17.790001 -7.479999
v -1.800000 17.790001 -7.479999
v -9.240002 18.639999 -7.479998
v -9.240002 18.639999 -7.479998
v -9.240002 18.639999 -7.479998
v -9.240002 18.640001 -6.619998
v -9.240002 18.640001 -6.619998
v -9.240002 18.640001 -6.619998
v -7.250001 18.640001 -6.619998
v -7.250001 18.640001 -6.619998
v -7.250001 18.640001 -6.619998
v -7.250001 18.639999 -7.479998
v -7.250001 18.639999 -7.479998
v -7.250001 18.639999 -7.479998
v -9.240002 17.790001 -7.479998
v -9.240002 17.790001 -7.479998
v -9.240002 17.790003 -6.619998
v -9.240002 17.790003 -6.619998
v -7.250001 17.790003 -6.619998
v -7.250001 17.790003 -6.619998
v -7.250001 17.790001 -7.479998
v -7.250001 17.790001 -7.479998
v -6.510001 18.639999 -7.479998
v -6.510001 18.639999 -7.479998
v -6.510001 18.639999 -7.479998
v -6.510001 18.640001 -6.619998
v -6.510001 18.640001 -6.619998
v -6.510001 18.640001 -6.619998
v -4.530000 18.640001 -6.619998
v -4.530000 18.640001 -6.619998
v -4.530000 18.640001 -6.619998
v -4.530000 18.639999 -7.479998
v -4.530000 18.639999 -7.479998
v -4.530000 18.639999 -7.479998
v -6.510001 17.790001 -7.479998
v -6.510001 17.790001 -7.479998
v -6.510001 17.790003 -6.619998
v -6.510001 17.790003 -6.619998
v -4.530000 17.790003 -6.619998
v -4.530000 17.790003 -6.619998
v -4.530000 17.790001 -7.479998
v -4.530000 17.790001 -7.479998
v -10.850001 18.640001 6.550004
v -10.850001 18.640001 6.550004
v -10.850001 18.640001 6.550004
v -9.990000 18.640001 6.550004
v -9.990000 18.640001 6.550004
v -9.990000 18.640001 6.550004
v -9.990001 18.640001 4.560004
v -9.990001 18.640001 4.560004
v -9.990001 18.640001 4.560004
v -10.850002 18.640001 4.560004
v -10.850002 18.640001 4.560004
v -10.850002 18.640001 4.560004
v -10.850001 17.790003 6.550004
v -10.850001 17.790003 6.550004
v -9.990000 17.790003 6.550004
v -9.990000 17.790003 6.550004
v -9.990001 17.790003 4.560004
v -9.990001 17.790003 4.560004
v -10.850002 17.790003 4.560004
v -10.850002 17.790003 4.560004
v -10.850002 18.640001 3.820004
v -10.850002 18.640001 3.820004
v -10.850002 18.640001 3.820004
v -9.990001 18.640001 3.820004
v -9.990001 18.640001 3.820004
v -9.990001 18.640001 3.820004
v -9.990001 18.640001 1.840003
v -9.990001 18.640001 1.840003
v -9.990001 18.640001 1.840003
v -10.850002 18.640001 1.840004
v -10.850002 18.640001 1.840004
v -10.850002 18.640001 1.840004
v -10.850002 17.790003 3.820004
v -10.850002 17.790003 3.820004
v -9.990001 17.790003 3.820004
v -9.990001 17.790003 3.820004
v -9.990001 17.790003 1.840003
v -9.990001 17.790003 1.840003
v -10.850002 17.790003 1.840003
v -10.850002 17.790003 1.840003
v -10.850002 18.640001 1.100003
v -10.850002 18.640001 1.100003
v -10.850002 18.640001 1.100003
v -9.990001 18.640001 1.100003
v -9.990001 18.640001 1.100003
v -9.990001 18.640001 1.100003
v -9.990001 18.640001 -0.879997
v -9.990001 18.640001 -0.879997
v -9.990001 18.640001 -0.879997
v -10.850002 18.640001 -0.879997
v -10.850002 18.640001 -0.879997
v -10.850002 18.640001 -0.879997
v -10.850002 17.790003 1.100003
v -10.850002 17.790003 1.100003
v -9.990001 17.790003 1.100003
v -9.990001 17.790003 1.100003
v -9.990001 17.790003 -0.879997
v -9.990001 17.790003 -0.879997
v -10.850002 17.790003 -0.879997
v -10.850002 17.790003 -0.879997
v -10.850002 18.640001 -1.629997
v -10.850002 18.640001 -1.629997
v -10.850002 18.640001 -1.629997
v -9.990001 18.640001 -1.629997
v -9.990001 18.640001 -1.629997
v -9.990001 18.640001 -1.629997
v -9.990001 18.640001 -3.609997
v -9.990001 18.640001 -3.609997
v -9.990001 18.640001 -3.609997
v -10.850002 18.640001 -3.609997
v -10.850002 18.640001 -3.609997
v -10.850002 18.640001 -3.609997
v -10.850002 17.790003 -1.629997
v -10.850002 17.790003 -1.629997
v -9.990001 17.790003 -1.629997
v -9.990001 17.790003 -1.629997
v -9.990001 17.790003 -3.609997
v -9.990001 17.790003 -3.609997
v -10.850002 17.790003 -3.609997
v -10.850002 17.790003 -3.609997
v -10.850002 18.640001 -4.349997
v -10.850002 18.640001 -4.349997
v -10.850002 18.640001 -4.349997
v -9.990001 18.640001 -4.349997
v -9.990001 18.640001 -4.349997
v -9.990001 18.640001 -4.349997
v -9.990002 18.640001 -6.329998
v -9.990002 18.640001 -6.329998
v -9.990002 18.640001 -6.329998
v -10.850003 18.640001 -6.329998
v -10.850003 18.640001 -6.329998
v -10.850003 18.640001 -6.329998
v -10.850002 17.790003 -4.349997
v -10.850002 17.790003 -4.349997
v -9.990001 17.790003 -4.349997
v -9.990001 17.790003 -4.349997
v -9.990002 17.790003 -6.329998
v -9.990002 17.790003 -6.329998
v -10.850003 17.790003 -6.329998
v -10.850003 17.790003 -6.329998
v -11.170001 6.950003 11.030003
v -11.170001 6.950004 12.830004
v -11.170001 6.950004 12.830004
v 11.170005 6.950002 12.830002
v 11.170005 6.950002 12.830002
v 11.170005 6.950001 11.030001
v -11.170002 -0.019997 12.830003
v 11.170004 -0.019999 12.830001
v 19.960003 4.660000 6.770000
v 19.960003 4.660000 6.770000
v 19.960003 4.660000 6.770000
v 19.600004 5.220000 6.770000
v 19.600004 5.220000 6.770000
v 19.600004 5.220000 6.770000
v 19.600004 2.880000 6.770000
v 19.600004 2.880000 6.770000
v 19.600004 2.880000 6.770000
v 19.960003 2.920000 6.770000
v 19.960003 2.920000 6.770000
v 19.960003 2.920000 6.770000
v 20.240005 2.960000 6.830000
v 20.240005 2.960000 6.830000
v 20.240005 2.710000 6.830000
v 20.240005 2.710000 6.830000
v 20.240005 2.710000 6.750000
v 20.240005 2.710000 6.750000
v 20.240005 2.960000 6.750000
v 20.240005 2.960000 6.750000
v 19.600004 5.630000 6.830000
v 19.600004 5.630000 6.830000
v 20.150005 4.820000 6.830000
v 20.150005 4.820000 6.830000
v 20.150005 4.820000 6.830000
v 20.150005 4.820000 6.750000
v 20.150005 4.820000 6.750000
v 19.600004 5.630000 6.750000
v 18.960003 2.710000 6.830000
v 18.960003 2.710000 6.830000
v 18.960003 2.960000 6.830000
v 18.960003 2.960000 6.830000
v 18.960003 2.960000 6.750000
v 18.960003 2.960000 6.750000
v 18.960003 2.710000 6.750000
v 18.960003 2.710000 6.750000
v 19.600004 2.630000 6.830000
v 19.600004 2.630000 6.830000
v 19.600004 2.630000 6.830000
v 19.050003 2.710000 6.830000
v 19.050003 2.710000 6.830000
v 19.050003 2.710000 6.750000
v 19.050003 2.710000 6.750000
v 19.600004 2.630000 6.750000
v 20.150005 2.710000 6.920000
v 20.150005 2.710000 6.920000
v 20.150005 2.710000 6.920000
v 20.150005 2.960000 6.920000
v 20.150005 2.960000 6.920000
v 20.150005 2.960000 6.920000
v 19.960003 2.920000 6.920000
v 19.960003 2.920000 6.920000
v 19.960003 2.920000 6.920000
v 19.600004 5.220000 6.830000
v 19.600004 5.220000 6.830000
v 19.600004 5.220000 6.830000
v 19.960003 4.660000 6.830000
v 19.960003 4.660000 6.830000
v 19.960003 4.660000 6.830000
v 19.050003 2.960000 6.920000
v 19.050003 2.960000 6.920000
v 19.050003 2.960000 6.920000
v 19.050003 2.710000 6.920000
v 19.050003 2.710000 6.920000
v 19.050003 2.710000 6.920000
v 19.240004 2.940000 6.920000
v 19.240004 2.940000 6.920000
v 19.240004 2.940000 6.920000
v 19.600004 2.630000 6.920000
v 19.600004 2.630000 6.920000
v 19.600004 2.630000 6.920000
v 19.600004 2.880000 6.920000
v 19.600004 2.880000 6.920000
v 19.600004 2.880000 6.920000
v 19.240004 4.660000 6.770000
v 19.240004 4.660000 6.770000
v 19.240004 4.660000 6.770000
v 19.240004 2.940000 6.770000
v 19.240004 2.940000 6.770000
v 19.240004 2.940000 6.770000
v 19.050003 4.820000 6.830000
v 19.050003 4.820000 6.830000
v 19.050003 4.820000 6.830000
v 19.050003 4.820000 6.750000
v 19.050003 4.820000 6.750000
v 20.150005 2.710000 6.830000
v 20.150005 2.710000 6.830000
v 20.150005 2.710000 6.750000
v 20.150005 2.710000 6.750000
v 19.240004 4.660000 6.830000
v 19.240004 4.660000 6.830000
v 19.240004 4.660000 6.830000
v 19.960003 2.920000 6.830000
v 19.960003 2.920000 6.830000
v 19.960003 2.920000 6.830000
v 19.960003 2.920000 6.830000
v 19.240004 2.940000 6.830000
v 19.240004 2.940000 6.830000
v 19.240004 2.940000 6.830000
v 19.240004 2.940000 6.830000
v 19.600004 2.880000 6.830000
v 19.600004 2.880000 6.830000
v 19.050003 2.960000 6.830000
v 19.050003 2.960000 6.830000
v 19.050003 2.960000 6.830000
v 19.050003 2.960000 6.830000
v 19.050003 2.960000 6.750000
v 19.050003 2.960000 6.750000
v 20.150005 2.960000 6.830000
v 20.150005 2.960000 6.830000
v 20.150005 2.960000 6.830000
v 20.150005 2.960000 6.830000
v 20.150005 2.960000 6.750000
v 20.150005 2.960000 6.750000
v 20.240005 2.960000 6.920000
v 20.240005 2.960000 6.920000
v 20.240005 2.960000 6.920000
v 20.240005 2.710000 6.920000
v 20.240005 2.710000 6.920000
v 20.240005 2.710000 6.920000
v 18.960003 2.710000 6.920000
v 18.960003 2.710000 6.920000
v 18.960003 2.710000 6.920000
v 18.960003 2.960000 6.920000
v 18.960003 2.960000 6.920000
v 18.960003 2.960000 6.920000
v 6.810003 4.660002 12.830002
v 6.810003 4.660002 12.830002
v 6.810003 4.660002 12.830002
v 6.450003 5.220002 12.830002
v 6.450003 5.220002 12.830002
v 6.450003 5.220002 12.830002
v 6.450002 2.880002 12.830002
v 6.450002 2.880002 12.830002
v 6.450002 2.880002 12.830002
v 6.810002 2.920002 12.830002
v 6.810002 2.920002 12.830002
v 6.810002 2.920002 12.830002
v 7.090003 2.960001 12.890002
v 7.090003 2.960001 12.890002
v 7.090003 2.710001 12.890002
v 7.090003 2.710001 12.890002
v 7.090003 2.710001 12.810002
v 7.090003 2.710001 12.810002
v 7.090003 2.960001 12.810002
v 7.090003 2.960001 12.810002
v 6.450003 5.630002 12.890002
v 6.450003 5.630002 12.890002
v 6.990003 4.820002 12.890002
v 6.990003 4.820002 12.890002
v 6.990003 4.820002 12.890002
v 6.990003 4.820002 12.810002
v 6.990003 4.820002 12.810002
v 6.450003 5.630002 12.810002
v 5.810002 2.710001 12.890002
v 5.810002 2.710001 12.890002
v 5.810002 2.960001 12.890002
v 5.810002 2.960001 12.890002
v 5.810002 2.960001 12.810002
v 5.810002 2.960001 12.810002
v 5.810002 2.710001 12.810002
v 5.810002 2.710001 12.810002
v 6.450002 2.630002 12.890002
v 6.450002 2.630002 12.890002
v 6.450002 2.630002 12.890002
v 5.900002 2.710001 12.890002
v 5.900002 2.710001 12.890002
v 5.900002 2.710001 12.810002
v 5.900002 2.710001 12.810002
v 6.450002 2.630002 12.810002
v 6.990002 2.710001 12.980001
v 6.990002 2.710001 12.980001
v 6.990002 2.710001 12.980001
v 6.990002 2.960001 12.980001
v 6.990002 2.960001 12.980001
v 6.990002 2.960001 12.980001
v 6.810002 2.920002 12.980001
v 6.810002 2.920002 12.980001
v 6.810002 2.920002 12.980001
v 6.450003 5.220002 12.890002
v 6.450003 5.220002 12.890002
v 6.450003 5.220002 12.890002
v 6.810003 4.660002 12.890002
v 6.810003 4.660002 12.890002
v 6.810003 4.660002 12.890002
v 5.900002 2.960001 12.980001
v 5.900002 2.960001 12.980001
v 5.900002 2.960001 12.980001
v 5.900002 2.710001 12.980001
v 5.900002 2.710001 12.980001
v 5.900002 2.710001 12.980001
v 6.090003 2.940001 12.980001
v 6.090003 2.940001 12.980001
v 6.090003 2.940001 12.980001
v 6.450002 2.630002 12.980001
v 6.450002 2.630002 12.980001
v 6.450002 2.630002 12.980001
v 6.450002 2.880002 12.980001
v 6.450002 2.880002 12.980001
v 6.450002 2.880002 12.980001
v 6.090003 4.660002 12.830002
v 6.090003 4.660002 12.830002
v 6.090003 4.660002 12.830002
v 6.090003 2.940001 12.830002
v 6.090003 2.940001 12.830002
v 6.090003 2.940001 12.830002
v 5.900003 4.820002 12.890002
v 5.900003 4.820002 12.890002
v 5.900003 4.820002 12.890002
v 5.900003 4.820002 12.810002
v 5.900003 4.820002 12.810002
v 6.990002 2.710001 12.890002
v 6.990002 2.710001 12.890002
v 6.990002 2.710001 12.810002
v 6.990002 2.710001 12.810002
v 6.090003 4.660002 12.890002
v 6.090003 4.660002 12.890002
v 6.090003 4.660002 12.890002
v 6.810002 2.920002 12.890002
v 6.810002 2.920002 12.890002
v 6.810002 2.920002 12.890002
v 6.810002 2.920002 12.890002
v 6.090003 2.940001 12.890002
v 6.090003 2.940001 12.890002
v 6.090003 2.940001 12.890002
v 6.090003 2.940001 12.890002
v 6.450002 2.880002 12.890002
v 6.450002 2.880002 12.890002
v 5.900002 2.960001 12.890002
v 5.900002 2.960001 12.890002
v 5.900002 2.960001 12.890002
v 5.900002 2.960001 12.890002
v 5.900002 2.960001 12.810002
v 5.900002 2.960001 12.810002
v 6.990002 2.960001 12.890002
v 6.990002 2.960001 12.890002
v 6.990002 2.960001 12.890002
v 6.990002 2.960001 12.890002
v 6.990002 2.960001 12.810002
v 6.990002 2.960001 12.810002
v 7.090003 2.960001 12.980001
v 7.090003 2.960001 12.980001
v 7.090003 2.960001 12.980001
v 7.090003 2.710001 12.980001
v 7.090003 2.710001 12.980001
v 7.090003 2.710001 12.980001
v 5.810002 2.710001 12.980001
v 5.810002 2.710001 12.980001
v 5.810002 2.710001 12.980001
v 5.810002 2.960001 12.980001
v 5.810002 2.960001 12.980001
v 5.810002 2.960001 12.980001
v 4.170003 10.560003 11.040002
v 4.170003 10.560003 11.040002
v 4.170003 10.560003 11.040002
v 3.810003 11.120003 11.040002
v 3.810003 11.120003 11.040002
v 3.810003 11.120003 11.040002
v 3.810002 8.770003 11.040002
v 3.810002 8.770003 11.040002
v 3.810002 8.770003 11.040002
v 4.170002 8.820003 11.040002
v 4.170002 8.820003 11.040002
v 4.170002 8.820003 11.040002
v 4.450002 8.860003 11.100002
v 4.450002 8.860003 11.100002
v 4.450002 8.610003 11.100002
v 4.450002 8.610003 11.100002
v 4.450002 8.610003 11.020002
v 4.450002 8.610003 11.020002
v 4.450002 8.860003 11.020002
v 4.450002 8.860003 11.020002
v 3.810003 11.530003 11.100002
v 3.810003 11.530003 11.100002
v 4.360003 10.720003 11.100002
v 4.360003 10.720003 11.100002
v 4.360003 10.720003 11.100002
v 4.360003 10.720003 11.020002
v 4.360003 10.720003 11.020002
v 3.810003 11.530003 11.020002
v 3.170002 8.610003 11.100002
v 3.170002 8.610003 11.100002
v 3.170002 8.860003 11.100002
v 3.170002 8.860003 11.100002
v 3.170002 8.860003 11.020002
v 3.170002 8.860003 11.020002
v 3.170002 8.610003 11.020002
v 3.170002 8.610003 11.020002
v 3.810003 8.520003 11.100002
v 3.810003 8.520003 11.100002
v 3.810003 8.520003 11.100002
v 3.270002 8.610003 11.100002
v 3.270002 8.610003 11.100002
v 3.270002 8.610003 11.020002
v 3.270002 8.610003 11.020002
v 3.810002 8.520003 11.020002
v 4.360003 8.610003 11.190001
v 4.360003 8.610003 11.190001
v 4.360003 8.610003 11.190001
v 4.360003 8.860003 11.190001
v 4.360003 8.860003 11.190001
v 4.360003 8.860003 11.190001
v 4.170002 8.820003 11.190001
v 4.170002 8.820003 11.190001
v 4.170002 8.820003 11.190001
v 3.810003 11.120003 11.100002
v 3.810003 11.120003 11.100002
v 3.810003 11.120003 11.100002
v 4.170003 10.560003 11.100002
v 4.170003 10.560003 11.100002
v 4.170003 10.560003 11.100002
v 3.270002 8.860003 11.190001
v 3.270002 8.860003 11.190001
v 3.270002 8.860003 11.190001
v 3.270002 8.610003 11.190001
v 3.270002 8.610003 11.190001
v 3.270002 8.610003 11.190001
v 3.450002 8.830003 11.190001
v 3.450002 8.830003 11.190001
v 3.450002 8.830003 11.190001
v 3.810003 8.520003 11.190001
v 3.810003 8.520003 11.190001
v 3.810003 8.520003 11.190001
v 3.810003 8.770003 11.190001
v 3.810003 8.770003 11.190001
v 3.810003 8.770003 11.190001
v 3.450002 10.560003 11.040002
v 3.450002 10.560003 11.040002
v 3.450002 10.560003 11.040002
v 3.450002 8.830003 11.040002
v 3.450002 8.830003 11.040002
v 3.450002 8.830003 11.040002
v 3.270002 10.720003 11.100002
v 3.270002 10.720003 11.100002
v 3.270002 10.720003 11.100002
v 3.270002 10.720003 11.020002
v 3.270002 10.720003 11.020002
v 4.360003 8.610003 11.100002
v 4.360003 8.610003 11.100002
v 4.360003 8.610003 11.020002
v 4.360003 8.610003 11.020002
v 3.450002 10.560003 11.100002
v 3.450002 10.560003 11.100002
v 3.450002 10.560003 11.100002
v 4.170002 8.820003 11.100002
v 4.170002 8.820003 11.100002
v 4.170002 8.820003 11.100002
v 4.170002 8.820003 11.100002
v 3.450002 8.830003 11.100002
v 3.450002 8.830003 11.100002
v 3.450002 8.830003 11.100002
v 3.450002 8.830003 11.100002
v 3.810003 8.770003 11.100002
v 3.810003 8.770003 11.100002
v 3.270002 8.860003 11.100002
v 3.270002 8.860003 11.100002
v 3.270002 8.860003 11.100002
v 3.270002 8.860003 11.100002
v 3.270002 8.860003 11.020002
v 3.270002 8.860003 11.020002
v 4.360003 8.860003 11.100002
v 4.360003 8.860003 11.100002
v 4.360003 8.860003 11.100002
v 4.360003 8.860003 11.100002
v 4.360003 8.860003 11.020002
v 4.360003 8.860003 11.020002
v 4.450002 8.860003 11.190001
v 4.450002 8.860003 11.190001
v 4.450002 8.860003 11.190001
v 4.450002 8.610003 11.190001
v 4.450002 8.610003 11.190001
v 4.450002 8.610003 11.190001
v 3.170002 8.610003 11.190001
v 3.170002 8.610003 11.190001
v 3.170002 8.610003 11.190001
v 3.170002 8.860003 11.190001
v 3.170002 8.860003 11.190001
v 3.170002 8.860003 11.190001
v -3.089999 10.560003 11.040003
v -3.089999 10.560003 11.040003
v -3.089999 10.560003 11.040003
v -3.439999 11.120003 11.040003
v -3.439999 11.120003 11.040003
v -3.439999 11.120003 11.040003
v -3.439999 8.770003 11.040003
v -3.439999 8.770003 11.040003
v -3.439999 8.770003 11.040003
v -3.089999 8.820003 11.040002
v -3.089999 8.820003 11.040002
v -3.089999 8.820003 11.040002
v -2.809999 8.860003 11.100002
v -2.809999 8.860003 11.100002
v -2.809999 8.610003 11.100002
v -2.809999 8.610003 11.100002
v -2.809999 8.610003 11.020002
v -2.809999 8.610003 11.020002
v -2.809999 8.860003 11.020002
v -2.809999 8.860003 11.020002
v -3.439999 11.530003 11.100003
v -3.439999 11.530003 11.100003
v -2.899999 10.720003 11.100003
v -2.899999 10.720003 11.100003
v -2.899999 10.720003 11.100003
v -2.899999 10.720003 11.020003
v -2.899999 10.720003 11.020003
v -3.439999 11.530003 11.020003
v -4.079999 8.610003 11.100003
v -4.079999 8.610003 11.100003
v -4.079999 8.860003 11.100003
v -4.079999 8.860003 11.100003
v -4.079999 8.860003 11.020003
v -4.079999 8.860003 11.020003
v -4.079999 8.610003 11.020003
v -4.079999 8.610003 11.020003
v -3.439999 8.520003 11.100002
v -3.439999 8.520003 11.100002
v -3.439999 8.520003 11.100002
v -3.989999 8.610003 11.100003
v -3.989999 8.610003 11.100003
v -3.990000 8.610003 11.020003
v -3.990000 8.610003 11.020003
v -3.439999 8.520003 11.020002
v -2.899999 8.610003 11.190001
v -2.899999 8.610003 11.190001
v -2.899999 8.610003 11.190001
v -2.899999 8.860003 11.190001
v -2.899999 8.860003 11.190001
v -2.899999 8.860003 11.190001
v -3.089999 8.820003 11.190001
v -3.089999 8.820003 11.190001
v -3.089999 8.820003 11.190001
v -3.439999 11.120003 11.100003
v -3.439999 11.120003 11.100003
v -3.439999 11.120003 11.100003
v -3.089999 10.560003 11.100003
v -3.089999 10.560003 11.100003
v -3.089999 10.560003 11.100003
v -3.989999 8.860003 11.190002
v -3.989999 8.860003 11.190002
v -3.989999 8.860003 11.190002
v -3.989999 8.610003 11.190002
v -3.989999 8.610003 11.190002
v -3.989999 8.610003 11.190002
v -3.799999 8.830003 11.190002
v -3.799999 8.830003 11.190002
v -3.799999 8.830003 11.190002
v -3.439999 8.520003 11.190001
v -3.439999 8.520003 11.190001
v -3.439999 8.520003 11.190001
v -3.439999 8.770003 11.190002
v -3.439999 8.770003 11.190002
v -3.439999 8.770003 11.190002
v -3.799999 10.560003 11.040003
v -3.799999 10.560003 11.040003
v -3.799999 10.560003 11.040003
v -3.799999 8.830003 11.040003
v -3.799999 8.830003 11.040003
v -3.799999 8.830003 11.040003
v -3.989999 10.720003 11.100003
v -3.989999 10.720003 11.100003
v -3.989999 10.720003 11.100003
v -3.990000 10.720003 11.020003
v -3.990000 10.720003 11.020003
v -2.899999 8.610003 11.100002
v -2.899999 8.610003 11.100002
v -2.899999 8.610003 11.020002
v -2.899999 8.610003 11.020002
v -3.799999 10.560003 11.100003
v -3.799999 10.560003 11.100003
v -3.799999 10.560003 11.100003
v -3.089999 8.820003 11.100002
v -3.089999 8.820003 11.100002
v -3.089999 8.820003 11.100002
v -3.089999 8.820003 11.100002
v -3.799999 8.830003 11.100003
v -3.799999 8.830003 11.100003
v -3.799999 8.830003 11.100003
v -3.799999 8.830003 11.100003
v -3.439999 8.770003 11.100003
v -3.439999 8.770003 11.100003
v -3.989999 8.860003 11.100003
v -3.989999 8.860003 11.100003
v -3.989999 8.860003 11.100003
v -3.989999 8.860003 11.100003
v -3.990000 8.860003 11.020003
v -3.990000 8.860003 11.020003
v -2.899999 8.860003 11.100002
v -2.899999 8.860003 11.100002
v -2.899999 8.860003 11.100002
v -2.899999 8.860003 11.100002
v -2.899999 8.860003 11.020002
v -2.899999 8.860003 11.020002
v -2.809999 8.860003 11.190001
v -2.809999 8.860003 11.190001
v -2.809999 8.860003 11.190001
v -2.809999 8.610003 11.190001
v -2.809999 8.610003 11.190001
v -2.809999 8.610003 11.190001
v -4.079999 8.610003 11.190002
v -4.079999 8.610003 11.190002
v -4.079999 8.610003 11.190002
v -4.079999 8.860003 11.190002
v -4.079999 8.860003 11.190002
v -4.079999 8.860003 11.190002
v -5.720000 4.660003 12.830003
v -5.720000 4.660003 12.830003
v -5.720000 4.660003 12.830003
v -6.080000 5.220003 12.830003
v -6.080000 5.220003 12.830003
v -6.080000 5.220003 12.830003
v -6.080000 2.880002 12.830003
v -6.080000 2.880002 12.830003
v -6.080000 2.880002 12.830003
v -5.720000 2.920002 12.830003
v -5.720000 2.920002 12.830003
v -5.720000 2.920002 12.830003
v -5.440001 2.960002 12.890003
v -5.440001 2.960002 12.890003
v -5.440001 2.710002 12.890003
v -5.440001 2.710002 12.890003
v -5.440001 2.710002 12.810003
v -5.440001 2.710002 12.810003
v -5.440001 2.960002 12.810003
v -5.440001 2.960002 12.810003
v -6.080000 5.630003 12.890003
v -6.080000 5.630003 12.890003
v -5.540000 4.820003 12.890003
v -5.540000 4.820003 12.890003
v -5.540000 4.820003 12.890003
v -5.540000 4.820003 12.810003
v -5.540000 4.820003 12.810003
v -6.080000 5.630003 12.810003
v -6.720000 2.710002 12.890003
v -6.720000 2.710002 12.890003
v -6.720000 2.960002 12.890003
v -6.720000 2.960002 12.890003
v -6.720000 2.960002 12.810003
v -6.720000 2.960002 12.810003
v -6.720000 2.710002 12.810003
v -6.720000 2.710002 12.810003
v -6.080000 2.630002 12.890003
v -6.080000 2.630002 12.890003
v -6.080000 2.630002 12.890003
v -6.630001 2.710002 12.890003
v -6.630001 2.710002 12.890003
v -6.630001 2.710002 12.810003
v -6.630001 2.710002 12.810003
v -6.080000 2.630002 12.810003
v -5.540000 2.710002 12.980002
v -5.540000 2.710002 12.980002
v -5.540000 2.710002 12.980002
v -5.540000 2.960002 12.980002
v -5.540000 2.960002 12.980002
v -5.540000 2.960002 12.980002
v -5.720000 2.920002 12.980002
v -5.720000 2.920002 12.980002
v -5.720000 2.920002 12.980002
v -6.080000 5.220003 12.890003
v -6.080000 5.220003 12.890003
v -6.080000 5.220003 12.890003
v -5.720000 4.660003 12.890003
v -5.720000 4.660003 12.890003
v -5.720000 4.660003 12.890003
v -6.630001 2.960002 12.980002
v -6.630001 2.960002 12.980002
v -6.630001 2.960002 12.980002
v -6.630001 2.710002 12.980002
v -6.630001 2.710002 12.980002
v -6.630001 2.710002 12.980002
v -6.440001 2.940002 12.980002
v -6.440001 2.940002 12.980002
v -6.440001 2.940002 12.980002
v -6.080000 2.630002 12.980002
v -6.080000 2.630002 12.980002
v -6.080000 2.630002 12.980002
v -6.080000 2.880002 12.980002
v -6.080000 2.880002 12.980002
v -6.080000 2.880002 12.980002
v -6.440000 4.660003 12.830003
v -6.440000 4.660003 12.830003
v -6.440000 4.660003 12.830003
v -6.440001 2.940002 12.830003
v -6.440001 2.940002 12.830003
v -6.440001 2.940002 12.830003
v -6.630000 4.820003 12.890003
v -6.630000 4.820003 12.890003
v -6.630000 4.820003 12.890003
v -6.630000 4.820003 12.810003
v -6.630000 4.820003 12.810003
v -5.540000 2.710002 12.890003
v -5.540000 2.710002 12.890003
v -5.540000 2.710002 12.810003
v -5.540000 2.710002 12.810003
v -6.440000 4.660003 12.890003
v -6.440000 4.660003 12.890003
v -6.440000 4.660003 12.890003
v -5.720000 2.920002 12.890003
v -5.720000 2.920002 12.890003
v -5.720000 2.920002 12.890003
v -5.720000 2.920002 12.890003
v -6.440001 2.940002 12.890003
v -6.440001 2.940002 12.890003
v -6.440001 2.940002 12.890003
v -6.440001 2.940002 12.890003
v -6.080000 2.880002 12.890003
v -6.080000 2.880002 12.890003
v -6.630001 2.960002 12.890003
v -6.630001 2.960002 12.890003
v -6.630001 2.960002 12.890003
v -6.630001 2.960002 12.890003
v -6.630001 2.960002 12.810003
v -6.630001 2.960002 12.810003
v -5.540000 2.960002 12.890003
v -5.540000 2.960002 12.890003
v -5.540000 2.960002 12.890003
v -5.540000 2.960002 12.890003
v -5.540000 2.960002 12.810003
v -5.540000 2.960002 12.810003
v -5.440001 2.960002 12.980002
v -5.440001 2.960002 12.980002
v -5.440001 2.960002 12.980002
v -5.440001 2.710002 12.980002
v -5.440001 2.710002 12.980002
v -5.440001 2.710002 12.980002
v -6.720000 2.710002 12.980002
v -6.720000 2.710002 12.980002
v -6.720000 2.710002 12.980002
v -6.720000 2.960002 12.980002
v -6.720000 2.960002 12.980002
v -6.720000 2.960002 12.980002
v 6.300004 20.760002 3.630003
v 6.300004 20.760002 3.630003
v 6.300004 20.760002 3.630003
v 5.940003 21.320002 3.630003
v 5.940003 21.320002 3.630003
v 5.940003 21.320002 3.630003
v 5.940003 18.980001 3.630003
v 5.940003 18.980001 3.630003
v 5.940003 18.980001 3.630003
v 6.300004 19.020002 3.630003
v 6.300004 19.020002 3.630003
v 6.300004 19.020002 3.630003
v 6.580003 19.060001 3.690003
v 6.580003 19.060001 3.690003
v 6.580003 18.810001 3.690003
v 6.580003 18.810001 3.690003
v 6.580003 18.810001 3.600003
v 6.580003 18.810001 3.600003
v 6.580003 19.060001 3.600003
v 6.580003 19.060001 3.600003
v 5.940003 21.730001 3.690003
v 5.940003 21.730001 3.690003
v 6.490003 20.920002 3.690003
v 6.490003 20.920002 3.690003
v 6.490003 20.920002 3.690003
v 6.490003 20.920002 3.600003
v 6.490003 20.920002 3.600003
v 5.940003 21.730001 3.600003
v 5.300004 18.810001 3.690003
v 5.300004 18.810001 3.690003
v 5.300004 19.060001 3.690003
v 5.300004 19.060001 3.690003
v 5.300004 19.060001 3.600003
v 5.300004 19.060001 3.600003
v 5.300004 18.810001 3.600003
v 5.300004 18.810001 3.600003
v 5.940003 18.730001 3.690003
v 5.940003 18.730001 3.690003
v 5.940003 18.730001 3.690003
v 5.400003 18.810001 3.690003
v 5.400003 18.810001 3.690003
v 5.400003 18.810001 3.600003
v 5.400003 18.810001 3.600003
v 5.940003 18.730001 3.600003
v 6.490003 18.810001 3.780003
v 6.490003 18.810001 3.780003
v 6.490003 18.810001 3.780003
v 6.490003 19.060001 3.780003
v 6.490003 19.060001 3.780003
v 6.490003 19.060001 3.780003
v 6.300004 19.020002 3.780003
v 6.300004 19.020002 3.780003
v 6.300004 19.020002 3.780003
v 5.940003 21.320002 3.690003
v 5.940003 21.320002 3.690003
v 5.940003 21.320002 3.690003
v 6.300004 20.760002 3.690003
v 6.300004 20.760002 3.690003
v 6.300004 20.760002 3.690003
v 5.400003 19.060001 3.780003
v 5.400003 19.060001 3.780003
v 5.400003 19.060001 3.780003
v 5.400003 18.810001 3.780003
v 5.400003 18.810001 3.780003
v 5.400003 18.810001 3.780003
v 5.580003 19.040003 3.780003
v 5.580003 19.040003 3.780003
v 5.580003 19.040003 3.780003
v 5.940003 18.730001 3.780003
v 5.940003 18.730001 3.780003
v 5.940003 18.730001 3.780003
v 5.940003 18.980001 3.780003
v 5.940003 18.980001 3.780003
v 5.940003 18.980001 3.780003
v 5.580003 20.760002 3.630003
v 5.580003 20.760002 3.630003
v 5.580003 20.760002 3.630003
v 5.580003 19.040003 3.630003
v 5.580003 19.040003 3.630003
v 5.580003 19.040003 3.630003
v 5.400003 20.920002 3.690003
v 5.400003 20.920002 3.690003
v 5.400003 20.920002 3.690003
v 5.400003 20.920002 3.600003
v 5.400003 20.920002 3.600003
v 6.490003 18.810001 3.690003
v 6.490003 18.810001 3.690003
v 6.490003 18.810001 3.600003
v 6.490003 18.810001 3.600003
v 5.580003 20.760002 3.690003
v 5.580003 20.760002 3.690003
v 5.580003 20.760002 3.690003
v 6.300004 19.020002 3.690003
v 6.300004 19.020002 3.690003
v 6.300004 19.020002 3.690003
v 6.300004 19.020002 3.690003
v 5.580003 19.040003 3.690003
v 5.580003 19.040003 3.690003
v 5.580003 19.040003 3.690003
v 5.580003 19.040003 3.690003
v 5.940003 18.980001 3.690003
v 5.940003 18.980001 3.690003
v 5.400003 19.060001 3.690003
v 5.400003 19.060001 3.690003
v 5.400003 19.060001 3.690003
v 5.400003 19.060001 3.690003
v 5.400003 19.060001 3.600003
v 5.400003 19.060001 3.600003
v 6.490003 19.060001 3.690003
v 6.490003 19.060001 3.690003
v 6.490003 19.060001 3.690003
v 6.490003 19.060001 3.690003
v 6.490003 19.060001 3.600003
v 6.490003 19.060001 3.600003
v 6.580003 19.060001 3.780003
v 6.580003 19.060001 3.780003
v 6.580003 19.060001 3.780003
v 6.580003 18.810001 3.780003
v 6.580003 18.810001 3.780003
v 6.580003 18.810001 3.780003
v 5.300004 18.810001 3.780003
v 5.300004 18.810001 3.780003
v 5.300004 18.810001 3.780003
v 5.300004 19.060001 3.780003
v 5.300004 19.060001 3.780003
v 5.300004 19.060001 3.780003
v -5.889999 20.760002 3.630004
v -5.889999 20.760002 3.630004
v -5.889999 20.760002 3.630004
v -6.250000 21.320002 3.630004
v -6.250000 21.320002 3.630004
v -6.250000 21.320002 3.630004
v -6.250000 18.980001 3.630004
v -6.250000 18.980001 3.630004
v -6.250000 18.980001 3.630004
v -5.889999 19.020002 3.630004
v -5.889999 19.020002 3.630004
v -5.889999 19.020002 3.630004
v -5.610000 19.060001 3.690004
v -5.610000 19.060001 3.690004
v -5.610000 18.810001 3.690003
v -5.610000 18.810001 3.690003
v -5.610000 18.810001 3.600003
v -5.610000 18.810001 3.600003
v -5.610000 19.060001 3.600003
v -5.610000 19.060001 3.600003
v -6.250000 21.730001 3.690004
v -6.250000 21.730001 3.690004
v -5.699999 20.920002 3.690004
v -5.699999 20.920002 3.690004
v -5.699999 20.920002 3.690004
v -5.699999 20.920002 3.600004
v -5.699999 20.920002 3.600004
v -6.250000 21.730001 3.600004
v -6.889999 18.810001 3.690004
v -6.889999 18.810001 3.690004
v -6.889999 19.060001 3.690004
v -6.889999 19.060001 3.690004
v -6.889999 19.060001 3.600003
v -6.889999 19.060001 3.600003
v -6.889999 18.810001 3.600003
v -6.889999 18.810001 3.600003
v -6.250000 18.730001 3.690004
v -6.250000 18.730001 3.690004
v -6.250000 18.730001 3.690004
v -6.789999 18.810001 3.690004
v -6.789999 18.810001 3.690004
v -6.789999 18.810001 3.600003
v -6.789999 18.810001 3.600003
v -6.250000 18.730001 3.600003
v -5.699999 18.810001 3.780003
v -5.699999 18.810001 3.780003
v -5.699999 18.810001 3.780003
v -5.699999 19.060001 3.780004
v -5.699999 19.060001 3.780004
v -5.699999 19.060001 3.780004
v -5.889999 19.020002 3.780004
v -5.889999 19.020002 3.780004
v -5.889999 19.020002 3.780004
v -6.250000 21.320002 3.690004
v -6.250000 21.320002 3.690004
v -6.250000 21.320002 3.690004
v -5.889999 20.760002 3.690004
v -5.889999 20.760002 3.690004
v -5.889999 20.760002 3.690004
v -6.789999 19.060001 3.780004
v -6.789999 19.060001 3.780004
v -6.789999 19.060001 3.780004
v -6.789999 18.810001 3.780004
v -6.789999 18.810001 3.780004
v -6.789999 18.810001 3.780004
v -6.610000 19.040003 3.780004
v -6.610000 19.040003 3.780004
v -6.610000 19.040003 3.780004
v -6.250000 18.730001 3.780004
v -6.250000 18.730001 3.780004
v -6.250000 18.730001 3.780004
v -6.250000 18.980001 3.780004
v -6.250000 18.980001 3.780004
v -6.250000 18.980001 3.780004
v -6.610000 20.760002 3.630004
v -6.610000 20.760002 3.630004
v -6.610000 20.760002 3.630004
v -6.610000 19.040003 3.630004
v -6.610000 19.040003 3.630004
v -6.610000 19.040003 3.630004
v -6.789999 20.920002 3.690004
v -6.789999 20.920002 3.690004
v -6.789999 20.920002 3.690004
v -6.789999 20.920002 3.600004
v -6.789999 20.920002 3.600004
v -5.699999 18.810001 3.690003
v -5.699999 18.810001 3.690003
v -5.699999 18.810001 3.600003
v -5.699999 18.810001 3.600003
v -6.610000 20.760002 3.690004
v -6.610000 20.760002 3.690004
v -6.610000 20.760002 3.690004
v -5.889999 19.020002 3.690004
v -5.889999 19.020002 3.690004
v -5.889999 19.020002 3.690004
v -5.889999 19.020002 3.690004
v -6.610000 19.040003 3.690004
v -6.610000 19.040003 3.690004
v -6.610000 19.040003 3.690004
v -6.610000 19.040003 3.690004
v -6.250000 18.980001 3.690004
v -6.250000 18.980001 3.690004
v -6.789999 19.060001 3.690004
v -6.789999 19.060001 3.690004
v -6.789999 19.060001 3.690004
v -6.789999 19.060001 3.690004
v -6.789999 19.060001 3.600003
v -6.789999 19.060001 3.600003
v -5.699999 19.060001 3.690004
v -5.699999 19.060001 3.690004
v -5.699999 19.060001 3.690004
v -5.699999 19.060001 3.690004
v -5.699999 19.060001 3.600003
v -5.699999 19.060001 3.600003
v -5.610000 19.060001 3.780004
v -5.610000 19.060001 3.780004
v -5.610000 19.060001 3.780004
v -5.610000 18.810001 3.780003
v -5.610000 18.810001 3.780003
v -5.610000 18.810001 3.780003
v -6.889999 18.810001 3.780004
v -6.889999 18.810001 3.780004
v -6.889999 18.810001 3.780004
v -6.889999 19.060001 3.780004
v -6.889999 19.060001 3.780004
v -6.889999 19.060001 3.780004
v 8.760004 20.760002 -0.359998
v 8.760004 20.760002 -0.359998
v 8.760004 20.760002 -0.359998
v 8.760004 21.320002 0.000002
v 8.760004 21.320002 0.000002
v 8.760004 21.320002 0.000002
v 8.760004 18.980001 0.000002
v 8.760004 18.980001 0.000002
v 8.760004 18.980001 0.000002
v 8.760004 19.020002 -0.359998
v 8.760004 19.020002 -0.359998
v 8.760004 19.020002 -0.359998
v 8.820004 19.060001 -0.639998
v 8.820004 19.060001 -0.639998
v 8.820003 18.810001 -0.639998
v 8.820003 18.810001 -0.639998
v 8.740003 18.810001 -0.639998
v 8.740003 18.810001 -0.639998
v 8.740004 19.060001 -0.639998
v 8.740004 19.060001 -0.639998
v 8.820004 21.730001 0.000002
v 8.820004 21.730001 0.000002
v 8.820004 20.920002 -0.549998
v 8.820004 20.920002 -0.549998
v 8.820004 20.920002 -0.549998
v 8.740004 20.920002 -0.549998
v 8.740004 20.920002 -0.549998
v 8.740004 21.730001 0.000002
v 8.820003 18.810001 0.640002
v 8.820003 18.810001 0.640002
v 8.820004 19.060001 0.640002
v 8.820004 19.060001 0.640002
v 8.740004 19.060001 0.640002
v 8.740004 19.060001 0.640002
v 8.740003 18.810001 0.640002
v 8.740003 18.810001 0.640002
v 8.820003 18.730001 0.000002
v 8.820003 18.730001 0.000002
v 8.820003 18.730001 0.000002
v 8.820003 18.810001 0.550002
v 8.820003 18.810001 0.550002
v 8.740003 18.810001 0.550002
v 8.740003 18.810001 0.550002
v 8.740003 18.730001 0.000002
v 8.910003 18.810001 -0.549998
v 8.910003 18.810001 -0.549998
v 8.910003 18.810001 -0.549998
v 8.910004 19.060001 -0.549998
v 8.910004 19.060001 -0.549998
v 8.910004 19.060001 -0.549998
v 8.910004 19.020002 -0.359998
v 8.910004 19.020002 -0.359998
v 8.910004 19.020002 -0.359998
v 8.820004 21.320002 0.000002
v 8.820004 21.320002 0.000002
v 8.820004 21.320002 0.000002
v 8.820004 20.760002 -0.359998
v 8.820004 20.760002 -0.359998
v 8.820004 20.760002 -0.359998
v 8.910004 19.060001 0.550002
v 8.910004 19.060001 0.550002
v 8.910004 19.060001 0.550002
v 8.910003 18.810001 0.550002
v 8.910003 18.810001 0.550002
v 8.910003 18.810001 0.550002
v 8.910004 19.040003 0.360002
v 8.910004 19.040003 0.360002
v 8.910004 19.040003 0.360002
v 8.910003 18.730001 0.000002
v 8.910003 18.730001 0.000002
v 8.910003 18.730001 0.000002
v 8.910004 18.980001 0.000002
v 8.910004 18.980001 0.000002
v 8.910004 18.980001 0.000002
v 8.760004 20.760002 0.360002
v 8.760004 20.760002 0.360002
v 8.760004 20.760002 0.360002
v 8.760004 19.040003 0.360002
v 8.760004 19.040003 0.360002
v 8.760004 19.040003 0.360002
v 8.820004 20.920002 0.550002
v 8.820004 20.920002 0.550002
v 8.820004 20.920002 0.550002
v 8.740004 20.920002 0.550002
v 8.740004 20.920002 0.550002
v 8.820003 18.810001 -0.549998
v 8.820003 18.810001 -0.549998
v 8.740003 18.810001 -0.549998
v 8.740003 18.810001 -0.549998
v 8.820004 20.760002 0.360002
v 8.820004 20.760002 0.360002
v 8.820004 20.760002 0.360002
v 8.820004 19.020002 -0.359998
v 8.820004 19.020002 -0.359998
v 8.820004 19.020002 -0.359998
v 8.820004 19.020002 -0.359998
v 8.820004 19.040003 0.360002
v 8.820004 19.040003 0.360002
v 8.820004 19.040003 0.360002
v 8.820004 19.040003 0.360002
v 8.820004 18.980001 0.000002
v 8.820004 18.980001 0.000002
v 8.820004 19.060001 0.550002
v 8.820004 19.060001 0.550002
v 8.820004 19.060001 0.550002
v 8.820004 19.060001 0.550002
v 8.740004 19.060001 0.550002
v 8.740004 19.060001 0.550002
v 8.820004 19.060001 -0.549998
v 8.820004 19.060001 -0.549998
v 8.820004 19.060001 -0.549998
v 8.820004 19.060001 -0.549998
v 8.740004 19.060001 -0.549998
v 8.740004 19.060001 -0.549998
v 8.910004 19.060001 -0.639998
v 8.910004 19.060001 -0.639998
v 8.910004 19.060001 -0.639998
v 8.910003 18.810001 -0.639998
v 8.910003 18.810001 -0.639998
v 8.910003 18.810001 -0.639998
v 8.910003 18.810001 0.640002
v 8.910003 18.810001 0.640002
v 8.910003 18.810001 0.640002
v 8.910004 19.060001 0.640002
v 8.910004 19.060001 0.640002
v 8.910004 19.060001 0.640002
v 23.420006 4.659998 0.349999
v 23.420006 4.659998 0.349999
v 23.420006 4.659998 0.349999
v 23.420006 2.919999 0.349999
v 23.420006 2.919999 0.349999
v 23.420006 2.919999 0.349999
v 23.420006 2.879999 -0.010001
v 23.420006 2.879999 -0.010001
v 23.420006 2.879999 -0.010001
v 23.420006 5.219998 -0.010001
v 23.420006 5.219998 -0.010001
v 23.420006 5.219998 -0.010001
v 23.480005 2.959999 0.629999
v 23.480005 2.959999 0.629999
v 23.400005 2.959999 0.629999
v 23.400005 2.959999 0.629999
v 23.400005 2.709999 0.629999
v 23.400005 2.709999 0.629999
v 23.480005 2.709999 0.629999
v 23.480005 2.709999 0.629999
v 23.480005 5.629999 -0.010001
v 23.480005 5.629999 -0.010001
v 23.400005 5.629999 -0.010001
v 23.400005 4.819999 0.539999
v 23.400005 4.819999 0.539999
v 23.400005 4.819999 0.539999
v 23.480005 4.819999 0.539999
v 23.480005 4.819999 0.539999
v 23.480005 4.819999 0.539999
v 23.480005 2.709999 -0.650001
v 23.480005 2.709999 -0.650001
v 23.400005 2.709999 -0.650001
v 23.400005 2.709999 -0.650001
v 23.400005 2.959999 -0.650001
v 23.400005 2.959999 -0.650001
v 23.480005 2.959999 -0.650001
v 23.480005 2.959999 -0.650001
v 23.480005 2.629999 -0.010001
v 23.480005 2.629999 -0.010001
v 23.480005 2.629999 -0.010001
v 23.400005 2.629999 -0.010001
v 23.400005 2.709999 -0.550002
v 23.400005 2.709999 -0.550002
v 23.480005 2.709999 -0.550002
v 23.480005 2.709999 -0.550002
v 23.570005 2.709999 0.539999
v 23.570005 2.709999 0.539999
v 23.570005 2.709999 0.539999
v 23.570005 2.919999 0.349999
v 23.570005 2.919999 0.349999
v 23.570005 2.919999 0.349999
v 23.570005 2.959999 0.539999
v 23.570005 2.959999 0.539999
v 23.570005 2.959999 0.539999
v 23.480005 5.219998 -0.010001
v 23.480005 5.219998 -0.010001
v 23.480005 5.219998 -0.010001
v 23.480005 4.659998 0.349999
v 23.480005 4.659998 0.349999
v 23.480005 4.659998 0.349999
v 23.570005 2.959999 -0.550001
v 23.570005 2.959999 -0.550001
v 23.570005 2.959999 -0.550001
v 23.570005 2.939999 -0.370001
v 23.570005 2.939999 -0.370001
v 23.570005 2.939999 -0.370001
v 23.570005 2.709999 -0.550002
v 23.570005 2.709999 -0.550002
v 23.570005 2.709999 -0.550002
v 23.570005 2.629999 -0.010001
v 23.570005 2.629999 -0.010001
v 23.570005 2.629999 -0.010001
v 23.570005 2.879999 -0.010001
v 23.570005 2.879999 -0.010001
v 23.570005 2.879999 -0.010001
v 23.420006 4.659998 -0.370001
v 23.420006 4.659998 -0.370001
v 23.420006 4.659998 -0.370001
v 23.420006 2.939999 -0.370001
v 23.420006 2.939999 -0.370001
v 23.420006 2.939999 -0.370001
v 23.480005 4.819999 -0.550001
v 23.480005 4.819999 -0.550001
v 23.480005 4.819999 -0.550001
v 23.400005 4.819999 -0.550001
v 23.400005 4.819999 -0.550001
v 23.480005 2.709999 0.539999
v 23.480005 2.709999 0.539999
v 23.400005 2.709999 0.539999
v 23.400005 2.709999 0.539999
v 23.480005 4.659998 -0.370001
v 23.480005 4.659998 -0.370001
v 23.480005 4.659998 -0.370001
v 23.480005 2.919999 0.349999
v 23.480005 2.919999 0.349999
v 23.480005 2.919999 0.349999
v 23.480005 2.919999 0.349999
v 23.480005 2.939999 -0.370001
v 23.480005 2.939999 -0.370001
v 23.480005 2.939999 -0.370001
v 23.480005 2.939999 -0.370001
v 23.480005 2.879999 -0.010001
v 23.480005 2.879999 -0.010001
v 23.480005 2.959999 -0.550001
v 23.480005 2.959999 -0.550001
v 23.480005 2.959999 -0.550001
v 23.480005 2.959999 -0.550001
v 23.400005 2.959999 -0.550001
v 23.400005 2.959999 -0.550001
v 23.400005 2.959999 0.539999
v 23.400005 2.959999 0.539999
v 23.480005 2.959999 0.539999
v 23.480005 2.959999 0.539999
v 23.480005 2.959999 0.539999
v 23.480005 2.959999 0.539999
v 23.570005 2.709999 0.629999
v 23.570005 2.709999 0.629999
v 23.570005 2.709999 0.629999
v 23.570005 2.959999 0.629999
v 23.570005 2.959999 0.629999
v 23.570005 2.959999 0.629999
v 23.570005 2.959999 -0.650001
v 23.570005 2.959999 -0.650001
v 23.570005 2.959999 -0.650001
v 23.570005 2.709999 -0.650001
v 23.570005 2.709999 -0.650001
v 23.570005 2.709999 -0.650001
v 19.960003 4.659998 -6.780002
v 19.960003 4.659998 -6.780002
v 19.960003 4.659998 -6.780002
v 19.960003 2.919998 -6.780002
v 19.960003 2.919998 -6.780002
v 19.960003 2.919998 -6.780002
v 19.600004 2.879998 -6.780002
v 19.600004 2.879998 -6.780002
v 19.600004 2.879998 -6.780002
v 19.600004 5.219998 -6.780002
v 19.600004 5.219998 -6.780002
v 19.600004 5.219998 -6.780002
v 20.240005 2.959998 -6.850002
v 20.240005 2.959998 -6.850002
v 20.240005 2.959998 -6.760002
v 20.240005 2.959998 -6.760002
v 20.240005 2.709998 -6.760002
v 20.240005 2.709998 -6.760002
v 20.240005 2.709998 -6.850002
v 20.240005 2.709998 -6.850002
v 19.600004 5.629998 -6.850002
v 19.600004 5.629998 -6.850002
v 19.600004 5.629998 -6.760002
v 20.150005 4.819998 -6.760002
v 20.150005 4.819998 -6.760002
v 20.150005 4.819998 -6.850002
v 20.150005 4.819998 -6.850002
v 20.150005 4.819998 -6.850002
v 18.960003 2.709998 -6.850002
v 18.960003 2.709998 -6.850002
v 18.960003 2.709998 -6.760002
v 18.960003 2.709998 -6.760002
v 18.960003 2.959998 -6.760002
v 18.960003 2.959998 -6.760002
v 18.960003 2.959998 -6.850002
v 18.960003 2.959998 -6.850002
v 19.600004 2.629998 -6.850002
v 19.600004 2.629998 -6.850002
v 19.600004 2.629998 -6.850002
v 19.600004 2.629998 -6.760002
v 19.050003 2.709998 -6.760002
v 19.050003 2.709998 -6.760002
v 19.050003 2.709998 -6.850002
v 19.050003 2.709998 -6.850002
v 20.150005 2.709998 -6.940002
v 20.150005 2.709998 -6.940002
v 20.150005 2.709998 -6.940002
v 19.960003 2.919998 -6.940002
v 19.960003 2.919998 -6.940002
v 19.960003 2.919998 -6.940002
v 20.150005 2.959998 -6.940002
v 20.150005 2.959998 -6.940002
v 20.150005 2.959998 -6.940002
v 19.600004 5.219998 -6.850002
v 19.600004 5.219998 -6.850002
v 19.600004 5.219998 -6.850002
v 19.960003 4.659998 -6.850002
v 19.960003 4.659998 -6.850002
v 19.960003 4.659998 -6.850002
v 19.050003 2.959998 -6.940002
v 19.050003 2.959998 -6.940002
v 19.050003 2.959998 -6.940002
v 19.240004 2.939998 -6.940002
v 19.240004 2.939998 -6.940002
v 19.240004 2.939998 -6.940002
v 19.050003 2.709998 -6.940002
v 19.050003 2.709998 -6.940002
v 19.050003 2.709998 -6.940002
v 19.600004 2.629998 -6.940002
v 19.600004 2.629998 -6.940002
v 19.600004 2.629998 -6.940002
v 19.600004 2.879998 -6.940002
v 19.600004 2.879998 -6.940002
v 19.600004 2.879998 -6.940002
v 19.240004 4.659998 -6.780002
v 19.240004 4.659998 -6.780002
v 19.240004 4.659998 -6.780002
v 19.240004 2.939998 -6.780002
v 19.240004 2.939998 -6.780002
v 19.240004 2.939998 -6.780002
v 19.050003 4.819998 -6.850002
v 19.050003 4.819998 -6.850002
v 19.050003 4.819998 -6.850002
v 19.050003 4.819998 -6.760002
v 19.050003 4.819998 -6.760002
v 20.150005 2.709998 -6.850002
v 20.150005 2.709998 -6.850002
v 20.150005 2.709998 -6.760002
v 20.150005 2.709998 -6.760002
v 19.240004 4.659998 -6.850002
v 19.240004 4.659998 -6.850002
v 19.240004 4.659998 -6.850002
v 19.960003 2.919998 -6.850002
v 19.960003 2.919998 -6.850002
v 19.960003 2.919998 -6.850002
v 19.960003 2.919998 -6.850002
v 19.240004 2.939998 -6.850002
v 19.240004 2.939998 -6.850002
v 19.240004 2.939998 -6.850002
v 19.240004 2.939998 -6.850002
v 19.600004 2.879998 -6.850002
v 19.600004 2.879998 -6.850002
v 19.050003 2.959998 -6.850002
v 19.050003 2.959998 -6.850002
v 19.050003 2.959998 -6.850002
v 19.050003 2.959998 -6.850002
v 19.050003 2.959998 -6.760002
v 19.050003 2.959998 -6.760002
v 20.150005 2.959998 -6.760002
v 20.150005 2.959998 -6.760002
v 20.150005 2.959998 -6.850002
v 20.150005 2.959998 -6.850002
v 20.150005 2.959998 -6.850002
v 20.150005 2.959998 -6.850002
v 20.240005 2.709998 -6.940002
v 20.240005 2.709998 -6.940002
v 20.240005 2.709998 -6.940002
v 20.240005 2.959998 -6.940002
v 20.240005 2.959998 -6.940002
v 20.240005 2.959998 -6.940002
v 18.960003 2.959998 -6.940002
v 18.960003 2.959998 -6.940002
v 18.960003 2.959998 -6.940002
v 18.960003 2.709998 -6.940002
v 18.960003 2.709998 -6.940002
v 18.960003 2.709998 -6.940002
v 5.420002 9.619999 -11.040000
v 5.420002 9.619999 -11.040000
v 5.420002 9.619999 -11.040000
v 5.420001 7.879999 -11.040000
v 5.420001 7.879999 -11.040000
v 5.420001 7.879999 -11.040000
v 5.060001 7.829999 -11.040000
v 5.060001 7.829999 -11.040000
v 5.060001 7.829999 -11.040000
v 5.060001 10.179999 -11.040000
v 5.060001 10.179999 -11.040000
v 5.060001 10.179999 -11.040000
v 5.700001 7.919999 -11.100000
v 5.700001 7.919999 -11.100000
v 5.700001 7.919999 -11.010000
v 5.700001 7.919999 -11.010000
v 5.700001 7.669999 -11.010000
v 5.700001 7.669999 -11.010000
v 5.700001 7.669999 -11.100000
v 5.700001 7.669999 -11.100000
v 5.060001 10.589999 -11.100000
v 5.060001 10.589999 -11.100000
v 5.060001 10.589999 -11.010000
v 5.610002 9.779999 -11.010000
v 5.610002 9.779999 -11.010000
v 5.610002 9.779999 -11.100000
v 5.610002 9.779999 -11.100000
v 5.610002 9.779999 -11.100000
v 4.430000 7.669999 -11.100000
v 4.430000 7.669999 -11.100000
v 4.430000 7.669999 -11.010000
v 4.430000 7.669999 -11.010000
v 4.430000 7.919999 -11.010000
v 4.430000 7.919999 -11.010000
v 4.430000 7.919999 -11.100000
v 4.430000 7.919999 -11.100000
v 5.060001 7.579999 -11.100000
v 5.060001 7.579999 -11.100000
v 5.060001 7.579999 -11.100000
v 5.060001 7.579999 -11.010000
v 4.520000 7.669999 -11.010000
v 4.520000 7.669999 -11.010000
v 4.520000 7.669999 -11.100000
v 4.520000 7.669999 -11.100000
v 5.610001 7.669999 -11.190000
v 5.610001 7.669999 -11.190000
v 5.610001 7.669999 -11.190000
v 5.420001 7.879999 -11.190000
v 5.420001 7.879999 -11.190000
v 5.420001 7.879999 -11.190000
v 5.610001 7.919999 -11.190000
v 5.610001 7.919999 -11.190000
v 5.610001 7.919999 -11.190000
v 5.060001 10.179999 -11.100000
v 5.060001 10.179999 -11.100000
v 5.060001 10.179999 -11.100000
v 5.420002 9.619999 -11.100000
v 5.420002 9.619999 -11.100000
v 5.420002 9.619999 -11.100000
v 4.520000 7.919999 -11.190000
v 4.520000 7.919999 -11.190000
v 4.520000 7.919999 -11.190000
v 4.710001 7.889999 -11.190000
v 4.710001 7.889999 -11.190000
v 4.710001 7.889999 -11.190000
v 4.520000 7.669999 -11.190000
v 4.520000 7.669999 -11.190000
v 4.520000 7.669999 -11.190000
v 5.060001 7.579999 -11.190000
v 5.060001 7.579999 -11.190000
v 5.060001 7.579999 -11.190000
v 5.060001 7.829999 -11.190000
v 5.060001 7.829999 -11.190000
v 5.060001 7.829999 -11.190000
v 4.710001 9.619999 -11.040000
v 4.710001 9.619999 -11.040000
v 4.710001 9.619999 -11.040000
v 4.710001 7.889999 -11.040000
v 4.710001 7.889999 -11.040000
v 4.710001 7.889999 -11.040000
v 4.520001 9.779999 -11.100000
v 4.520001 9.779999 -11.100000
v 4.520001 9.779999 -11.100000
v 4.520001 9.779999 -11.010000
v 4.520001 9.779999 -11.010000
v 5.610001 7.669999 -11.100000
v 5.610001 7.669999 -11.100000
v 5.610001 7.669999 -11.010000
v 5.610001 7.669999 -11.010000
v 4.710001 9.619999 -11.100000
v 4.710001 9.619999 -11.100000
v 4.710001 9.619999 -11.100000
v 5.420001 7.879999 -11.100000
v 5.420001 7.879999 -11.100000
v 5.420001 7.879999 -11.100000
v 5.420001 7.879999 -11.100000
v 4.710001 7.889999 -11.100000
v 4.710001 7.889999 -11.100000
v 4.710001 7.889999 -11.100000
v 4.710001 7.889999 -11.100000
v 5.060001 7.829999 -11.100000
v 5.060001 7.829999 -11.100000
v 4.520000 7.919999 -11.100000
v 4.520000 7.919999 -11.100000
v 4.520000 7.919999 -11.100000
v 4.520000 7.919999 -11.100000
v 4.520000 7.919999 -11.010000
v 4.520000 7.919999 -11.010000
v 5.610001 7.919999 -11.010000
v 5.610001 7.919999 -11.010000
v 5.610001 7.919999 -11.100000
v 5.610001 7.919999 -11.100000
v 5.610001 7.919999 -11.100000
v 5.610001 7.919999 -11.100000
v 5.700001 7.669999 -11.190000
v 5.700001 7.669999 -11.190000
v 5.700001 7.669999 -11.190000
v 5.700001 7.919999 -11.190000
v 5.700001 7.919999 -11.190000
v 5.700001 7.919999 -11.190000
v 4.430000 7.919999 -11.190000
v 4.430000 7.919999 -11.190000
v 4.430000 7.919999 -11.190000
v 4.430000 7.669999 -11.190000
v 4.430000 7.669999 -11.190000
v 4.430000 7.669999 -11.190000
v -3.430001 9.619999 -11.039999
v -3.430001 9.619999 -11.039999
v -3.430001 9.619999 -11.039999
v -3.430001 7.880000 -11.040000
v -3.430001 7.880000 -11.040000
v -3.430001 7.880000 -11.040000
v -3.790001 7.830000 -11.040000
v -3.790001 7.830000 -11.040000
v -3.790001 7.830000 -11.040000
v -3.790001 10.179999 -11.039999
v -3.790001 10.179999 -11.039999
v -3.790001 10.179999 -11.039999
v -3.150001 7.920000 -11.100000
v -3.150001 7.920000 -11.100000
v -3.150001 7.920000 -11.010000
v -3.150001 7.920000 -11.010000
v -3.150001 7.670000 -11.010000
v -3.150001 7.670000 -11.010000
v -3.150001 7.670000 -11.100000
v -3.150001 7.670000 -11.100000
v -3.790001 10.589999 -11.099999
v -3.790001 10.589999 -11.099999
v -3.790001 10.589999 -11.009999
v -3.240001 9.779999 -11.009999
v -3.240001 9.779999 -11.009999
v -3.240001 9.779999 -11.099999
v -3.240001 9.779999 -11.099999
v -3.240001 9.779999 -11.099999
v -4.430001 7.670000 -11.100000
v -4.430001 7.670000 -11.100000
v -4.430001 7.670000 -11.010000
v -4.430001 7.670000 -11.010000
v -4.430001 7.920000 -11.010000
v -4.430001 7.920000 -11.010000
v -4.430001 7.920000 -11.100000
v -4.430001 7.920000 -11.100000
v -3.790001 7.580000 -11.100000
v -3.790001 7.580000 -11.100000
v -3.790001 7.580000 -11.100000
v -3.790001 7.580000 -11.010000
v -4.330001 7.670000 -11.010000
v -4.330001 7.670000 -11.010000
v -4.330001 7.670000 -11.100000
v -4.330001 7.670000 -11.100000
v -3.240001 7.670000 -11.190000
v -3.240001 7.670000 -11.190000
v -3.240001 7.670000 -11.190000
v -3.430001 7.880000 -11.190000
v -3.430001 7.880000 -11.190000
v -3.430001 7.880000 -11.190000
v -3.240001 7.920000 -11.190000
v -3.240001 7.920000 -11.190000
v -3.240001 7.920000 -11.190000
v -3.790001 10.179999 -11.099999
v -3.790001 10.179999 -11.099999
v -3.790001 10.179999 -11.099999
v -3.430001 9.619999 -11.099999
v -3.430001 9.619999 -11.099999
v -3.430001 9.619999 -11.099999
v -4.330001 7.920000 -11.190000
v -4.330001 7.920000 -11.190000
v -4.330001 7.920000 -11.190000
v -4.150002 7.890000 -11.190000
v -4.150002 7.890000 -11.190000
v -4.150002 7.890000 -11.190000
v -4.330001 7.670000 -11.190000
v -4.330001 7.670000 -11.190000
v -4.330001 7.670000 -11.190000
v -3.790001 7.580000 -11.190000
v -3.790001 7.580000 -11.190000
v -3.790001 7.580000 -11.190000
v -3.790001 7.830000 -11.190000
v -3.790001 7.830000 -11.190000
v -3.790001 7.830000 -11.190000
v -4.150001 9.619999 -11.039999
v -4.150001 9.619999 -11.039999
v -4.150001 9.619999 -11.039999
v -4.150002 7.890000 -11.040000
v -4.150002 7.890000 -11.040000
v -4.150002 7.890000 -11.040000
v -4.330001 9.779999 -11.099999
v -4.330001 9.779999 -11.099999
v -4.330001 9.779999 -11.099999
v -4.330001 9.779999 -11.009999
v -4.330001 9.779999 -11.009999
v -3.240001 7.670000 -11.100000
v -3.240001 7.670000 -11.100000
v -3.240001 7.670000 -11.010000
v -3.240001 7.670000 -11.010000
v -4.150001 9.619999 -11.099999
v -4.150001 9.619999 -11.099999
v -4.150001 9.619999 -11.099999
v -3.430001 7.880000 -11.100000
v -3.430001 7.880000 -11.100000
v -3.430001 7.880000 -11.100000
v -3.430001 7.880000 -11.100000
v -4.150002 7.890000 -11.100000
v -4.150002 7.890000 -11.100000
v -4.150002 7.890000 -11.100000
v -4.150002 7.890000 -11.100000
v -3.790001 7.830000 -11.100000
v -3.790001 7.830000 -11.100000
v -4.330001 7.920000 -11.100000
v -4.330001 7.920000 -11.100000
v -4.330001 7.920000 -11.100000
v -4.330001 7.920000 -11.100000
v -4.330001 7.920000 -11.010000
v -4.330001 7.920000 -11.010000
v -3.240001 7.920000 -11.010000
v -3.240001 7.920000 -11.010000
v -3.240001 7.920000 -11.100000
v -3.240001 7.920000 -11.100000
v -3.240001 7.920000 -11.100000
v -3.240001 7.920000 -11.100000
v -3.150001 7.670000 -11.190000
v -3.150001 7.670000 -11.190000
v -3.150001 7.670000 -11.190000
v -3.150001 7.920000 -11.190000
v -3.150001 7.920000 -11.190000
v -3.150001 7.920000 -11.190000
v -4.430001 7.920000 -11.190000
v -4.430001 7.920000 -11.190000
v -4.430001 7.920000 -11.190000
v -4.430001 7.670000 -11.190000
v -4.430001 7.670000 -11.190000
v -4.430001 7.670000 -11.190000
v 0.840000 4.659999 -11.040000
v 0.840000 4.659999 -11.040000
v 0.840000 4.659999 -11.040000
v 0.840000 2.919999 -11.040001
v 0.840000 2.919999 -11.040001
v 0.840000 2.919999 -11.040001
v 0.479999 2.879999 -11.040001
v 0.479999 2.879999 -11.040001
v 0.479999 2.879999 -11.040001
v 0.480000 5.219999 -11.040000
v 0.480000 5.219999 -11.040000
v 0.480000 5.219999 -11.040000
v 1.120000 2.959999 -11.100001
v 1.120000 2.959999 -11.100001
v 1.120000 2.959999 -11.010001
v 1.120000 2.959999 -11.010001
v 1.120000 2.709999 -11.010001
v 1.120000 2.709999 -11.010001
v 1.120000 2.709999 -11.100001
v 1.120000 2.709999 -11.100001
v 0.480000 5.629999 -11.100000
v 0.480000 5.629999 -11.100000
v 0.480000 5.629999 -11.010000
v 1.030000 4.819999 -11.010000
v 1.030000 4.819999 -11.010000
v 1.030000 4.819999 -11.100000
v 1.030000 4.819999 -11.100000
v 1.030000 4.819999 -11.100000
v -0.150001 2.709999 -11.100001
v -0.150001 2.709999 -11.100001
v -0.150001 2.709999 -11.010001
v -0.150001 2.709999 -11.010001
v -0.150001 2.959999 -11.010001
v -0.150001 2.959999 -11.010001
v -0.150001 2.959999 -11.100001
v -0.150001 2.959999 -11.100001
v 0.479999 2.629999 -11.100001
v 0.479999 2.629999 -11.100001
v 0.479999 2.629999 -11.100001
v 0.479999 2.629999 -11.100001
v 0.479999 2.629999 -11.010001
v -0.060001 2.709999 -11.010001
v -0.060001 2.709999 -11.010001
v -0.060001 2.709999 -11.100001
v -0.060001 2.709999 -11.100001
v 1.030000 2.709999 -11.190001
v 1.030000 2.709999 -11.190001
v 1.030000 2.709999 -11.190001
v 0.840000 2.919999 -11.190001
v 0.840000 2.919999 -11.190001
v 0.840000 2.919999 -11.190001
v 1.030000 2.959999 -11.190001
v 1.030000 2.959999 -11.190001
v 1.030000 2.959999 -11.190001
v 0.480000 5.219999 -11.100000
v 0.480000 5.219999 -11.100000
v 0.480000 5.219999 -11.100000
v 0.840000 4.659999 -11.100000
v 0.840000 4.659999 -11.100000
v 0.840000 4.659999 -11.100000
v -0.060001 2.959999 -11.190001
v -0.060001 2.959999 -11.190001
v -0.060001 2.959999 -11.190001
v 0.129999 2.939999 -11.190001
v 0.129999 2.939999 -11.190001
v 0.129999 2.939999 -11.190001
v -0.060001 2.709999 -11.190001
v -0.060001 2.709999 -11.190001
v -0.060001 2.709999 -11.190001
v 0.479999 2.629999 -11.190001
v 0.479999 2.629999 -11.190001
v 0.479999 2.629999 -11.190001
v 0.479999 2.879999 -11.190001
v 0.479999 2.879999 -11.190001
v 0.479999 2.879999 -11.190001
v 0.130000 4.659999 -11.040000
v 0.130000 4.659999 -11.040000
v 0.130000 4.659999 -11.040000
v 0.129999 2.939999 -11.040001
v 0.129999 2.939999 -11.040001
v 0.129999 2.939999 -11.040001
v -0.060000 4.819999 -11.100000
v -0.060000 4.819999 -11.100000
v -0.060000 4.819999 -11.100000
v -0.060000 4.819999 -11.010000
v -0.060000 4.819999 -11.010000
v 1.030000 2.709999 -11.100001
v 1.030000 2.709999 -11.100001
v 1.030000 2.709999 -11.010001
v 1.030000 2.709999 -11.010001
v 0.130000 4.659999 -11.100000
v 0.130000 4.659999 -11.100000
v 0.130000 4.659999 -11.100000
v 0.840000 2.919999 -11.100001
v 0.840000 2.919999 -11.100001
v 0.840000 2.919999 -11.100001
v 0.840000 2.919999 -11.100001
v 0.129999 2.939999 -11.100001
v 0.129999 2.939999 -11.100001
v 0.129999 2.939999 -11.100001
v 0.129999 2.939999 -11.100001
v 0.479999 2.879999 -11.100001
v 0.479999 2.879999 -11.100001
v -0.060001 2.959999 -11.100001
v -0.060001 2.959999 -11.100001
v -0.060001 2.959999 -11.100001
v -0.060001 2.959999 -11.100001
v -0.060001 2.959999 -11.010001
v -0.060001 2.959999 -11.010001
v 1.030000 2.959999 -11.010001
v 1.030000 2.959999 -11.010001
v 1.030000 2.959999 -11.100001
v 1.030000 2.959999 -11.100001
v 1.030000 2.959999 -11.100001
v 1.030000 2.959999 -11.100001
v 1.120000 2.709999 -11.190001
v 1.120000 2.709999 -11.190001
v 1.120000 2.709999 -11.190001
v 1.120000 2.959999 -11.190001
v 1.120000 2.959999 -11.190001
v 1.120000 2.959999 -11.190001
v -0.150001 2.959999 -11.190001
v -0.150001 2.959999 -11.190001
v -0.150001 2.959999 -11.190001
v -0.150001 2.709999 -11.190001
v -0.150001 2.709999 -11.190001
v -0.150001 2.709999 -11.190001
v -0.429999 20.760002 -3.639998
v -0.429999 20.760002 -3.639998
v -0.429999 20.760002 -3.639998
v -0.069999 21.320002 -3.639998
v -0.069999 21.320002 -3.639998
v -0.069999 21.320002 -3.639998
v -0.069999 18.980001 -3.639998
v -0.069999 18.980001 -3.639998
v -0.069999 18.980001 -3.639998
v -0.429999 19.020002 -3.639998
v -0.429999 19.020002 -3.639998
v -0.429999 19.020002 -3.639998
v -0.709999 19.060001 -3.699998
v -0.709999 19.060001 -3.699998
v -0.709999 18.810001 -3.699998
v -0.709999 18.810001 -3.699998
v -0.709999 18.810001 -3.609998
v -0.709999 18.810001 -3.609998
v -0.709999 19.060001 -3.609998
v -0.709999 19.060001 -3.609998
v -0.069999 21.730001 -3.699998
v -0.069999 21.730001 -3.699998
v -0.619999 20.920002 -3.699998
v -0.619999 20.920002 -3.699998
v -0.619999 20.920002 -3.699998
v -0.619999 20.920002 -3.609998
v -0.619999 20.920002 -3.609998
v -0.069999 21.730001 -3.609998
v 0.570001 18.810001 -3.699998
v 0.570001 18.810001 -3.699998
v 0.570001 19.060001 -3.699998
v 0.570001 19.060001 -3.699998
v 0.570001 19.060001 -3.609998
v 0.570001 19.060001 -3.609998
v 0.570001 18.810001 -3.609998
v 0.570001 18.810001 -3.609998
v -0.069999 18.730001 -3.699998
v -0.069999 18.730001 -3.699998
v -0.069999 18.730001 -3.699998
v 0.470001 18.810001 -3.699998
v 0.470001 18.810001 -3.699998
v 0.470001 18.810001 -3.609998
v 0.470001 18.810001 -3.609998
v -0.069999 18.730001 -3.609998
v -0.619999 18.810001 -3.789998
v -0.619999 18.810001 -3.789998
v -0.619999 18.810001 -3.789998
v -0.619999 19.060001 -3.789998
v -0.619999 19.060001 -3.789998
v -0.619999 19.060001 -3.789998
v -0.429999 19.020002 -3.789998
v -0.429999 19.020002 -3.789998
v -0.429999 19.020002 -3.789998
v -0.069999 21.320002 -3.699998
v -0.069999 21.320002 -3.699998
v -0.069999 21.320002 -3.699998
v -0.429999 20.760002 -3.699998
v -0.429999 20.760002 -3.699998
v -0.429999 20.760002 -3.699998
v 0.470001 19.060001 -3.789998
v 0.470001 19.060001 -3.789998
v 0.470001 19.060001 -3.789998
v 0.470001 18.810001 -3.789998
v 0.470001 18.810001 -3.789998
v 0.470001 18.810001 -3.789998
v 0.290001 19.040003 -3.789998
v 0.290001 19.040003 -3.789998
v 0.290001 19.040003 -3.789998
v -0.069999 18.730001 -3.789998
v -0.069999 18.730001 -3.789998
v -0.069999 18.730001 -3.789998
v -0.069999 18.980001 -3.789998
v -0.069999 18.980001 -3.789998
v -0.069999 18.980001 -3.789998
v 0.290001 20.760002 -3.639998
v 0.290001 20.760002 -3.639998
v 0.290001 20.760002 -3.639998
v 0.290001 19.040003 -3.639998
v 0.290001 19.040003 -3.639998
v 0.290001 19.040003 -3.639998
v 0.470001 20.920002 -3.699998
v 0.470001 20.920002 -3.699998
v 0.470001 20.920002 -3.699998
v 0.470001 20.920002 -3.609998
v 0.470001 20.920002 -3.609998
v -0.619999 18.810001 -3.699998
v -0.619999 18.810001 -3.699998
v -0.619999 18.810001 -3.609998
v -0.619999 18.810001 -3.609998
v 0.290001 20.760002 -3.699998
v 0.290001 20.760002 -3.699998
v 0.290001 20.760002 -3.699998
v -0.429999 19.020002 -3.699998
v -0.429999 19.020002 -3.699998
v -0.429999 19.020002 -3.699998
v -0.429999 19.020002 -3.699998
v 0.290001 19.040003 -3.699998
v 0.290001 19.040003 -3.699998
v 0.290001 19.040003 -3.699998
v 0.290001 19.040003 -3.699998
v -0.069999 18.980001 -3.699998
v -0.069999 18.980001 -3.699998
v 0.470001 19.060001 -3.699998
v 0.470001 19.060001 -3.699998
v 0.470001 19.060001 -3.699998
v 0.470001 19.060001 -3.699998
v 0.470001 19.060001 -3.609998
v 0.470001 19.060001 -3.609998
v -0.619999 19.060001 -3.699998
v -0.619999 19.060001 -3.699998
v -0.619999 19.060001 -3.699998
v -0.619999 19.060001 -3.699998
v -0.619999 19.060001 -3.609998
v -0.619999 19.060001 -3.609998
v -0.709999 19.060001 -3.789998
v -0.709999 19.060001 -3.789998
v -0.709999 19.060001 -3.789998
v -0.709999 18.810001 -3.789998
v -0.709999 18.810001 -3.789998
v -0.709999 18.810001 -3.789998
v 0.570001 18.810001 -3.789998
v 0.570001 18.810001 -3.789998
v 0.570001 18.810001 -3.789998
v 0.570001 19.060001 -3.789998
v 0.570001 19.060001 -3.789998
v 0.570001 19.060001 -3.789998
v -6.580000 20.760002 -3.639997
v -6.580000 20.760002 -3.639997
v -6.580000 20.760002 -3.639997
v -6.220000 21.320002 -3.639997
v -6.220000 21.320002 -3.639997
v -6.220000 21.320002 -3.639997
v -6.220000 18.980001 -3.639997
v -6.220000 18.980001 -3.639997
v -6.220000 18.980001 -3.639997
v -6.580000 19.020002 -3.639997
v -6.580000 19.020002 -3.639997
v -6.580000 19.020002 -3.639997
v -6.860001 19.060001 -3.699997
v -6.860001 19.060001 -3.699997
v -6.860001 18.810001 -3.699997
v -6.860001 18.810001 -3.699997
v -6.860001 18.810001 -3.609997
v -6.860001 18.810001 -3.609997
v -6.860001 19.060001 -3.609997
v -6.860001 19.060001 -3.609997
v -6.220000 21.730001 -3.699997
v -6.220000 21.730001 -3.699997
v -6.760001 20.920002 -3.699997
v -6.760001 20.920002 -3.699997
v -6.760001 20.920002 -3.699997
v -6.760001 20.920002 -3.609997
v -6.760001 20.920002 -3.609997
v -6.220000 21.730001 -3.609997
v -5.580000 18.810001 -3.699998
v -5.580000 18.810001 -3.699998
v -5.580000 19.060001 -3.699997
v -5.580000 19.060001 -3.699997
v -5.580000 19.060001 -3.609997
v -5.580000 19.060001 -3.609997
v -5.580000 18.810001 -3.609998
v -5.580000 18.810001 -3.609998
v -6.220000 18.730001 -3.699997
v -6.220000 18.730001 -3.699997
v -6.220000 18.730001 -3.699997
v -5.670001 18.810001 -3.699998
v -5.670001 18.810001 -3.699998
v -5.670001 18.810001 -3.609998
v -5.670001 18.810001 -3.609998
v -6.220000 18.730001 -3.609997
v -6.760001 18.810001 -3.789997
v -6.760001 18.810001 -3.789997
v -6.760001 18.810001 -3.789997
v -6.760001 19.060001 -3.789997
v -6.760001 19.060001 -3.789997
v -6.760001 19.060001 -3.789997
v -6.580000 19.020002 -3.789997
v -6.580000 19.020002 -3.789997
v -6.580000 19.020002 -3.789997
v -6.220000 21.320002 -3.699997
v -6.220000 21.320002 -3.699997
v -6.220000 21.320002 -3.699997
v -6.580000 20.760002 -3.699997
v -6.580000 20.760002 -3.699997
v -6.580000 20.760002 -3.699997
v -5.670001 19.060001 -3.789997
v -5.670001 19.060001 -3.789997
v -5.670001 19.060001 -3.789997
v -5.670001 18.810001 -3.789998
v -5.670001 18.810001 -3.789998
v -5.670001 18.810001 -3.789998
v -5.860001 19.040003 -3.789997
v -5.860001 19.040003 -3.789997
v -5.860001 19.040003 -3.789997
v -6.220000 18.730001 -3.789997
v -6.220000 18.730001 -3.789997
v -6.220000 18.730001 -3.789997
v -6.220000 18.980001 -3.789997
v -6.220000 18.980001 -3.789997
v -6.220000 18.980001 -3.789997
v -5.860001 20.760002 -3.639997
v -5.860001 20.760002 -3.639997
v -5.860001 20.760002 -3.639997
v -5.860001 19.040003 -3.639997
v -5.860001 19.040003 -3.639997
v -5.860001 19.040003 -3.639997
v -5.670001 20.920002 -3.699997
v -5.670001 20.920002 -3.699997
v -5.670001 20.920002 -3.699997
v -5.670001 20.920002 -3.609997
v -5.670001 20.920002 -3.609997
v -6.760001 18.810001 -3.699997
v -6.760001 18.810001 -3.699997
v -6.760001 18.810001 -3.609997
v -6.760001 18.810001 -3.609997
v -5.860001 20.760002 -3.699997
v -5.860001 20.760002 -3.699997
v -5.860001 20.760002 -3.699997
v -6.580000 19.020002 -3.699997
v -6.580000 19.020002 -3.699997
v -6.580000 19.020002 -3.699997
v -6.580000 19.020002 -3.699997
v -5.860001 19.040003 -3.699997
v -5.860001 19.040003 -3.699997
v -5.860001 19.040003 -3.699997
v -5.860001 19.040003 -3.699997
v -6.220000 18.980001 -3.699997
v -6.220000 18.980001 -3.699997
v -5.670001 19.060001 -3.699997
v -5.670001 19.060001 -3.699997
v -5.670001 19.060001 -3.699997
v -5.670001 19.060001 -3.699997
v -5.670001 19.060001 -3.609997
v -5.670001 19.060001 -3.609997
v -6.760001 19.060001 -3.699997
v -6.760001 19.060001 -3.699997
v -6.760001 19.060001 -3.699997
v -6.760001 19.060001 -3.699997
v -6.760001 19.060001 -3.609997
v -6.760001 19.060001 -3.609997
v -6.860001 19.060001 -3.789997
v -6.860001 19.060001 -3.789997
v -6.860001 19.060001 -3.789997
v -6.860001 18.810001 -3.789997
v -6.860001 18.810001 -3.789997
v -6.860001 18.810001 -3.789997
v -5.580000 18.810001 -3.789998
v -5.580000 18.810001 -3.789998
v -5.580000 18.810001 -3.789998
v -5.580000 19.060001 -3.789997
v -5.580000 19.060001 -3.789997
v -5.580000 19.060001 -3.789997
v -12.890003 4.660002 3.980002
v -12.890003 4.660002 3.980002
v -12.890003 4.660002 3.980002
v -12.890003 5.220002 3.620002
v -12.890003 5.220002 3.620002
v -12.890003 5.220002 3.620002
v -12.890003 2.880002 3.620002
v -12.890003 2.880002 3.620002
v -12.890003 2.880002 3.620002
v -12.890003 2.920002 3.980002
v -12.890003 2.920002 3.980002
v -12.890003 2.920002 3.980002
v -12.960003 2.960002 4.260002
v -12.960003 2.960002 4.260002
v -12.960003 2.710002 4.260002
v -12.960003 2.710002 4.260002
v -12.870003 2.710002 4.260002
v -12.870003 2.710002 4.260002
v -12.870003 2.960002 4.260002
v -12.870003 2.960002 4.260002
v -12.960003 5.630002 3.620002
v -12.960003 5.630002 3.620002
v -12.960003 4.820002 4.170002
v -12.960003 4.820002 4.170002
v -12.960003 4.820002 4.170002
v -12.870003 4.820002 4.170002
v -12.870003 4.820002 4.170002
v -12.870003 5.630002 3.620002
v -12.960003 2.710002 2.980002
v -12.960003 2.710002 2.980002
v -12.960003 2.960002 2.980002
v -12.960003 2.960002 2.980002
v -12.870003 2.960002 2.980002
v -12.870003 2.960002 2.980002
v -12.870003 2.710002 2.980002
v -12.870003 2.710002 2.980002
v -12.960003 2.630002 3.620002
v -12.960003 2.630002 3.620002
v -12.960003 2.630002 3.620002
v -12.960003 2.710002 3.080002
v -12.960003 2.710002 3.080002
v -12.870003 2.710002 3.080002
v -12.870003 2.710002 3.080002
v -12.870003 2.630002 3.620002
v -13.050003 2.710002 4.170002
v -13.050003 2.710002 4.170002
v -13.050003 2.710002 4.170002
v -13.050003 2.960002 4.170002
v -13.050003 2.960002 4.170002
v -13.050003 2.960002 4.170002
v -13.050003 2.920002 3.980002
v -13.050003 2.920002 3.980002
v -13.050003 2.920002 3.980002
v -12.960003 5.220002 3.620002
v -12.960003 5.220002 3.620002
v -12.960003 5.220002 3.620002
v -12.960003 4.660002 3.980002
v -12.960003 4.660002 3.980002
v -12.960003 4.660002 3.980002
v -13.050003 2.960002 3.080002
v -13.050003 2.960002 3.080002
v -13.050003 2.960002 3.080002
v -13.050003 2.710002 3.080002
v -13.050003 2.710002 3.080002
v -13.050003 2.710002 3.080002
v -13.050003 2.940002 3.260002
v -13.050003 2.940002 3.260002
v -13.050003 2.940002 3.260002
v -13.050003 2.630002 3.620002
v -13.050003 2.630002 3.620002
v -13.050003 2.630002 3.620002
v -13.050003 2.880002 3.620002
v -13.050003 2.880002 3.620002
v -13.050003 2.880002 3.620002
v -12.890003 4.660002 3.260002
v -12.890003 4.660002 3.260002
v -12.890003 4.660002 3.260002
v -12.890003 2.940002 3.260002
v -12.890003 2.940002 3.260002
v -12.890003 2.940002 3.260002
v -12.960003 4.820002 3.080002
v -12.960003 4.820002 3.080002
v -12.960003 4.820002 3.080002
v -12.870003 4.820002 3.080002
v -12.870003 4.820002 3.080002
v -12.960003 2.710002 4.170002
v -12.960003 2.710002 4.170002
v -12.870003 2.710002 4.170002
v -12.870003 2.710002 4.170002
v -12.960003 4.660002 3.260002
v -12.960003 4.660002 3.260002
v -12.960003 4.660002 3.260002
v -12.960003 2.920002 3.980002
v -12.960003 2.920002 3.980002
v -12.960003 2.920002 3.980002
v -12.960003 2.920002 3.980002
v -12.960003 2.940002 3.260002
v -12.960003 2.940002 3.260002
v -12.960003 2.940002 3.260002
v -12.960003 2.940002 3.260002
v -12.960003 2.880002 3.620002
v -12.960003 2.880002 3.620002
v -12.960003 2.960002 3.080002
v -12.960003 2.960002 3.080002
v -12.960003 2.960002 3.080002
v -12.960003 2.960002 3.080002
v -12.870003 2.960002 3.080002
v -12.870003 2.960002 3.080002
v -12.960003 2.960002 4.170002
v -12.960003 2.960002 4.170002
v -12.960003 2.960002 4.170002
v -12.960003 2.960002 4.170002
v -12.870003 2.960002 4.170002
v -12.870003 2.960002 4.170002
v -13.050003 2.960002 4.260002
v -13.050003 2.960002 4.260002
v -13.050003 2.960002 4.260002
v -13.050003 2.710002 4.260002
v -13.050003 2.710002 4.260002
v -13.050003 2.710002 4.260002
v -13.050003 2.710002 2.980002
v -13.050003 2.710002 2.980002
v -13.050003 2.710002 2.980002
v -13.050003 2.960002 2.980002
v -13.050003 2.960002 2.980002
v -13.050003 2.960002 2.980002
v -12.890003 4.660001 -3.259999
v -12.890003 4.660001 -3.259999
v -12.890003 4.660001 -3.259999
v -12.890003 5.220001 -3.619999
v -12.890003 5.220001 -3.619999
v -12.890003 5.220001 -3.619999
v -12.890003 2.880001 -3.619999
v -12.890003 2.880001 -3.619999
v -12.890003 2.880001 -3.619999
v -12.890003 2.920001 -3.259999
v -12.890003 2.920001 -3.259999
v -12.890003 2.920001 -3.259999
v -12.960003 2.960001 -2.979999
v -12.960003 2.960001 -2.979999
v -12.960003 2.710001 -2.979999
v -12.960003 2.710001 -2.979999
v -12.870003 2.710001 -2.979999
v -12.870003 2.710001 -2.979999
v -12.870003 2.960001 -2.979999
v -12.870003 2.960001 -2.979999
v -12.960003 5.630001 -3.619999
v -12.960003 5.630001 -3.619999
v -12.960003 4.820001 -3.079999
v -12.960003 4.820001 -3.079999
v -12.960003 4.820001 -3.079999
v -12.870003 4.820001 -3.079999
v -12.870003 4.820001 -3.079999
v -12.870003 5.630001 -3.619999
v -12.960003 2.710001 -4.259999
v -12.960003 2.710001 -4.259999
v -12.960003 2.960001 -4.259999
v -12.960003 2.960001 -4.259999
v -12.870003 2.960001 -4.259999
v -12.870003 2.960001 -4.259999
v -12.870003 2.710001 -4.259999
v -12.870003 2.710001 -4.259999
v -12.960003 2.630001 -3.619999
v -12.960003 2.630001 -3.619999
v -12.960003 2.630001 -3.619999
v -12.960003 2.710001 -4.169999
v -12.960003 2.710001 -4.169999
v -12.870003 2.710001 -4.169999
v -12.870003 2.710001 -4.169999
v -12.870003 2.630001 -3.619999
v -13.050003 2.710001 -3.079999
v -13.050003 2.710001 -3.079999
v -13.050003 2.710001 -3.079999
v -13.050003 2.960001 -3.079999
v -13.050003 2.960001 -3.079999
v -13.050003 2.960001 -3.079999
v -13.050003 2.920001 -3.259999
v -13.050003 2.920001 -3.259999
v -13.050003 2.920001 -3.259999
v -12.960003 5.220001 -3.619999
v -12.960003 5.220001 -3.619999
v -12.960003 5.220001 -3.619999
v -12.960003 4.660001 -3.259999
v -12.960003 4.660001 -3.259999
v -12.960003 4.660001 -3.259999
v -13.050003 2.960001 -4.169999
v -13.050003 2.960001 -4.169999
v -13.050003 2.960001 -4.169999
v -13.050003 2.710001 -4.169999
v -13.050003 2.710001 -4.169999
v -13.050003 2.710001 -4.169999
v -13.050003 2.940001 -3.979999
v -13.050003 2.940001 -3.979999
v -13.050003 2.940001 -3.979999
v -13.050003 2.630001 -3.619999
v -13.050003 2.630001 -3.619999
v -13.050003 2.630001 -3.619999
v -13.050003 2.880001 -3.619999
v -13.050003 2.880001 -3.619999
v -13.050003 2.880001 -3.619999
v -12.890003 4.660001 -3.979999
v -12.890003 4.660001 -3.979999
v -12.890003 4.660001 -3.979999
v -12.890003 2.940001 -3.979999
v -12.890003 2.940001 -3.979999
v -12.890003 2.940001 -3.979999
v -12.960003 4.820001 -4.169999
v -12.960003 4.820001 -4.169999
v -12.960003 4.820001 -4.169999
v -12.870003 4.820001 -4.169999
v -12.870003 4.820001 -4.169999
v -12.960003 2.710001 -3.079999
v -12.960003 2.710001 -3.079999
v -12.870003 2.710001 -3.079999
v -12.870003 2.710001 -3.079999
v -12.960003 4.660001 -3.979999
v -12.960003 4.660001 -3.979999
v -12.960003 4.660001 -3.979999
v -12.960003 2.920001 -3.259999
v -12.960003 2.920001 -3.259999
v -12.960003 2.920001 -3.259999
v -12.960003 2.920001 -3.259999
v -12.960003 2.940001 -3.979999
v -12.960003 2.940001 -3.979999
v -12.960003 2.940001 -3.979999
v -12.960003 2.940001 -3.979999
v -12.960003 2.880001 -3.619999
v -12.960003 2.880001 -3.619999
v -12.960003 2.960001 -4.169999
v -12.960003 2.960001 -4.169999
v -12.960003 2.960001 -4.169999
v -12.960003 2.960001 -4.169999
v -12.870003 2.960001 -4.169999
v -12.870003 2.960001 -4.169999
v -12.960003 2.960001 -3.079999
v -12.960003 2.960001 -3.079999
v -12.960003 2.960001 -3.079999
v -12.960003 2.960001 -3.079999
v -12.870003 2.960001 -3.079999
v -12.870003 2.960001 -3.079999
v -13.050003 2.960001 -2.979999
v -13.050003 2.960001 -2.979999
v -13.050003 2.960001 -2.979999
v -13.050003 2.710001 -2.979999
v -13.050003 2.710001 -2.979999
v -13.050003 2.710001 -2.979999
v -13.050003 2.710001 -4.259999
v -13.050003 2.710001 -4.259999
v -13.050003 2.710001 -4.259999
v -13.050003 2.960001 -4.259999
v -13.050003 2.960001 -4.259999
v -13.050003 2.960001 -4.259999
v -8.750000 20.760002 -0.359997
v -8.750000 20.760002 -0.359997
v -8.750000 20.760002 -0.359997
v -8.750000 19.020002 -0.359997
v -8.750000 19.020002 -0.359997
v -8.750000 19.020002 -0.359997
v -8.750000 18.980001 0.000003
v -8.750000 18.980001 0.000003
v -8.750000 18.980001 0.000003
v -8.750000 21.320002 0.000004
v -8.750000 21.320002 0.000004
v -8.750000 21.320002 0.000004
v -8.810000 19.060001 -0.639997
v -8.810000 19.060001 -0.639997
v -8.730000 19.060001 -0.639997
v -8.730000 19.060001 -0.639997
v -8.730000 18.810001 -0.639997
v -8.730000 18.810001 -0.639997
v -8.810001 18.810001 -0.639997
v -8.810001 18.810001 -0.639997
v -8.810000 21.730001 0.000004
v -8.810000 21.730001 0.000004
v -8.730000 21.730001 0.000004
v -8.730000 20.920002 -0.549997
v -8.730000 20.920002 -0.549997
v -8.730000 20.920002 -0.549997
v -8.810000 20.920002 -0.549997
v -8.810000 20.920002 -0.549997
v -8.810000 20.920002 -0.549997
v -8.810001 18.810001 0.640003
v -8.810001 18.810001 0.640003
v -8.730000 18.810001 0.640003
v -8.730000 18.810001 0.640003
v -8.730000 19.060001 0.640003
v -8.730000 19.060001 0.640003
v -8.810000 19.060001 0.640003
v -8.810000 19.060001 0.640003
v -8.810001 18.730001 0.000003
v -8.810001 18.730001 0.000003
v -8.810001 18.730001 0.000003
v -8.730000 18.730001 0.000003
v -8.730000 18.810001 0.550003
v -8.730000 18.810001 0.550003
v -8.810001 18.810001 0.550003
v -8.810001 18.810001 0.550003
v -8.900001 18.810001 -0.549997
v -8.900001 18.810001 -0.549997
v -8.900001 18.810001 -0.549997
v -8.900000 19.020002 -0.359997
v -8.900000 19.020002 -0.359997
v -8.900000 19.020002 -0.359997
v -8.900000 19.060001 -0.549997
v -8.900000 19.060001 -0.549997
v -8.900000 19.060001 -0.549997
v -8.810000 21.320002 0.000004
v -8.810000 21.320002 0.000004
v -8.810000 21.320002 0.000004
v -8.810000 20.760002 -0.359997
v -8.810000 20.760002 -0.359997
v -8.810000 20.760002 -0.359997
v -8.900000 19.060001 0.550003
v -8.900000 19.060001 0.550003
v -8.900000 19.060001 0.550003
v -8.900000 19.040003 0.360003
v -8.900000 19.040003 0.360003
v -8.900000 19.040003 0.360003
v -8.900001 18.810001 0.550003
v -8.900001 18.810001 0.550003
v -8.900001 18.810001 0.550003
v -8.900001 18.730001 0.000003
v -8.900001 18.730001 0.000003
v -8.900001 18.730001 0.000003
v -8.900000 18.980001 0.000003
v -8.900000 18.980001 0.000003
v -8.900000 18.980001 0.000003
v -8.750000 20.760002 0.360004
v -8.750000 20.760002 0.360004
v -8.750000 20.760002 0.360004
v -8.750000 19.040003 0.360003
v -8.750000 19.040003 0.360003
v -8.750000 19.040003 0.360003
v -8.810000 20.920002 0.550004
v -8.810000 20.920002 0.550004
v -8.810000 20.920002 0.550004
v -8.730000 20.920002 0.550004
v -8.730000 20.920002 0.550004
v -8.810001 18.810001 -0.549997
v -8.810001 18.810001 -0.549997
v -8.730000 18.810001 -0.549997
v -8.730000 18.810001 -0.549997
v -8.810000 20.760002 0.360004
v -8.810000 20.760002 0.360004
v -8.810000 20.760002 0.360004
v -8.810000 19.020002 -0.359997
v -8.810000 19.020002 -0.359997
v -8.810000 19.020002 -0.359997
v -8.810000 19.020002 -0.359997
v -8.810000 19.040003 0.360003
v -8.810000 19.040003 0.360003
v -8.810000 19.040003 0.360003
v -8.810000 19.040003 0.360003
v -8.810000 18.980001 0.000003
v -8.810000 18.980001 0.000003
v -8.810000 19.060001 0.550003
v -8.810000 19.060001 0.550003
v -8.810000 19.060001 0.550003
v -8.810000 19.060001 0.550003
v -8.730000 19.060001 0.550003
v -8.730000 19.060001 0.550003
v -8.730000 19.060001 -0.549997
v -8.730000 19.060001 -0.549997
v -8.810000 19.060001 -0.549997
v -8.810000 19.060001 -0.549997
v -8.810000 19.060001 -0.549997
v -8.810000 19.060001 -0.549997
v -8.900001 18.810001 -0.639997
v -8.900001 18.810001 -0.639997
v -8.900001 18.810001 -0.639997
v -8.900000 19.060001 -0.639997
v -8.900000 19.060001 -0.639997
v -8.900000 19.060001 -0.639997
v -8.900000 19.060001 0.640003
v -8.900000 19.060001 0.640003
v -8.900000 19.060001 0.640003
v -8.900001 18.810001 0.640003
v -8.900001 18.810001 0.640003
v -8.900001 18.810001 0.640003
v 5.910002 20.760002 -3.639998
v 5.910002 20.760002 -3.639998
v 5.910002 20.760002 -3.639998
v 6.270002 21.320002 -3.639998
v 6.270002 21.320002 -3.639998
v 6.270002 21.320002 -3.639998
v 6.270002 18.980001 -3.639998
v 6.270002 18.980001 -3.639998
v 6.270002 18.980001 -3.639998
v 5.910002 19.020002 -3.639998
v 5.910002 19.020002 -3.639998
v 5.910002 19.020002 -3.639998
v 5.630002 19.060001 -3.699998
v 5.630002 19.060001 -3.699998
v 5.630002 18.810001 -3.699998
v 5.630002 18.810001 -3.699998
v 5.630002 18.810001 -3.609998
v 5.630002 18.810001 -3.609998
v 5.630002 19.060001 -3.609998
v 5.630002 19.060001 -3.609998
v 6.270002 21.730001 -3.699998
v 6.270002 21.730001 -3.699998
v 5.730002 20.920002 -3.699998
v 5.730002 20.920002 -3.699998
v 5.730002 20.920002 -3.699998
v 5.730002 20.920002 -3.609998
v 5.730002 20.920002 -3.609998
v 6.270002 21.730001 -3.609998
v 6.910002 18.810001 -3.699999
v 6.910002 18.810001 -3.699999
v 6.910002 19.060001 -3.699998
v 6.910002 19.060001 -3.699998
v 6.910002 19.060001 -3.609998
v 6.910002 19.060001 -3.609998
v 6.910002 18.810001 -3.609998
v 6.910002 18.810001 -3.609998
v 6.270002 18.730001 -3.699998
v 6.270002 18.730001 -3.699998
v 6.270002 18.730001 -3.699998
v 6.820003 18.810001 -3.699999
v 6.820003 18.810001 -3.699999
v 6.820003 18.810001 -3.609998
v 6.820003 18.810001 -3.609998
v 6.270002 18.730001 -3.609998
v 5.730002 18.810001 -3.789998
v 5.730002 18.810001 -3.789998
v 5.730002 18.810001 -3.789998
v 5.730002 19.060001 -3.789998
v 5.730002 19.060001 -3.789998
v 5.730002 19.060001 -3.789998
v 5.910002 19.020002 -3.789998
v 5.910002 19.020002 -3.789998
v 5.910002 19.020002 -3.789998
v 6.270002 21.320002 -3.699998
v 6.270002 21.320002 -3.699998
v 6.270002 21.320002 -3.699998
v 5.910002 20.760002 -3.699998
v 5.910002 20.760002 -3.699998
v 5.910002 20.760002 -3.699998
v 6.820003 19.060001 -3.789998
v 6.820003 19.060001 -3.789998
v 6.820003 19.060001 -3.789998
v 6.820003 18.810001 -3.789999
v 6.820003 18.810001 -3.789999
v 6.820003 18.810001 -3.789999
v 6.630002 19.040003 -3.789998
v 6.630002 19.040003 -3.789998
v 6.630002 19.040003 -3.789998
v 6.270002 18.730001 -3.789998
v 6.270002 18.730001 -3.789998
v 6.270002 18.730001 -3.789998
v 6.270002 18.980001 -3.789998
v 6.270002 18.980001 -3.789998
v 6.270002 18.980001 -3.789998
v 6.630002 20.760002 -3.639998
v 6.630002 20.760002 -3.639998
v 6.630002 20.760002 -3.639998
v 6.630002 19.040003 -3.639998
v 6.630002 19.040003 -3.639998
v 6.630002 19.040003 -3.639998
v 6.820003 20.920002 -3.699998
v 6.820003 20.920002 -3.699998
v 6.820003 20.920002 -3.699998
v 6.820003 20.920002 -3.609998
v 6.820003 20.920002 -3.609998
v 5.730002 18.810001 -3.699998
v 5.730002 18.810001 -3.699998
v 5.730002 18.810001 -3.609998
v 5.730002 18.810001 -3.609998
v 6.630002 20.760002 -3.699998
v 6.630002 20.760002 -3.699998
v 6.630002 20.760002 -3.699998
v 5.910002 19.020002 -3.699998
v 5.910002 19.020002 -3.699998
v 5.910002 19.020002 -3.699998
v 5.910002 19.020002 -3.699998
v 6.630002 19.040003 -3.699998
v 6.630002 19.040003 -3.699998
v 6.630002 19.040003 -3.699998
v 6.630002 19.040003 -3.699998
v 6.270002 18.980001 -3.699998
v 6.270002 18.980001 -3.699998
v 6.820003 19.060001 -3.699998
v 6.820003 19.060001 -3.699998
v 6.820003 19.060001 -3.699998
v 6.820003 19.060001 -3.699998
v 6.820003 19.060001 -3.609998
v 6.820003 19.060001 -3.609998
v 5.730002 19.060001 -3.699998
v 5.730002 19.060001 -3.699998
v 5.730002 19.060001 -3.699998
v 5.730002 19.060001 -3.699998
v 5.730002 19.060001 -3.609998
v 5.730002 19.060001 -3.609998
v 5.630002 19.060001 -3.789998
v 5.630002 19.060001 -3.789998
v 5.630002 19.060001 -3.789998
v 5.630002 18.810001 -3.789998
v 5.630002 18.810001 -3.789998
v 5.630002 18.810001 -3.789998
v 6.910002 18.810001 -3.789999
v 6.910002 18.810001 -3.789999
v 6.910002 18.810001 -3.789999
v 6.910002 19.060001 -3.789998
v 6.910002 19.060001 -3.789998
v 6.910002 19.060001 -3.789998
v -1.219999 3.890002 13.040003
v -1.219999 0.000002 13.040002
v 0.000001 0.000002 13.040002
v 0.000001 4.450002 13.040003
v 2.440002 3.020002 13.040002
v 1.220001 3.890002 13.040002
v 1.220001 0.000002 13.040002
v 2.440001 0.000002 13.040002
v -2.439999 3.020002 13.040003
v -2.440000 0.000002 13.040002
v -2.760000 0.000002 12.610002
v -2.760000 0.000002 13.280002
v -2.760000 0.000002 13.280002
v -2.720000 2.630002 13.280003
v -2.720000 2.630002 13.280003
v -2.720000 2.630002 12.610003
v -2.319999 0.000002 13.280002
v -2.319999 0.000002 13.280002
v -2.279999 2.210002 13.280002
v -2.279999 2.210002 13.280002
v -2.319999 0.000002 12.610002
v -2.279999 2.210002 12.610002
v -1.569999 4.510003 13.280003
v -1.569999 4.510003 13.280003
v -1.569999 4.510003 12.610003
v -1.319999 3.790002 13.280003
v -1.319999 3.790002 13.280003
v -1.319999 3.790002 12.610003
v 0.000001 5.200002 13.280003
v 0.000001 5.200002 13.280003
v 0.000001 5.200002 12.610003
v 0.000001 4.450002 13.280003
v 0.000001 4.450002 13.280003
v 0.000001 4.450002 12.610003
v 1.570002 4.510003 13.280003
v 1.570002 4.510003 13.280003
v 1.570002 4.510003 12.610003
v 1.320002 3.790002 13.280002
v 1.320002 3.790002 13.280002
v 1.320002 3.790002 12.610002
v 2.720002 2.630002 13.280002
v 2.720002 2.630002 13.280002
v 2.720002 2.630002 12.610002
v 2.280002 2.210002 13.280002
v 2.280002 2.210002 13.280002
v 2.280002 2.210002 12.610002
v 2.760002 0.000002 13.280002
v 2.760002 0.000002 13.280002
v 2.760002 0.000001 12.610002
v 2.320001 0.000002 13.280002
v 2.320001 0.000002 13.280002
v 2.320001 0.000002 12.610002
v 23.020006 0.019999 7.189999
v 23.020006 0.019999 7.189999
v 23.810005 0.019999 7.259999
v 23.810005 0.019999 7.259999
v 23.500006 3.760000 6.940000
v 23.500006 3.760000 6.940000
v 23.500006 3.760000 6.940000
v 23.500006 3.760000 6.940000
v 23.500006 3.760000 6.940000
v 22.950006 3.760000 6.889999
v 22.950006 3.760000 6.889999
v 22.950006 3.760000 6.889999
v 22.950006 3.760000 6.889999
v 23.100006 0.019999 6.349999
v 23.100006 0.019999 6.349999
v 23.010006 3.760000 6.250000
v 23.010006 3.760000 6.250000
v 23.010006 3.760000 6.250000
v 23.010006 3.760000 6.250000
v 23.880005 0.019999 6.419999
v 23.880005 0.019999 6.419999
v 23.560005 3.760000 6.300000
v 23.560005 3.760000 6.300000
v 23.560005 3.760000 6.300000
v 23.560005 3.760000 6.300000
v 23.000006 6.770000 7.200000
v 23.000006 6.770000 7.200000
v 23.000006 6.770000 7.200000
v 23.830006 6.770000 7.270000
v 23.830006 6.770000 7.270000
v 23.080006 7.230000 6.330000
v 23.080006 7.230000 6.330000
v 23.900005 7.230000 6.410000
v 23.900005 7.230000 6.410000
v 23.140005 6.610000 6.660000
v 23.140005 6.389999 -0.010001
v 23.820005 6.389999 -0.010001
v 23.820005 6.389999 -0.010001
v 23.820005 6.610000 6.660000
v 23.820005 6.610000 6.660000
v 23.820005 7.029999 -0.010001
v 23.820005 7.029999 -0.010001
v 23.820005 7.240000 6.660000
v 23.820005 7.240000 6.660000
v 23.140005 7.029999 -0.010001
v 23.140005 7.240000 6.660000
v 23.140005 6.609998 -6.680002
v 23.820005 6.609998 -6.680002
v 23.820005 6.609998 -6.680002
v 23.820005 7.239998 -6.680002
v 23.820005 7.239998 -6.680002
v 23.140005 7.239998 -6.680002
v 10.640005 6.610001 6.650001
v 17.310003 6.390000 6.650001
v 17.310003 6.390000 7.330000
v 17.310003 6.390000 7.330000
v 10.640005 6.610001 7.330001
v 10.640005 6.610001 7.330001
v 17.310003 7.030001 7.330000
v 17.310003 7.030001 7.330000
v 10.640005 7.240001 7.330001
v 10.640005 7.240001 7.330001
v 17.310003 7.030001 6.650001
v 10.640005 7.240001 6.650001
v 23.990005 6.610000 6.650000
v 23.990005 6.610000 6.650000
v 23.990005 6.610000 7.330000
v 23.990005 6.610000 7.330000
v 23.990005 6.610000 7.330000
v 23.990005 7.240000 7.330000
v 23.990005 7.240000 7.330000
v 23.990005 7.240000 7.330000
v 23.990005 7.240000 6.650000
v 23.990005 7.240000 6.650000
v 23.020006 0.019997 -7.200003
v 23.020006 0.019997 -7.200003
v 22.950006 3.759998 -6.910002
v 22.950006 3.759998 -6.910002
v 22.950006 3.759998 -6.910002
v 22.950006 3.759998 -6.910002
v 23.500006 3.759998 -6.950002
v 23.500006 3.759998 -6.950002
v 23.500006 3.759998 -6.950002
v 23.500006 3.759998 -6.950002
v 23.810005 0.019997 -7.270003
v 23.810005 0.019997 -7.270003
v 23.100006 0.019997 -6.370003
v 23.100006 0.019997 -6.370003
v 23.010006 3.759998 -6.270002
v 23.010006 3.759998 -6.270002
v 23.010006 3.759998 -6.270002
v 23.010006 3.759998 -6.270002
v 23.010006 3.759998 -6.270002
v 23.880005 0.019997 -6.440003
v 23.880005 0.019997 -6.440003
v 23.560005 3.759998 -6.320003
v 23.560005 3.759998 -6.320003
v 23.560005 3.759998 -6.320003
v 23.560005 3.759998 -6.320003
v 23.000006 6.769998 -7.220002
v 23.000006 6.769998 -7.220002
v 23.000006 6.769998 -7.220002
v 23.830006 6.769998 -7.290002
v 23.830006 6.769998 -7.290002
v 23.080006 7.229998 -6.350002
v 23.080006 7.229998 -6.350002
v 23.900005 7.229998 -6.420002
v 23.900005 7.229998 -6.420002
v 10.640003 6.609999 -6.680001
v 10.640003 6.609999 -7.360001
v 10.640003 6.609999 -7.360001
v 17.310003 6.389998 -7.360002
v 17.310003 6.389998 -7.360002
v 17.310003 6.389998 -6.680001
v 10.640003 7.239999 -7.360001
v 10.640003 7.239999 -7.360001
v 17.310003 7.029999 -7.360002
v 17.310003 7.029999 -7.360002
v 10.640003 7.239999 -6.680001
v 17.310003 7.029999 -6.680001
v 23.990005 6.609998 -7.360002
v 23.990005 6.609998 -7.360002
v 23.990005 6.609998 -7.360002
v 23.990005 6.609998 -6.680002
v 23.990005 6.609998 -6.680002
v 23.990005 7.239998 -7.360002
v 23.990005 7.239998 -7.360002
v 23.990005 7.239998 -7.360002
v 23.990005 7.239998 -6.680002
v 23.990005 7.239998 -6.680002
v -8.740002 6.440000 -10.699999
v -8.740002 6.440000 -11.589999
v -8.740002 6.440000 -11.589999
v -0.000000 6.159999 -11.590000
v -0.000000 6.159999 -11.590000
v -0.000000 6.159999 -10.700000
v -8.740002 7.270000 -11.589999
v -8.740002 7.270000 -11.589999
v -0.000000 6.980000 -11.590000
v -0.000000 6.980000 -11.590000
v -8.740002 7.270000 -10.699999
v -0.000000 6.980000 -10.700000
v 8.740002 6.439999 -11.590001
v 8.740002 6.439999 -11.590001
v 8.740002 6.439999 -10.700001
v 8.740002 7.269999 -11.590001
v 8.740002 7.269999 -11.590001
v 8.740002 7.269999 -10.700001
v -8.740001 17.790003 0.000003
v -8.740000 27.720003 0.000004
v -8.740000 23.620003 -3.619997
v -8.740000 23.620003 -3.619997
v 0.000002 17.790003 3.620003
v 0.000002 23.020002 3.620003
v -8.740000 23.620003 3.620004
v -8.740000 23.620003 3.620004
v 8.740003 17.790003 0.000002
v 8.740004 27.600004 0.000003
v 8.740004 23.620003 3.620003
v 8.740004 23.620003 3.620003
v 0.000001 17.790003 -3.619998
v 0.000001 23.020002 -3.619997
v 8.740004 23.620003 -3.619998
v 8.740004 23.620003 -3.619998
v -8.340001 17.580002 3.110003
v -8.340001 17.580002 3.110003
v -8.340001 17.580002 3.110003
v -8.500000 20.480001 3.150004
v -8.500000 20.480001 3.150004
v -8.500000 20.480001 3.730004
v -8.500000 20.480001 3.730004
v -8.500000 20.480001 3.730004
v -8.340001 17.580002 3.920004
v -8.340001 17.580002 3.920004
v -8.340000 24.350004 3.110004
v -8.340000 24.350004 3.110004
v -8.340000 23.760002 3.830004
v -8.340000 23.760002 3.830004
v -9.140001 17.580002 3.110003
v -9.140001 17.580002 3.110003
v -9.140001 17.580002 3.110003
v -9.090000 20.480001 3.150004
v -9.090000 20.480001 3.150004
v -9.140000 24.350004 3.110004
v -9.140000 24.350004 3.110004
v -9.140001 17.580002 3.920004
v -9.140001 17.580002 3.920004
v -9.090000 20.480001 3.730004
v -9.090000 20.480001 3.730004
v -9.140000 23.760002 3.830004
v -9.140000 23.760002 3.830004
v 0.810002 20.180002 3.560003
v 0.810002 17.740002 3.560003
v 0.810002 17.740002 3.740003
v 0.810002 17.740002 3.740003
v 0.810002 20.180002 3.740003
v 0.810002 20.180002 3.740003
v 0.950002 20.130001 3.740003
v 0.950002 20.130001 3.740003
v 0.950002 17.740002 3.740003
v 0.950002 17.740002 3.740003
v 0.950002 17.740002 3.560003
v 0.950002 20.130001 3.560003
v 1.040002 20.100002 3.760003
v 1.040002 20.100002 3.760003
v 1.040002 20.100002 3.760003
v 1.040002 20.100002 3.580003
v 1.040002 20.100002 3.580003
v 1.040002 20.320002 3.580003
v 1.040002 20.320002 3.580003
v 1.040002 20.320002 3.760003
v 1.040002 20.320002 3.760003
v 1.040002 20.320002 3.760003
v -1.039998 20.320002 3.580003
v -1.039998 20.320002 3.580003
v -1.039998 20.100002 3.580003
v -1.039998 20.100002 3.580003
v -1.039998 20.100002 3.760003
v -1.039998 20.100002 3.760003
v -1.039998 20.100002 3.760003
v -1.039998 20.320002 3.760003
v -1.039998 20.320002 3.760003
v -1.039998 20.320002 3.760003
v 0.390002 20.290003 3.760003
v 0.390002 20.290003 3.760003
v 0.390002 20.290003 3.760003
v 0.390002 20.290003 3.580003
v 0.390002 20.290003 3.580003
v 0.390002 20.510002 3.760003
v 0.390002 20.510002 3.760003
v 0.390002 20.510002 3.760003
v 0.390002 20.510002 3.580003
v 0.390002 20.510002 3.580003
v -0.939998 20.150002 3.560003
v -0.939999 17.740002 3.560003
v -0.939999 17.740002 3.740003
v -0.939999 17.740002 3.740003
v -0.939998 20.150002 3.740003
v -0.939998 20.150002 3.740003
v -0.799999 17.740002 3.740003
v -0.799999 17.740002 3.740003
v -0.799998 20.190002 3.740003
v -0.799998 20.190002 3.740003
v -0.799999 17.740002 3.560003
v -0.799998 20.190002 3.560003
v -0.389998 20.290003 3.760003
v -0.389998 20.290003 3.760003
v -0.389998 20.290003 3.760003
v -0.389998 20.290003 3.580003
v -0.389998 20.290003 3.580003
v -0.389998 20.510002 3.760003
v -0.389998 20.510002 3.760003
v -0.389998 20.510002 3.760003
v -0.389998 20.510002 3.580003
v -0.389998 20.510002 3.580003
v 0.000002 20.340002 3.760003
v 0.000002 20.340002 3.760003
v 0.000002 20.340002 3.760003
v 0.000002 20.340002 3.580003
v 0.000002 20.340002 3.580003
v 0.000002 20.560001 3.760003
v 0.000002 20.560001 3.760003
v 0.000002 20.560001 3.760003
v 0.000002 20.560001 3.580003
v 0.000002 20.560001 3.580003
v 0.010002 17.690002 4.000003
v 0.010002 17.690002 4.000003
v -0.779999 17.690002 4.000003
v -0.779999 17.690002 4.000003
v -0.779999 17.690002 4.000003
v -0.779999 17.660002 3.950003
v -0.779999 17.660002 3.950003
v 0.010002 17.660002 3.950003
v 0.010002 17.760002 4.010003
v 0.010002 17.760002 4.010003
v -0.779999 17.760002 4.010003
v -0.779999 17.760002 4.010003
v -0.779999 17.760002 4.010003
v -0.779999 17.750002 3.950003
v -0.779998 17.850002 3.950003
v -0.779998 17.850002 3.950003
v -0.779998 17.850002 3.950003
v -0.779998 17.850002 3.640003
v -0.779998 17.850002 3.640003
v -0.779999 17.750002 3.640003
v -0.779998 17.820002 4.000003
v -0.779998 17.820002 4.000003
v -0.779998 17.820002 4.000003
v -0.779999 17.660002 3.640003
v 0.010002 17.850002 3.950003
v 0.010002 17.850002 3.950003
v 0.010002 17.850002 3.640003
v 0.010002 17.820002 4.000003
v 0.010002 17.820002 4.000003
v 0.800002 17.660002 3.950003
v 0.800002 17.660002 3.950003
v 0.800002 17.690002 4.000003
v 0.800002 17.690002 4.000003
v 0.800002 17.690002 4.000003
v 0.800002 17.760002 4.010003
v 0.800002 17.760002 4.010003
v 0.800002 17.760002 4.010003
v 0.800002 17.850002 3.640003
v 0.800002 17.850002 3.640003
v 0.800002 17.850002 3.950003
v 0.800002 17.850002 3.950003
v 0.800002 17.850002 3.950003
v 0.800002 17.750002 3.950003
v 0.800002 17.750002 3.640003
v 0.800002 17.820002 4.000003
v 0.800002 17.820002 4.000003
v 0.800002 17.820002 4.000003
v 0.800002 17.660002 3.640003
v -0.859998 20.190002 3.660003
v -0.859999 17.720001 3.660003
v -0.019998 17.720001 3.660003
v -0.019998 20.450003 3.660003
v 0.820002 20.190002 3.660003
v 0.820002 17.720001 3.660003
v 9.140003 17.580002 3.110002
v 9.140003 17.580002 3.110002
v 9.140003 17.580002 3.110002
v 8.970004 20.480001 3.150003
v 8.970004 20.480001 3.150003
v 8.970004 20.480001 3.150003
v 8.970004 20.480001 3.730003
v 8.970004 20.480001 3.730003
v 8.970004 20.480001 3.730003
v 8.970004 20.480001 3.730003
v 9.140003 17.580002 3.920002
v 9.140003 17.580002 3.920002
v 9.140004 24.350004 3.110003
v 9.140004 24.350004 3.110003
v 9.140004 23.760002 3.830003
v 9.140004 23.760002 3.830003
v 9.140004 23.760002 3.830003
v 8.340003 17.580002 3.110002
v 8.340003 17.580002 3.110002
v 8.390004 20.480001 3.150003
v 8.390004 20.480001 3.150003
v 8.340004 24.350004 3.110003
v 8.340004 24.350004 3.110003
v 8.340003 17.580002 3.920002
v 8.340003 17.580002 3.920002
v 8.390004 20.480001 3.730003
v 8.390004 20.480001 3.730003
v 8.340004 23.760002 3.830003
v 8.340004 23.760002 3.830003
v 9.140003 17.580002 -3.109999
v 9.140003 17.580002 -3.109999
v 9.140003 17.580002 -3.919999
v 9.140003 17.580002 -3.919999
v 8.970004 20.480001 -3.729998
v 8.970004 20.480001 -3.729998
v 8.970004 20.480001 -3.729998
v 8.970004 20.480001 -3.149998
v 8.970004 20.480001 -3.149998
v 9.140004 23.760002 -3.829998
v 9.140004 23.760002 -3.829998
v 9.140004 24.350004 -3.109998
v 9.140004 24.350004 -3.109998
v 8.340003 17.580002 -3.109999
v 8.340003 17.580002 -3.109999
v 8.340003 17.580002 -3.109999
v 8.390004 20.480001 -3.149998
v 8.390004 20.480001 -3.149998
v 8.340004 24.350004 -3.109998
v 8.340004 24.350004 -3.109998
v 8.390004 20.480001 -3.729998
v 8.390004 20.480001 -3.729998
v 8.340003 17.580002 -3.919999
v 8.340003 17.580002 -3.919999
v 8.340004 23.760002 -3.829998
v 8.340004 23.760002 -3.829998
v -8.340001 17.580002 -3.109997
v -8.340001 17.580002 -3.109997
v -8.340001 17.580002 -3.919997
v -8.340001 17.580002 -3.919997
v -8.500000 20.480001 -3.729997
v -8.500000 20.480001 -3.729997
v -8.500000 20.480001 -3.149997
v -8.500000 20.480001 -3.149997
v -8.340000 23.760002 -3.829997
v -8.340000 23.760002 -3.829997
v -8.340000 24.350004 -3.109997
v -8.340000 24.350004 -3.109997
v -9.140001 17.580002 -3.109997
v -9.140001 17.580002 -3.109997
v -9.140001 17.580002 -3.109997
v -9.090000 20.480001 -3.149997
v -9.090000 20.480001 -3.149997
v -9.140000 24.350004 -3.109996
v -9.140000 24.350004 -3.109996
v -9.090000 20.480001 -3.729997
v -9.090000 20.480001 -3.729997
v -9.140001 17.580002 -3.919997
v -9.140001 17.580002 -3.919997
v -9.140000 23.760002 -3.829997
v -9.140000 23.760002 -3.829997
v -12.590001 6.440003 8.740003
v -13.480000 6.440003 8.740003
v -13.480000 6.440003 8.740003
v -13.480002 6.160002 0.000002
v -13.480002 6.160002 0.000002
v -12.590003 6.160002 0.000002
v -13.480000 7.270003 8.740003
v -13.480000 7.270003 8.740003
v -13.480001 6.980002 0.000002
v -13.480001 6.980002 0.000002
v -12.590001 7.270003 8.740003
v -12.590002 6.980002 0.000002
v -13.480002 6.440001 -8.739999
v -13.480002 6.440001 -8.739999
v -12.590003 6.440001 -8.739999
v -13.480002 7.270001 -8.739999
v -13.480002 7.270001 -8.739999
v -12.590003 7.270001 -8.739999
v 9.920003 18.640001 -4.669999
v 9.920003 18.640001 -4.669999
v 9.920003 18.640001 -4.669999
v 10.780004 18.640001 -4.669999
v 10.780004 18.640001 -4.669999
v 10.780004 18.640001 -4.669999
v 10.780003 18.640001 -6.659999
v 10.780003 18.640001 -6.659999
v 10.780003 18.640001 -6.659999
v 9.920002 18.640001 -6.659999
v 9.920002 18.640001 -6.659999
v 9.920002 18.640001 -6.659999
v 9.920003 17.790003 -4.669999
v 9.920003 17.790003 -4.669999
v 10.780004 17.790003 -4.669999
v 10.780004 17.790003 -4.669999
v 10.780003 17.790003 -6.659999
v 10.780003 17.790003 -6.659999
v 9.920002 17.790003 -6.659999
v 9.920002 17.790003 -6.659999
v 12.400002 7.799999 -6.900001
v 12.400002 7.799999 -6.900001
v 12.400002 7.799999 -6.900001
v 12.400003 7.799999 -6.030001
v 12.400003 7.799999 -6.030001
v 12.400003 7.799999 -6.030001
v 14.380005 7.799999 -6.030001
v 14.380005 7.799999 -6.030001
v 14.380005 7.799999 -6.030001
v 14.380004 7.799999 -6.900001
v 14.380004 7.799999 -6.900001
v 14.380004 7.799999 -6.900001
v 12.400002 6.949999 -6.900001
v 12.400002 6.949999 -6.900001
v 12.400003 6.949999 -6.030001
v 12.400003 6.949999 -6.030001
v 14.380005 6.949999 -6.030001
v 14.380005 6.949999 -6.030001
v 14.380004 6.949999 -6.900001
v 14.380004 6.949999 -6.900001
v 12.400003 7.800001 5.990000
v 12.400003 7.800001 5.990000
v 12.400003 7.800001 5.990000
v 12.400004 7.800001 6.860001
v 12.400004 7.800001 6.860001
v 12.400004 7.800001 6.860001
v 14.380006 7.800001 6.860001
v 14.380006 7.800001 6.860001
v 14.380006 7.800001 6.860001
v 14.380005 7.800001 5.990000
v 14.380005 7.800001 5.990000
v 14.380005 7.800001 5.990000
v 12.400003 6.950001 5.990000
v 12.400003 6.950001 5.990000
v 12.400004 6.950001 6.860001
v 12.400004 6.950001 6.860001
v 14.380006 6.950001 6.860001
v 14.380006 6.950001 6.860001
v 14.380005 6.950001 5.990000
v 14.380005 6.950001 5.990000
v 16.550001 -0.000003 -12.980002
v 16.550001 7.759998 -12.980001
v 16.550001 7.759998 -12.980001
v 17.170004 7.759998 -10.680001
v 17.170004 7.759998 -10.680001
v 17.170004 -0.000003 -10.680002
v 14.870003 -0.000003 -14.660003
v 14.870004 7.759998 -14.660002
v 14.870004 7.759998 -14.660002
v 12.570002 -0.000003 -15.280003
v 12.570002 -0.000003 -15.280003
v 12.570003 7.759998 -15.280002
v 12.570003 7.759998 -15.280002
v 12.570003 7.759998 -15.280002
v 10.270002 -0.000003 -14.660003
v 10.270003 7.759998 -14.660002
v 10.270003 7.759998 -14.660002
v 8.580001 -0.000002 -12.980002
v 8.580002 7.759999 -12.980001
v 8.580002 7.759999 -12.980001
v 7.970001 -0.000002 -10.680002
v 7.970001 7.759999 -10.680001
v 7.970001 7.759999 -10.680001
v 8.580001 -0.000002 -8.380002
v 8.580002 7.760000 -8.380001
v 8.580002 7.760000 -8.380001
v 10.270002 -0.000002 -6.690002
v 10.270003 7.759999 -6.690001
v 10.270003 7.759999 -6.690001
v 12.570003 -0.000002 -6.080002
v 12.570004 7.759999 -6.080001
v 12.570004 7.759999 -6.080001
v 14.870003 -0.000002 -6.690002
v 14.870004 7.759999 -6.690001
v 14.870004 7.759999 -6.690001
v 16.550003 -0.000002 -8.380002
v 16.550003 7.759999 -8.380001
v 16.550003 7.759999 -8.380001
v 16.780003 7.759998 -13.110002
v 16.780003 7.759998 -13.110002
v 16.780003 7.759998 -13.110002
v 16.780003 8.569998 -13.110002
v 16.780003 8.569998 -13.110002
v 16.780003 8.569998 -13.110002
v 17.430004 8.569998 -10.680001
v 17.430004 8.569998 -10.680001
v 17.430004 8.569998 -10.680001
v 17.430004 7.759998 -10.680001
v 17.430004 7.759998 -10.680001
v 17.430004 7.759998 -10.680001
v 15.000004 7.759998 -14.890002
v 15.000004 7.759998 -14.890002
v 15.000004 7.759998 -14.890002
v 15.000004 8.569998 -14.890002
v 15.000004 8.569998 -14.890002
v 15.000004 8.569998 -14.890002
v 12.570003 7.759998 -15.540002
v 12.570003 7.759998 -15.540002
v 12.570003 7.759998 -15.540002
v 12.570003 8.569998 -15.540002
v 12.570003 8.569998 -15.540002
v 12.570003 8.569998 -15.540002
v 10.130003 7.759998 -14.890002
v 10.130003 7.759998 -14.890002
v 10.130003 7.759998 -14.890002
v 10.130003 8.569998 -14.890002
v 10.130003 8.569998 -14.890002
v 10.130003 8.569998 -14.890002
v 8.350002 7.759999 -13.110002
v 8.350002 7.759999 -13.110002
v 8.350002 7.759999 -13.110002
v 8.350002 8.569998 -13.110001
v 8.350002 8.569998 -13.110001
v 8.350002 8.569998 -13.110001
v 7.700001 7.759999 -10.680001
v 7.700001 7.759999 -10.680001
v 7.700001 7.759999 -10.680001
v 7.700001 8.569998 -10.680000
v 7.700001 8.569998 -10.680000
v 7.700001 8.569998 -10.680000
v 8.350002 7.760000 -8.240001
v 8.350002 7.760000 -8.240001
v 8.350002 7.760000 -8.240001
v 8.350002 8.569999 -8.240000
v 8.350002 8.569999 -8.240000
v 8.350002 8.569999 -8.240000
v 10.130003 7.759999 -6.460001
v 10.130003 7.759999 -6.460001
v 10.130003 7.759999 -6.460001
v 10.130003 8.569999 -6.460001
v 10.130003 8.569999 -6.460001
v 10.130003 8.569999 -6.460001
v 12.570004 7.759999 -5.810000
v 12.570004 7.759999 -5.810000
v 12.570004 7.759999 -5.810000
v 12.570004 8.569999 -5.810000
v 12.570004 8.569999 -5.810000
v 12.570004 8.569999 -5.810000
v 15.000004 7.759999 -6.460001
v 15.000004 7.759999 -6.460001
v 15.000004 7.759999 -6.460001
v 15.000004 8.569999 -6.460001
v 15.000004 8.569999 -6.460001
v 15.000004 8.569999 -6.460001
v 16.780005 7.759999 -8.240001
v 16.780005 7.759999 -8.240001
v 16.780005 7.759999 -8.240001
v 16.780005 8.569999 -8.240001
v 16.780005 8.569999 -8.240001
v 16.780005 8.569999 -8.240001
v 17.170004 8.569998 -10.680001
v 17.170004 8.569998 -10.680001
v 16.550001 8.569998 -12.980001
v 16.550001 8.569998 -12.980001
v 14.870004 8.569998 -14.660002
v 14.870004 8.569998 -14.660002
v 14.870004 8.569998 -14.660002
v 12.570003 8.569998 -15.280002
v 12.570003 8.569998 -15.280002
v 12.570003 8.569998 -15.280002
v 10.270003 8.569998 -14.660002
v 10.270003 8.569998 -14.660002
v 8.580002 8.569998 -12.980000
v 8.580002 8.569998 -12.980000
v 8.580002 8.569998 -12.980000
v 7.970001 8.569998 -10.680000
v 7.970001 8.569998 -10.680000
v 8.580002 8.569999 -8.380000
v 8.580002 8.569999 -8.380000
v 10.270003 8.569999 -6.690001
v 10.270003 8.569999 -6.690001
v 12.570004 8.569999 -6.080001
v 12.570004 8.569999 -6.080001
v 14.870004 8.569999 -6.690001
v 14.870004 8.569999 -6.690001
v 16.550003 8.569999 -8.380001
v 16.550003 8.569999 -8.380001
v 16.550003 16.889997 -12.980000
v 16.550003 16.889997 -12.980000
v 16.550003 16.889997 -12.980000
v 17.170006 16.889997 -10.680000
v 17.170006 16.889997 -10.680000
v 17.170006 16.889997 -10.680000
v 14.870004 16.889997 -14.660001
v 14.870004 16.889997 -14.660001
v 14.870004 16.889997 -14.660001
v 14.870004 16.889997 -14.660001
v 12.570003 16.889999 -15.280001
v 12.570003 16.889999 -15.280001
v 12.570003 16.889999 -15.280001
v 12.570003 16.889999 -15.280001
v 10.270003 16.889999 -14.660000
v 10.270003 16.889999 -14.660000
v 10.270003 16.889999 -14.660000
v 8.580002 16.889999 -12.980000
v 8.580002 16.889999 -12.980000
v 8.580002 16.889999 -12.980000
v 8.580002 16.889999 -12.980000
v 7.970002 16.889999 -10.679999
v 7.970002 16.889999 -10.679999
v 7.970002 16.889999 -10.679999
v 8.580002 16.889999 -8.379999
v 8.580002 16.889999 -8.379999
v 8.580002 16.889999 -8.379999
v 10.270003 16.890001 -6.690000
v 10.270003 16.890001 -6.690000
v 10.270003 16.890001 -6.690000
v 12.570004 16.890001 -6.079999
v 12.570004 16.890001 -6.079999
v 12.570004 16.890001 -6.079999
v 14.870004 16.889999 -6.690000
v 14.870004 16.889999 -6.690000
v 14.870004 16.889999 -6.690000
v 16.550005 16.889997 -8.380000
v 16.550005 16.889997 -8.380000
v 16.550005 16.889997 -8.380000
v 17.130003 21.299997 -13.310000
v 17.130003 21.299997 -13.310000
v 17.470003 21.299997 -13.510000
v 17.470003 21.299997 -13.510000
v 17.470003 21.299997 -13.510000
v 18.230005 21.299997 -10.679999
v 18.230005 21.299997 -10.679999
v 18.230005 21.299997 -10.679999
v 17.830006 21.299997 -10.679999
v 17.830006 21.299997 -10.679999
v 15.200005 21.299997 -15.240000
v 15.200005 21.299997 -15.240000
v 15.200005 21.299997 -15.240000
v 15.400004 21.299997 -15.580000
v 15.400004 21.299997 -15.580000
v 15.400004 21.299997 -15.580000
v 12.570004 21.299999 -15.940000
v 12.570004 21.299999 -15.940000
v 12.570004 21.299999 -16.340000
v 12.570004 21.299999 -16.340000
v 12.570004 21.299999 -16.340000
v 9.930003 21.299999 -15.240000
v 9.930003 21.299999 -15.240000
v 9.730002 21.299999 -15.580000
v 9.730002 21.299999 -15.580000
v 9.730002 21.299999 -15.580000
v 8.010003 21.299999 -13.310000
v 8.010003 21.299999 -13.310000
v 7.660002 21.299999 -13.510000
v 7.660002 21.299999 -13.510000
v 7.660002 21.299999 -13.510000
v 7.300003 21.299999 -10.679999
v 7.300003 21.299999 -10.679999
v 6.900002 21.299999 -10.679999
v 6.900002 21.299999 -10.679999
v 6.900002 21.299999 -10.679999
v 8.010003 21.299999 -8.039999
v 8.010003 21.299999 -8.039999
v 7.660003 21.299999 -7.839999
v 7.660003 21.299999 -7.839999
v 7.660003 21.299999 -7.839999
v 9.930004 21.300001 -6.119999
v 9.930004 21.300001 -6.119999
v 9.730003 21.300001 -5.769999
v 9.730003 21.300001 -5.769999
v 9.730003 21.300001 -5.769999
v 12.570004 21.300001 -5.409998
v 12.570004 21.300001 -5.409998
v 12.570004 21.300001 -5.009999
v 12.570004 21.300001 -5.009999
v 12.570004 21.300001 -5.009999
v 15.200006 21.299999 -6.119999
v 15.200006 21.299999 -6.119999
v 15.400005 21.299999 -5.769999
v 15.400005 21.299999 -5.769999
v 15.400005 21.299999 -5.769999
v 17.130005 21.299997 -8.039999
v 17.130005 21.299997 -8.039999
v 17.470005 21.299997 -7.840000
v 17.470005 21.299997 -7.840000
v 17.470005 21.299997 -7.840000
v 16.170004 24.760000 -12.760000
v 16.170004 24.760000 -12.760000
v 16.170004 24.760000 -12.760000
v 16.170004 24.760000 -12.760000
v 16.720005 24.760000 -10.679999
v 16.720005 24.760000 -10.679999
v 16.720005 24.760000 -10.679999
v 16.720005 24.760000 -10.679999
v 14.640005 24.760000 -14.280000
v 14.640005 24.760000 -14.280000
v 14.640005 24.760000 -14.280000
v 14.640005 24.760000 -14.280000
v 12.570004 24.760002 -14.830000
v 12.570004 24.760002 -14.830000
v 12.570004 24.760002 -14.830000
v 12.570004 24.760002 -14.830000
v 10.490004 24.760002 -14.279999
v 10.490004 24.760002 -14.279999
v 10.490004 24.760002 -14.279999
v 10.490004 24.760002 -14.279999
v 8.970003 24.760002 -12.759999
v 8.970003 24.760002 -12.759999
v 8.970003 24.760002 -12.759999
v 8.970003 24.760002 -12.759999
v 8.970003 24.760002 -12.759999
v 8.410003 24.760002 -10.679998
v 8.410003 24.760002 -10.679998
v 8.410003 24.760002 -10.679998
v 8.410003 24.760002 -10.679998
v 8.970003 24.760002 -8.599998
v 8.970003 24.760002 -8.599998
v 8.970003 24.760002 -8.599998
v 8.970003 24.760002 -8.599998
v 8.970003 24.760002 -8.599998
v 10.490004 24.760004 -7.079998
v 10.490004 24.760004 -7.079998
v 10.490004 24.760004 -7.079998
v 10.490004 24.760004 -7.079998
v 10.490004 24.760004 -7.079998
v 12.570004 24.760004 -6.519999
v 12.570004 24.760004 -6.519999
v 12.570004 24.760004 -6.519999
v 12.570004 24.760004 -6.519999
v 14.640005 24.760002 -7.079998
v 14.640005 24.760002 -7.079998
v 14.640005 24.760002 -7.079998
v 14.640005 24.760002 -7.079998
v 16.170006 24.760000 -8.599999
v 16.170006 24.760000 -8.599999
v 16.170006 24.760000 -8.599999
v 16.170006 24.760000 -8.599999
v 16.130003 28.500000 -12.739999
v 16.130003 28.500000 -12.739999
v 16.690006 28.500000 -10.679998
v 16.690006 28.500000 -10.679998
v 16.690006 28.500000 -10.679998
v 14.630005 28.500000 -14.239999
v 14.630005 28.500000 -14.239999
v 12.570004 28.500002 -14.799999
v 12.570004 28.500002 -14.799999
v 10.510004 28.500002 -14.239999
v 10.510004 28.500002 -14.239999
v 10.510004 28.500002 -14.239999
v 9.000003 28.500002 -12.739999
v 9.000003 28.500002 -12.739999
v 9.000003 28.500002 -12.739999
v 8.450003 28.500002 -10.679998
v 8.450003 28.500002 -10.679998
v 8.450003 28.500002 -10.679998
v 9.000003 28.500002 -8.619998
v 9.000003 28.500002 -8.619998
v 10.510004 28.500002 -7.109998
v 10.510004 28.500002 -7.109998
v 12.570004 28.500004 -6.559998
v 12.570004 28.500004 -6.559998
v 14.630005 28.500000 -7.109998
v 14.630005 28.500000 -7.109998
v 16.130005 28.500000 -8.619998
v 16.130005 28.500000 -8.619998
v 16.130005 28.500000 -8.619998
v 17.130003 17.359999 -13.310001
v 17.130003 17.359999 -13.310001
v 17.130003 17.359999 -13.310001
v 17.830006 17.359999 -10.680000
v 17.830006 17.359999 -10.680000
v 17.830006 17.359999 -10.680000
v 15.200004 17.359999 -15.240001
v 15.200004 17.359999 -15.240001
v 15.200004 17.359999 -15.240001
v 15.200004 17.359999 -15.240001
v 12.570003 17.360001 -15.940001
v 12.570003 17.360001 -15.940001
v 12.570003 17.360001 -15.940001
v 9.930002 17.360001 -15.240000
v 9.930002 17.360001 -15.240000
v 9.930002 17.360001 -15.240000
v 8.010002 17.360001 -13.310000
v 8.010002 17.360001 -13.310000
v 8.010002 17.360001 -13.310000
v 7.300003 17.360001 -10.679999
v 7.300003 17.360001 -10.679999
v 7.300003 17.360001 -10.679999
v 8.010002 17.360001 -8.039999
v 8.010002 17.360001 -8.039999
v 8.010002 17.360001 -8.039999
v 9.930003 17.360003 -6.119999
v 9.930003 17.360003 -6.119999
v 9.930003 17.360003 -6.119999
v 12.570004 17.360003 -5.409999
v 12.570004 17.360003 -5.409999
v 12.570004 17.360003 -5.409999
v 15.200005 17.360001 -6.120000
v 15.200005 17.360001 -6.120000
v 15.200005 17.360001 -6.120000
v 17.130005 17.359999 -8.040000
v 17.130005 17.359999 -8.040000
v 17.130005 17.359999 -8.040000
v 17.910006 20.209997 -10.370000
v 17.910006 20.209997 -10.370000
v 17.910006 20.209997 -10.370000
v 17.910006 19.229998 -10.370000
v 17.910006 19.229998 -10.370000
v 17.910006 19.229998 -10.370000
v 17.910006 19.209997 -10.800000
v 17.910006 19.209997 -10.800000
v 17.910006 19.209997 -10.800000
v 17.910006 19.209997 -10.800000
v 17.910006 20.519999 -10.800000
v 17.910006 20.519999 -10.800000
v 17.910006 20.519999 -10.800000
v 17.910006 20.519999 -10.800000
v 17.810005 19.259998 -10.030000
v 17.810005 19.259998 -10.030000
v 17.810005 19.119999 -10.030000
v 17.810005 19.119999 -10.030000
v 17.910006 19.119999 -10.040000
v 17.910006 19.119999 -10.040000
v 17.910006 19.259998 -10.040000
v 17.910006 19.259998 -10.040000
v 17.890005 20.749998 -10.799999
v 17.890005 20.749998 -10.799999
v 17.840006 20.289999 -10.150000
v 17.840006 20.289999 -10.150000
v 17.940006 20.289999 -10.150000
v 17.940006 20.289999 -10.150000
v 17.940006 20.289999 -10.150000
v 17.940006 20.289999 -10.150000
v 17.980005 20.749998 -10.810000
v 17.980005 20.749998 -10.810000
v 17.980005 20.749998 -10.810000
v 17.980005 20.749998 -10.810000
v 17.680006 19.119999 -11.550000
v 17.680006 19.119999 -11.550000
v 17.680006 19.259998 -11.550000
v 17.680006 19.259998 -11.550000
v 17.780006 19.259998 -11.560000
v 17.780006 19.259998 -11.560000
v 17.780006 19.119999 -11.560000
v 17.780006 19.119999 -11.560000
v 17.890005 19.069998 -10.800000
v 17.890005 19.069998 -10.800000
v 17.730005 19.119999 -11.450000
v 17.730005 19.119999 -11.450000
v 17.820005 19.119999 -11.450000
v 17.820005 19.119999 -11.450000
v 17.980005 19.069998 -10.810000
v 17.980005 19.069998 -10.810000
v 18.050005 19.119999 -10.160000
v 18.050005 19.119999 -10.160000
v 18.050005 19.119999 -10.160000
v 18.050005 19.119999 -10.160000
v 18.050005 19.119999 -10.160000
v 18.080006 19.229998 -10.390000
v 18.080006 19.229998 -10.390000
v 18.080006 19.229998 -10.390000
v 18.080006 19.229998 -10.390000
v 18.050005 19.259998 -10.160000
v 18.050005 19.259998 -10.160000
v 18.050005 19.259998 -10.160000
v 18.050005 19.259998 -10.160000
v 17.980005 20.209997 -10.380000
v 17.980005 20.209997 -10.380000
v 17.980005 20.209997 -10.380000
v 17.980005 20.209997 -10.380000
v 17.980005 20.519999 -10.810000
v 17.980005 20.519999 -10.810000
v 17.980005 20.519999 -10.810000
v 17.980005 20.519999 -10.810000
v 17.930006 19.259998 -11.460000
v 17.930006 19.259998 -11.460000
v 17.930006 19.259998 -11.460000
v 17.930006 19.259998 -11.460000
v 18.010006 19.239998 -11.240000
v 18.010006 19.239998 -11.240000
v 18.010006 19.239998 -11.240000
v 18.010006 19.239998 -11.240000
v 17.930006 19.119999 -11.460000
v 17.930006 19.119999 -11.460000
v 17.930006 19.119999 -11.460000
v 17.930006 19.119999 -11.460000
v 17.930006 19.119999 -11.460000
v 18.090006 19.069998 -10.820000
v 18.090006 19.069998 -10.820000
v 18.090006 19.069998 -10.820000
v 18.090006 19.069998 -10.820000
v 18.090006 19.209997 -10.820000
v 18.090006 19.209997 -10.820000
v 18.090006 19.209997 -10.820000
v 18.090006 19.209997 -10.820000
v 17.830006 20.209997 -11.230000
v 17.830006 20.209997 -11.230000
v 17.830006 20.209997 -11.230000
v 17.830006 19.239998 -11.230000
v 17.830006 19.239998 -11.230000
v 17.830006 19.239998 -11.230000
v 17.730005 20.289999 -11.450000
v 17.730005 20.289999 -11.450000
v 17.820005 20.289999 -11.450000
v 17.820005 20.289999 -11.450000
v 17.820005 20.289999 -11.450000
v 17.820005 20.289999 -11.450000
v 17.840006 19.119999 -10.150000
v 17.840006 19.119999 -10.150000
v 17.940006 19.119999 -10.150000
v 17.940006 19.119999 -10.150000
v 17.900005 20.209997 -11.230000
v 17.900005 20.209997 -11.230000
v 17.900005 20.209997 -11.230000
v 17.900005 20.209997 -11.230000
v 17.980005 19.229998 -10.380000
v 17.980005 19.229998 -10.380000
v 17.980005 19.229998 -10.380000
v 17.980005 19.229998 -10.380000
v 17.900005 19.239998 -11.230000
v 17.900005 19.239998 -11.230000
v 17.900005 19.239998 -11.230000
v 17.900005 19.239998 -11.230000
v 17.980005 19.209997 -10.810000
v 17.980005 19.209997 -10.810000
v 17.820005 19.259998 -11.450000
v 17.820005 19.259998 -11.450000
v 17.820005 19.259998 -11.450000
v 17.820005 19.259998 -11.450000
v 17.730005 19.259998 -11.450000
v 17.730005 19.259998 -11.450000
v 17.840006 19.259998 -10.150000
v 17.840006 19.259998 -10.150000
v 17.940006 19.259998 -10.150000
v 17.940006 19.259998 -10.150000
v 17.940006 19.259998 -10.150000
v 17.940006 19.259998 -10.150000
v 18.020006 19.119999 -10.050000
v 18.020006 19.119999 -10.050000
v 18.020006 19.119999 -10.050000
v 18.020006 19.259998 -10.050000
v 18.020006 19.259998 -10.050000
v 18.020006 19.259998 -10.050000
v 17.880005 19.259998 -11.570000
v 17.880005 19.259998 -11.570000
v 17.880005 19.259998 -11.570000
v 17.880005 19.119999 -11.570000
v 17.880005 19.119999 -11.570000
v 17.880005 19.119999 -11.570000
v 12.870004 20.209997 -16.020000
v 12.870004 20.209997 -16.020000
v 12.870004 20.209997 -16.020000
v 12.870004 19.229998 -16.020000
v 12.870004 19.229998 -16.020000
v 12.870004 19.229998 -16.020000
v 12.440003 19.209999 -16.020000
v 12.440003 19.209999 -16.020000
v 12.440003 19.209999 -16.020000
v 12.440003 19.209999 -16.020000
v 12.440003 20.520000 -16.020000
v 12.440003 20.520000 -16.020000
v 12.440003 20.520000 -16.020000
v 12.440003 20.520000 -16.020000
v 13.210004 19.259998 -15.920000
v 13.210004 19.259998 -15.920000
v 13.210004 19.119999 -15.920000
v 13.210004 19.119999 -15.920000
v 13.200004 19.119999 -16.020000
v 13.200004 19.119999 -16.020000
v 13.200004 19.259998 -16.020000
v 13.200004 19.259998 -16.020000
v 12.440003 20.750000 -16.000000
v 12.440003 20.750000 -16.000000
v 13.100004 20.289999 -15.950000
v 13.100004 20.289999 -15.950000
v 13.090004 20.289999 -16.049999
v 13.090004 20.289999 -16.049999
v 13.090004 20.289999 -16.049999
v 13.090004 20.289999 -16.049999
v 12.430004 20.750000 -16.100000
v 12.430004 20.750000 -16.100000
v 12.430004 20.750000 -16.100000
v 12.430004 20.750000 -16.100000
v 11.690003 19.120001 -15.790000
v 11.690003 19.120001 -15.790000
v 11.690003 19.260000 -15.790000
v 11.690003 19.260000 -15.790000
v 11.680004 19.260000 -15.890000
v 11.680004 19.260000 -15.890000
v 11.680004 19.120001 -15.890000
v 11.680004 19.120001 -15.890000
v 12.440003 19.070000 -16.000000
v 12.440003 19.070000 -16.000000
v 11.800004 19.120001 -15.840000
v 11.800004 19.120001 -15.840000
v 11.790004 19.120001 -15.940000
v 11.790004 19.120001 -15.940000
v 12.430004 19.070000 -16.100000
v 12.430004 19.070000 -16.100000
v 13.080004 19.119999 -16.160000
v 13.080004 19.119999 -16.160000
v 13.080004 19.119999 -16.160000
v 13.080004 19.119999 -16.160000
v 13.080004 19.119999 -16.160000
v 12.850004 19.229998 -16.200001
v 12.850004 19.229998 -16.200001
v 12.850004 19.229998 -16.200001
v 12.850004 19.229998 -16.200001
v 13.080004 19.259998 -16.160000
v 13.080004 19.259998 -16.160000
v 13.080004 19.259998 -16.160000
v 13.080004 19.259998 -16.160000
v 12.860003 20.209997 -16.090000
v 12.860003 20.209997 -16.090000
v 12.860003 20.209997 -16.090000
v 12.860003 20.209997 -16.090000
v 12.430004 20.520000 -16.100000
v 12.430004 20.520000 -16.100000
v 12.430004 20.520000 -16.100000
v 12.430004 20.520000 -16.100000
v 11.780004 19.260000 -16.040001
v 11.780004 19.260000 -16.040001
v 11.780004 19.260000 -16.040001
v 11.780004 19.260000 -16.040001
v 12.000004 19.240000 -16.120001
v 12.000004 19.240000 -16.120001
v 12.000004 19.240000 -16.120001
v 11.780004 19.120001 -16.040001
v 11.780004 19.120001 -16.040001
v 11.780004 19.120001 -16.040001
v 11.780004 19.120001 -16.040001
v 11.780004 19.120001 -16.040001
v 12.420004 19.070000 -16.200001
v 12.420004 19.070000 -16.200001
v 12.420004 19.070000 -16.200001
v 12.420004 19.070000 -16.200001
v 12.420004 19.209999 -16.200001
v 12.420004 19.209999 -16.200001
v 12.420004 19.209999 -16.200001
v 12.420004 19.209999 -16.200001
v 12.010004 20.209999 -15.940000
v 12.010004 20.209999 -15.940000
v 12.010004 20.209999 -15.940000
v 12.010004 19.240000 -15.940000
v 12.010004 19.240000 -15.940000
v 12.010004 19.240000 -15.940000
v 11.800004 20.290001 -15.840000
v 11.800004 20.290001 -15.840000
v 11.790004 20.290001 -15.940000
v 11.790004 20.290001 -15.940000
v 11.790004 20.290001 -15.940000
v 11.790004 20.290001 -15.940000
v 13.100004 19.119999 -15.950000
v 13.100004 19.119999 -15.950000
v 13.090004 19.119999 -16.049999
v 13.090004 19.119999 -16.049999
v 12.010004 20.209999 -16.010000
v 12.010004 20.209999 -16.010000
v 12.010004 20.209999 -16.010000
v 12.010004 20.209999 -16.010000
v 12.860003 19.229998 -16.090000
v 12.860003 19.229998 -16.090000
v 12.860003 19.229998 -16.090000
v 12.860003 19.229998 -16.090000
v 12.010004 19.240000 -16.010000
v 12.010004 19.240000 -16.010000
v 12.010004 19.240000 -16.010000
v 12.430004 19.209999 -16.100000
v 12.430004 19.209999 -16.100000
v 11.790004 19.260000 -15.940000
v 11.790004 19.260000 -15.940000
v 11.790004 19.260000 -15.940000
v 11.790004 19.260000 -15.940000
v 11.800004 19.260000 -15.840000
v 11.800004 19.260000 -15.840000
v 13.100004 19.259998 -15.950000
v 13.100004 19.259998 -15.950000
v 13.090004 19.259998 -16.049999
v 13.090004 19.259998 -16.049999
v 13.090004 19.259998 -16.049999
v 13.090004 19.259998 -16.049999
v 13.190003 19.119999 -16.129999
v 13.190003 19.119999 -16.129999
v 13.190003 19.119999 -16.129999
v 13.190003 19.259998 -16.129999
v 13.190003 19.259998 -16.129999
v 13.190003 19.259998 -16.129999
v 11.670004 19.260000 -16.000000
v 11.670004 19.260000 -16.000000
v 11.670004 19.260000 -16.000000
v 11.670004 19.120001 -16.000000
v 11.670004 19.120001 -16.000000
v 11.670004 19.120001 -16.000000
v 9.240003 23.340000 -12.520000
v 9.240003 23.340000 -12.520000
v 8.560003 24.920002 -12.989999
v 8.560003 24.920002 -12.989999
v 8.560003 24.920002 -12.989999
v 8.560003 24.920002 -12.989999
v 9.100003 24.920002 -13.759999
v 9.100003 24.920002 -13.759999
v 9.100003 24.920002 -13.759999
v 9.780003 23.340000 -13.289999
v 9.780003 23.340000 -13.289999
v 9.530003 28.410002 -12.289999
v 8.630003 28.410002 -12.919999
v 8.630003 28.410002 -12.919999
v 9.180003 28.410002 -13.699999
v 9.180003 28.410002 -13.699999
v 9.180003 28.410002 -13.699999
v 10.080004 28.410002 -13.069999
v 12.870004 27.209999 -14.809999
v 12.870004 27.209999 -14.809999
v 12.870004 27.209999 -14.809999
v 12.870004 26.240000 -14.809999
v 12.870004 26.240000 -14.809999
v 12.870004 26.240000 -14.809999
v 12.440003 26.210001 -14.819999
v 12.440003 26.210001 -14.819999
v 12.440003 26.210001 -14.819999
v 12.440003 26.210001 -14.819999
v 12.440003 27.520002 -14.819999
v 12.440003 27.520002 -14.819999
v 12.440003 27.520002 -14.819999
v 12.440003 27.520002 -14.819999
v 13.210004 26.260000 -14.719999
v 13.210004 26.260000 -14.719999
v 13.210004 26.120001 -14.719999
v 13.210004 26.120001 -14.719999
v 13.200004 26.120001 -14.819999
v 13.200004 26.120001 -14.819999
v 13.200004 26.260000 -14.819999
v 13.200004 26.260000 -14.819999
v 12.440003 27.750002 -14.799999
v 12.440003 27.750002 -14.799999
v 13.100004 27.299999 -14.749999
v 13.100004 27.299999 -14.749999
v 13.090004 27.299999 -14.849999
v 13.090004 27.299999 -14.849999
v 13.090004 27.299999 -14.849999
v 13.090004 27.299999 -14.849999
v 12.430004 27.750002 -14.889999
v 12.430004 27.750002 -14.889999
v 12.430004 27.750002 -14.889999
v 12.430004 27.750002 -14.889999
v 11.690003 26.120003 -14.589999
v 11.690003 26.120003 -14.589999
v 11.690003 26.260002 -14.589999
v 11.690003 26.260002 -14.589999
v 11.680004 26.260002 -14.689999
v 11.680004 26.260002 -14.689999
v 11.680004 26.120003 -14.689999
v 11.680004 26.120003 -14.689999
v 12.440003 26.070002 -14.799999
v 12.440003 26.070002 -14.799999
v 11.800004 26.120003 -14.639999
v 11.800004 26.120003 -14.639999
v 11.790004 26.120003 -14.729999
v 11.790004 26.120003 -14.729999
v 12.430004 26.070002 -14.889999
v 12.430004 26.070002 -14.889999
v 13.080004 26.120001 -14.959999
v 13.080004 26.120001 -14.959999
v 13.080004 26.120001 -14.959999
v 13.080004 26.120001 -14.959999
v 13.080004 26.120001 -14.959999
v 12.850004 26.240000 -14.989999
v 12.850004 26.240000 -14.989999
v 12.850004 26.240000 -14.989999
v 12.850004 26.240000 -14.989999
v 13.080004 26.260000 -14.959999
v 13.080004 26.260000 -14.959999
v 13.080004 26.260000 -14.959999
v 13.080004 26.260000 -14.959999
v 12.860003 27.209999 -14.889999
v 12.860003 27.209999 -14.889999
v 12.860003 27.209999 -14.889999
v 12.860003 27.209999 -14.889999
v 12.430004 27.520002 -14.889999
v 12.430004 27.520002 -14.889999
v 12.430004 27.520002 -14.889999
v 12.430004 27.520002 -14.889999
v 11.780004 26.260002 -14.839999
v 11.780004 26.260002 -14.839999
v 11.780004 26.260002 -14.839999
v 11.780004 26.260002 -14.839999
v 12.000004 26.250002 -14.919999
v 12.000004 26.250002 -14.919999
v 12.000004 26.250002 -14.919999
v 11.780004 26.120003 -14.839999
v 11.780004 26.120003 -14.839999
v 11.780004 26.120003 -14.839999
v 11.780004 26.120003 -14.839999
v 11.780004 26.120003 -14.839999
v 12.420004 26.070002 -14.999999
v 12.420004 26.070002 -14.999999
v 12.420004 26.070002 -14.999999
v 12.420004 26.070002 -14.999999
v 12.420004 26.210001 -14.999999
v 12.420004 26.210001 -14.999999
v 12.420004 26.210001 -14.999999
v 12.420004 26.210001 -14.999999
v 12.010004 27.210001 -14.739999
v 12.010004 27.210001 -14.739999
v 12.010004 27.210001 -14.739999
v 12.010004 26.250002 -14.739999
v 12.010004 26.250002 -14.739999
v 12.010004 26.250002 -14.739999
v 11.800004 27.300001 -14.639999
v 11.800004 27.300001 -14.639999
v 11.800004 27.300001 -14.639999
v 11.790004 27.300001 -14.729999
v 11.790004 27.300001 -14.729999
v 11.790004 27.300001 -14.729999
v 11.790004 27.300001 -14.729999
v 13.100004 26.120001 -14.749999
v 13.100004 26.120001 -14.749999
v 13.090004 26.120001 -14.849999
v 13.090004 26.120001 -14.849999
v 12.010004 27.210001 -14.809999
v 12.010004 27.210001 -14.809999
v 12.010004 27.210001 -14.809999
v 12.010004 27.210001 -14.809999
v 12.860003 26.240000 -14.889999
v 12.860003 26.240000 -14.889999
v 12.860003 26.240000 -14.889999
v 12.860003 26.240000 -14.889999
v 12.010004 26.250002 -14.809999
v 12.010004 26.250002 -14.809999
v 12.010004 26.250002 -14.809999
v 12.430004 26.210001 -14.889999
v 12.430004 26.210001 -14.889999
v 11.790004 26.260002 -14.729999
v 11.790004 26.260002 -14.729999
v 11.790004 26.260002 -14.729999
v 11.790004 26.260002 -14.729999
v 11.800004 26.260002 -14.639999
v 11.800004 26.260002 -14.639999
v 13.100004 26.260000 -14.749999
v 13.100004 26.260000 -14.749999
v 13.090004 26.260000 -14.849999
v 13.090004 26.260000 -14.849999
v 13.090004 26.260000 -14.849999
v 13.090004 26.260000 -14.849999
v 13.190003 26.120001 -14.929999
v 13.190003 26.120001 -14.929999
v 13.190003 26.120001 -14.929999
v 13.190003 26.260000 -14.929999
v 13.190003 26.260000 -14.929999
v 13.190003 26.260000 -14.929999
v 11.670004 26.260002 -14.789999
v 11.670004 26.260002 -14.789999
v 11.670004 26.260002 -14.789999
v 11.670004 26.120003 -14.789999
v 11.670004 26.120003 -14.789999
v 11.670004 26.120003 -14.789999
v 14.410005 23.339998 -14.010000
v 14.410005 23.339998 -14.010000
v 14.410005 23.339998 -14.010000
v 14.410005 23.339998 -14.010000
v 14.880005 24.920000 -14.680000
v 14.880005 24.920000 -14.680000
v 14.880005 24.920000 -14.680000
v 14.880005 24.920000 -14.680000
v 15.650004 24.920000 -14.140000
v 15.650004 24.920000 -14.140000
v 15.650004 24.920000 -14.140000
v 15.180005 23.339998 -13.460000
v 15.180005 23.339998 -13.460000
v 14.180005 28.410000 -13.709999
v 14.810005 28.410000 -14.609999
v 14.810005 28.410000 -14.609999
v 14.810005 28.410000 -14.609999
v 15.590005 28.410000 -14.069999
v 15.590005 28.410000 -14.069999
v 14.960005 28.410000 -13.169999
v 8.430003 27.210001 -10.979998
v 8.430003 27.210001 -10.979998
v 8.430003 27.210001 -10.979998
v 8.430003 26.240002 -10.979998
v 8.430003 26.240002 -10.979998
v 8.430003 26.240002 -10.979998
v 8.420003 26.210001 -10.549998
v 8.420003 26.210001 -10.549998
v 8.420003 26.210001 -10.549998
v 8.420003 26.210001 -10.549998
v 8.420003 27.520002 -10.549998
v 8.420003 27.520002 -10.549998
v 8.420003 27.520002 -10.549998
v 8.420003 27.520002 -10.549998
v 8.520003 26.260002 -11.319998
v 8.520003 26.260002 -11.319998
v 8.520003 26.120003 -11.319998
v 8.520003 26.120003 -11.319998
v 8.420003 26.120003 -11.309999
v 8.420003 26.120003 -11.309999
v 8.420003 26.260002 -11.309999
v 8.420003 26.260002 -11.309999
v 8.450003 27.750002 -10.549998
v 8.450003 27.750002 -10.549998
v 8.490003 27.300001 -11.209998
v 8.490003 27.300001 -11.209998
v 8.390003 27.300001 -11.199998
v 8.390003 27.300001 -11.199998
v 8.390003 27.300001 -11.199998
v 8.390003 27.300001 -11.199998
v 8.350003 27.750002 -10.539998
v 8.350003 27.750002 -10.539998
v 8.350003 27.750002 -10.539998
v 8.350003 27.750002 -10.539998
v 8.650002 26.120003 -9.799998
v 8.650002 26.120003 -9.799998
v 8.650002 26.260002 -9.799998
v 8.650002 26.260002 -9.799998
v 8.560003 26.260002 -9.789998
v 8.560003 26.260002 -9.789998
v 8.560003 26.120003 -9.789998
v 8.560003 26.120003 -9.789998
v 8.450003 26.070002 -10.549998
v 8.450003 26.070002 -10.549998
v 8.610003 26.120003 -9.909998
v 8.610003 26.120003 -9.909998
v 8.510003 26.120003 -9.899998
v 8.510003 26.120003 -9.899998
v 8.350003 26.070002 -10.539998
v 8.350003 26.070002 -10.539998
v 8.290003 26.120003 -11.189998
v 8.290003 26.120003 -11.189998
v 8.290003 26.120003 -11.189998
v 8.290003 26.120003 -11.189998
v 8.290003 26.120003 -11.189998
v 8.250003 26.240002 -10.959998
v 8.250003 26.240002 -10.959998
v 8.250003 26.240002 -10.959998
v 8.250003 26.240002 -10.959998
v 8.290003 26.260002 -11.189998
v 8.290003 26.260002 -11.189998
v 8.290003 26.260002 -11.189998
v 8.290003 26.260002 -11.189998
v 8.350003 27.210001 -10.969998
v 8.350003 27.210001 -10.969998
v 8.350003 27.210001 -10.969998
v 8.350003 27.210001 -10.969998
v 8.350003 27.520002 -10.539998
v 8.350003 27.520002 -10.539998
v 8.350003 27.520002 -10.539998
v 8.350003 27.520002 -10.539998
v 8.400002 26.260002 -9.889998
v 8.400002 26.260002 -9.889998
v 8.400002 26.260002 -9.889998
v 8.400002 26.260002 -9.889998
v 8.320003 26.250002 -10.109998
v 8.320003 26.250002 -10.109998
v 8.320003 26.250002 -10.109998
v 8.320003 26.250002 -10.109998
v 8.400002 26.120003 -9.889998
v 8.400002 26.120003 -9.889998
v 8.400002 26.120003 -9.889998
v 8.400002 26.120003 -9.889998
v 8.400002 26.120003 -9.889998
v 8.240003 26.070002 -10.529998
v 8.240003 26.070002 -10.529998
v 8.240003 26.070002 -10.529998
v 8.240003 26.070002 -10.529998
v 8.240003 26.210001 -10.529998
v 8.240003 26.210001 -10.529998
v 8.240003 26.210001 -10.529998
v 8.240003 26.210001 -10.529998
v 8.500003 27.210001 -10.129998
v 8.500003 27.210001 -10.129998
v 8.500003 27.210001 -10.129998
v 8.500003 26.250002 -10.129998
v 8.500003 26.250002 -10.129998
v 8.500003 26.250002 -10.129998
v 8.610003 27.300001 -9.909998
v 8.610003 27.300001 -9.909998
v 8.510003 27.300001 -9.899998
v 8.510003 27.300001 -9.899998
v 8.510003 27.300001 -9.899998
v 8.510003 27.300001 -9.899998
v 8.490003 26.120003 -11.209998
v 8.490003 26.120003 -11.209998
v 8.390003 26.120003 -11.199998
v 8.390003 26.120003 -11.199998
v 8.430003 27.210001 -10.119998
v 8.430003 27.210001 -10.119998
v 8.430003 27.210001 -10.119998
v 8.430003 27.210001 -10.119998
v 8.350003 26.240002 -10.969998
v 8.350003 26.240002 -10.969998
v 8.350003 26.240002 -10.969998
v 8.350003 26.240002 -10.969998
v 8.430003 26.250002 -10.119998
v 8.430003 26.250002 -10.119998
v 8.430003 26.250002 -10.119998
v 8.430003 26.250002 -10.119998
v 8.350003 26.210001 -10.539998
v 8.350003 26.210001 -10.539998
v 8.510003 26.260002 -9.899998
v 8.510003 26.260002 -9.899998
v 8.510003 26.260002 -9.899998
v 8.510003 26.260002 -9.899998
v 8.610003 26.260002 -9.909998
v 8.610003 26.260002 -9.909998
v 8.490003 26.260002 -11.209998
v 8.490003 26.260002 -11.209998
v 8.390003 26.260002 -11.199998
v 8.390003 26.260002 -11.199998
v 8.390003 26.260002 -11.199998
v 8.390003 26.260002 -11.199998
v 8.320003 26.120003 -11.299998
v 8.320003 26.120003 -11.299998
v 8.320003 26.120003 -11.299998
v 8.320003 26.260002 -11.299998
v 8.320003 26.260002 -11.299998
v 8.320003 26.260002 -11.299998
v 8.450003 26.260002 -9.779998
v 8.450003 26.260002 -9.779998
v 8.450003 26.260002 -9.779998
v 8.450003 26.120003 -9.779998
v 8.450003 26.120003 -9.779998
v 8.450003 26.120003 -9.779998
v 13.040003 12.700000 -6.810000
v 13.040003 12.700000 -6.810000
v 13.040004 14.280000 -5.989999
v 13.040004 14.280000 -5.989999
v 13.040004 14.280000 -5.989999
v 12.090004 14.280000 -5.989999
v 12.090004 14.280000 -5.989999
v 12.090004 14.280000 -5.989999
v 12.090003 12.700000 -6.810000
v 12.090003 12.700000 -6.810000
v 13.040003 17.340000 -6.739999
v 13.040004 17.340000 -5.639999
v 13.040004 17.340000 -5.639999
v 12.090004 17.340002 -5.639999
v 12.090004 17.340002 -5.639999
v 12.090003 17.340002 -6.739999
v 8.980001 12.699999 -12.200001
v 8.980001 12.699999 -12.200001
v 8.980001 12.699999 -12.200001
v 8.270002 14.279999 -12.610001
v 8.270002 14.279999 -12.610001
v 8.270002 14.279999 -12.610001
v 8.270002 14.279999 -12.610001
v 8.740002 14.279999 -13.430001
v 8.740002 14.279999 -13.430001
v 8.740002 14.279999 -13.430001
v 9.460002 12.699999 -13.020001
v 9.460002 12.699999 -13.020001
v 8.920002 17.340000 -12.240000
v 7.970002 17.340000 -12.790000
v 7.970002 17.340000 -12.790000
v 8.440001 17.340000 -13.610000
v 8.440001 17.340000 -13.610000
v 9.390002 17.340000 -13.060000
v 12.090003 12.699999 -14.540001
v 12.090003 12.699999 -14.540001
v 12.090003 14.279999 -15.360001
v 12.090003 14.279999 -15.360001
v 12.090003 14.279999 -15.360001
v 13.040003 14.279999 -15.360001
v 13.040003 14.279999 -15.360001
v 13.040003 14.279999 -15.360001
v 13.040003 12.699999 -14.540001
v 13.040003 12.699999 -14.540001
v 12.090003 17.340000 -14.620001
v 12.090003 17.340000 -15.710001
v 12.090003 17.340000 -15.710001
v 13.040003 17.339998 -15.710001
v 13.040003 17.339998 -15.710001
v 13.040003 17.339998 -14.620001
v 10.730003 23.340000 -7.349998
v 10.730003 23.340000 -7.349998
v 10.730003 23.340000 -7.349998
v 10.250004 24.920004 -6.669999
v 10.250004 24.920004 -6.669999
v 10.250004 24.920004 -6.669999
v 9.480002 24.920002 -7.219998
v 9.480002 24.920002 -7.219998
v 9.480002 24.920002 -7.219998
v 9.950003 23.340000 -7.889998
v 9.950003 23.340000 -7.889998
v 10.950004 28.410002 -7.649998
v 10.320004 28.410004 -6.739998
v 10.320004 28.410004 -6.739998
v 10.320004 28.410004 -6.739998
v 9.550003 28.410002 -7.289998
v 9.550003 28.410002 -7.289998
v 10.180004 28.410002 -8.189998
v 9.460002 12.700000 -8.340000
v 9.460002 12.700000 -8.340000
v 9.460002 12.700000 -8.340000
v 8.740002 14.280000 -7.920000
v 8.740002 14.280000 -7.920000
v 8.740002 14.280000 -7.920000
v 8.740002 14.280000 -7.920000
v 8.270002 14.280000 -8.740000
v 8.270002 14.280000 -8.740000
v 8.270002 14.280000 -8.740000
v 8.270002 14.280000 -8.740000
v 8.980001 12.700000 -9.150000
v 8.980001 12.700000 -9.150000
v 9.390002 17.340000 -8.299999
v 8.440001 17.340000 -7.749999
v 8.440001 17.340000 -7.749999
v 7.970003 17.340000 -8.569999
v 7.970003 17.340000 -8.569999
v 8.920002 17.340000 -9.119999
v 7.230002 20.209999 -10.979999
v 7.230002 20.209999 -10.979999
v 7.230002 20.209999 -10.979999
v 7.230002 19.230000 -10.979999
v 7.230002 19.230000 -10.979999
v 7.230002 19.230000 -10.979999
v 7.220002 19.209999 -10.549999
v 7.220002 19.209999 -10.549999
v 7.220002 19.209999 -10.549999
v 7.220002 19.209999 -10.549999
v 7.220002 20.520000 -10.549999
v 7.220002 20.520000 -10.549999
v 7.220002 20.520000 -10.549999
v 7.220002 20.520000 -10.549999
v 7.320003 19.260000 -11.319999
v 7.320003 19.260000 -11.319999
v 7.320003 19.120001 -11.319999
v 7.320003 19.120001 -11.319999
v 7.220002 19.120001 -11.309999
v 7.220002 19.120001 -11.309999
v 7.220002 19.260000 -11.309999
v 7.220002 19.260000 -11.309999
v 7.240002 20.750000 -10.549999
v 7.240002 20.750000 -10.549999
v 7.290002 20.290001 -11.209999
v 7.290002 20.290001 -11.209999
v 7.190002 20.290001 -11.199999
v 7.190002 20.290001 -11.199999
v 7.190002 20.290001 -11.199999
v 7.190002 20.290001 -11.199999
v 7.150002 20.750000 -10.539999
v 7.150002 20.750000 -10.539999
v 7.150002 20.750000 -10.539999
v 7.150002 20.750000 -10.539999
v 7.450002 19.120001 -9.799999
v 7.450002 19.120001 -9.799999
v 7.450002 19.260000 -9.799999
v 7.450002 19.260000 -9.799999
v 7.350002 19.260000 -9.789999
v 7.350002 19.260000 -9.789999
v 7.350002 19.120001 -9.789999
v 7.350002 19.120001 -9.789999
v 7.240002 19.070000 -10.549999
v 7.240002 19.070000 -10.549999
v 7.410002 19.120001 -9.909999
v 7.410002 19.120001 -9.909999
v 7.310002 19.120001 -9.899999
v 7.310002 19.120001 -9.899999
v 7.150002 19.070000 -10.539999
v 7.150002 19.070000 -10.539999
v 7.090003 19.120001 -11.189999
v 7.090003 19.120001 -11.189999
v 7.090003 19.120001 -11.189999
v 7.090003 19.120001 -11.189999
v 7.090003 19.120001 -11.189999
v 7.050003 19.230000 -10.959999
v 7.050003 19.230000 -10.959999
v 7.050003 19.230000 -10.959999
v 7.050003 19.230000 -10.959999
v 7.090003 19.260000 -11.189999
v 7.090003 19.260000 -11.189999
v 7.090003 19.260000 -11.189999
v 7.090003 19.260000 -11.189999
v 7.150002 20.209999 -10.969999
v 7.150002 20.209999 -10.969999
v 7.150002 20.209999 -10.969999
v 7.150002 20.209999 -10.969999
v 7.150002 20.520000 -10.539999
v 7.150002 20.520000 -10.539999
v 7.150002 20.520000 -10.539999
v 7.150002 20.520000 -10.539999
v 7.200002 19.260000 -9.889999
v 7.200002 19.260000 -9.889999
v 7.200002 19.260000 -9.889999
v 7.200002 19.260000 -9.889999
v 7.120002 19.240000 -10.109999
v 7.120002 19.240000 -10.109999
v 7.120002 19.240000 -10.109999
v 7.120002 19.240000 -10.109999
v 7.200002 19.120001 -9.889999
v 7.200002 19.120001 -9.889999
v 7.200002 19.120001 -9.889999
v 7.200002 19.120001 -9.889999
v 7.200002 19.120001 -9.889999
v 7.040002 19.070000 -10.529999
v 7.040002 19.070000 -10.529999
v 7.040002 19.070000 -10.529999
v 7.040002 19.070000 -10.529999
v 7.040002 19.209999 -10.529999
v 7.040002 19.209999 -10.529999
v 7.040002 19.209999 -10.529999
v 7.040002 19.209999 -10.529999
v 7.300003 20.209999 -10.129999
v 7.300003 20.209999 -10.129999
v 7.300003 20.209999 -10.129999
v 7.300003 19.240000 -10.129999
v 7.300003 19.240000 -10.129999
v 7.300003 19.240000 -10.129999
v 7.410002 20.290001 -9.909999
v 7.410002 20.290001 -9.909999
v 7.310002 20.290001 -9.899999
v 7.310002 20.290001 -9.899999
v 7.310002 20.290001 -9.899999
v 7.310002 20.290001 -9.899999
v 7.290002 19.120001 -11.209999
v 7.290002 19.120001 -11.209999
v 7.190002 19.120001 -11.199999
v 7.190002 19.120001 -11.199999
v 7.230002 20.209999 -10.119999
v 7.230002 20.209999 -10.119999
v 7.230002 20.209999 -10.119999
v 7.230002 20.209999 -10.119999
v 7.150002 19.230000 -10.969999
v 7.150002 19.230000 -10.969999
v 7.150002 19.230000 -10.969999
v 7.150002 19.230000 -10.969999
v 7.230002 19.240000 -10.119999
v 7.230002 19.240000 -10.119999
v 7.230002 19.240000 -10.119999
v 7.230002 19.240000 -10.119999
v 7.150002 19.209999 -10.539999
v 7.150002 19.209999 -10.539999
v 7.310002 19.260000 -9.899999
v 7.310002 19.260000 -9.899999
v 7.310002 19.260000 -9.899999
v 7.310002 19.260000 -9.899999
v 7.410002 19.260000 -9.909999
v 7.410002 19.260000 -9.909999
v 7.290002 19.260000 -11.209999
v 7.290002 19.260000 -11.209999
v 7.190002 19.260000 -11.199999
v 7.190002 19.260000 -11.199999
v 7.190002 19.260000 -11.199999
v 7.190002 19.260000 -11.199999
v 7.110003 19.120001 -11.299999
v 7.110003 19.120001 -11.299999
v 7.110003 19.120001 -11.299999
v 7.110003 19.260000 -11.299999
v 7.110003 19.260000 -11.299999
v 7.110003 19.260000 -11.299999
v 7.250002 19.260000 -9.779999
v 7.250002 19.260000 -9.779999
v 7.250002 19.260000 -9.779999
v 7.250002 19.120001 -9.779999
v 7.250002 19.120001 -9.779999
v 7.250002 19.120001 -9.779999
v 12.260004 27.210003 -6.539998
v 12.260004 27.210003 -6.539998
v 12.260004 27.210003 -6.539998
v 12.260004 26.240004 -6.539999
v 12.260004 26.240004 -6.539999
v 12.260004 26.240004 -6.539999
v 12.690003 26.210001 -6.529999
v 12.690003 26.210001 -6.529999
v 12.690003 26.210001 -6.529999
v 12.690003 26.210001 -6.529999
v 12.690003 27.520002 -6.529998
v 12.690003 27.520002 -6.529998
v 12.690003 27.520002 -6.529998
v 12.690003 27.520002 -6.529998
v 11.920004 26.260004 -6.629998
v 11.920004 26.260004 -6.629998
v 11.920004 26.120005 -6.629999
v 11.920004 26.120005 -6.629999
v 11.930004 26.120005 -6.529999
v 11.930004 26.120005 -6.529999
v 11.930004 26.260004 -6.529998
v 11.930004 26.260004 -6.529998
v 12.690003 27.750002 -6.559998
v 12.690003 27.750002 -6.559998
v 12.030004 27.300003 -6.599998
v 12.030004 27.300003 -6.599998
v 12.040004 27.300003 -6.509998
v 12.040004 27.300003 -6.509998
v 12.040004 27.300003 -6.509998
v 12.040004 27.300003 -6.509998
v 12.700004 27.750002 -6.459998
v 12.700004 27.750002 -6.459998
v 12.700004 27.750002 -6.459998
v 12.700004 27.750002 -6.459998
v 13.440003 26.120003 -6.759999
v 13.440003 26.120003 -6.759999
v 13.440003 26.260002 -6.759999
v 13.440003 26.260002 -6.759999
v 13.450004 26.260002 -6.669999
v 13.450004 26.260002 -6.669999
v 13.450004 26.120003 -6.669999
v 13.450004 26.120003 -6.669999
v 12.690003 26.070002 -6.559999
v 12.690003 26.070002 -6.559999
v 13.340004 26.120003 -6.719998
v 13.340004 26.120003 -6.719998
v 13.340004 26.120003 -6.619998
v 13.340004 26.120003 -6.619998
v 12.700004 26.070002 -6.459999
v 12.700004 26.070002 -6.459999
v 12.050004 26.120005 -6.399999
v 12.050004 26.120005 -6.399999
v 12.050004 26.120005 -6.399999
v 12.050004 26.120005 -6.399999
v 12.050004 26.120005 -6.399999
v 12.280004 26.240004 -6.359999
v 12.280004 26.240004 -6.359999
v 12.280004 26.240004 -6.359999
v 12.280004 26.240004 -6.359999
v 12.050004 26.260004 -6.399999
v 12.050004 26.260004 -6.399999
v 12.050004 26.260004 -6.399999
v 12.050004 26.260004 -6.399999
v 12.270004 27.210003 -6.469998
v 12.270004 27.210003 -6.469998
v 12.270004 27.210003 -6.469998
v 12.270004 27.210003 -6.469998
v 12.700004 27.520002 -6.459998
v 12.700004 27.520002 -6.459998
v 12.700004 27.520002 -6.459998
v 12.700004 27.520002 -6.459998
v 13.350004 26.260002 -6.509999
v 13.350004 26.260002 -6.509999
v 13.350004 26.260002 -6.509999
v 13.350004 26.260002 -6.509999
v 13.130004 26.250002 -6.429998
v 13.130004 26.250002 -6.429998
v 13.130004 26.250002 -6.429998
v 13.350004 26.120003 -6.509999
v 13.350004 26.120003 -6.509999
v 13.350004 26.120003 -6.509999
v 13.350004 26.120003 -6.509999
v 13.350004 26.120003 -6.509999
v 12.710004 26.070002 -6.349998
v 12.710004 26.070002 -6.349998
v 12.710004 26.070002 -6.349998
v 12.710004 26.070002 -6.349998
v 12.710004 26.210001 -6.349998
v 12.710004 26.210001 -6.349998
v 12.710004 26.210001 -6.349998
v 12.710004 26.210001 -6.349998
v 13.120004 27.210001 -6.609998
v 13.120004 27.210001 -6.609998
v 13.120004 27.210001 -6.609998
v 13.120004 26.250002 -6.609999
v 13.120004 26.250002 -6.609999
v 13.120004 26.250002 -6.609999
v 13.340004 27.300001 -6.719998
v 13.340004 27.300001 -6.719998
v 13.340004 27.300001 -6.619998
v 13.340004 27.300001 -6.619998
v 13.340004 27.300001 -6.619998
v 13.340004 27.300001 -6.619998
v 12.030004 26.120005 -6.599998
v 12.030004 26.120005 -6.599998
v 12.040004 26.120005 -6.509999
v 12.040004 26.120005 -6.509999
v 13.120004 27.210001 -6.539998
v 13.120004 27.210001 -6.539998
v 13.120004 27.210001 -6.539998
v 13.120004 27.210001 -6.539998
v 12.270004 26.240004 -6.469998
v 12.270004 26.240004 -6.469998
v 12.270004 26.240004 -6.469998
v 12.270004 26.240004 -6.469998
v 13.120004 26.250002 -6.539999
v 13.120004 26.250002 -6.539999
v 13.120004 26.250002 -6.539999
v 12.700004 26.210001 -6.459999
v 12.700004 26.210001 -6.459999
v 13.340004 26.260002 -6.619998
v 13.340004 26.260002 -6.619998
v 13.340004 26.260002 -6.619998
v 13.340004 26.260002 -6.619998
v 13.340004 26.260002 -6.719998
v 13.340004 26.260002 -6.719998
v 12.030004 26.260004 -6.599998
v 12.030004 26.260004 -6.599998
v 12.040004 26.260004 -6.509999
v 12.040004 26.260004 -6.509999
v 12.040004 26.260004 -6.509999
v 12.040004 26.260004 -6.509999
v 11.940003 26.120005 -6.429998
v 11.940003 26.120005 -6.429998
v 11.940003 26.120005 -6.429998
v 11.940003 26.260004 -6.429998
v 11.940003 26.260004 -6.429998
v 11.940003 26.260004 -6.429998
v 13.460004 26.260002 -6.559999
v 13.460004 26.260002 -6.559999
v 13.460004 26.260002 -6.559999
v 13.460004 26.120003 -6.559999
v 13.460004 26.120003 -6.559999
v 13.460004 26.120003 -6.559999
v 16.150005 12.700000 -9.150000
v 16.150005 12.700000 -9.150000
v 16.150005 12.700000 -9.150000
v 16.860006 14.280000 -8.740000
v 16.860006 14.280000 -8.740000
v 16.860006 14.280000 -8.740000
v 16.390005 14.280000 -7.920001
v 16.390005 14.280000 -7.920001
v 16.390005 14.280000 -7.920001
v 15.670004 12.700000 -8.340000
v 15.670004 12.700000 -8.340000
v 16.210005 17.339998 -9.120000
v 17.170006 17.339998 -8.570000
v 17.170006 17.339998 -8.570000
v 16.690006 17.339998 -7.750000
v 16.690006 17.339998 -7.750000
v 15.740004 17.339998 -8.300000
v 12.260005 20.210001 -5.339999
v 12.260005 20.210001 -5.339999
v 12.260005 20.210001 -5.339999
v 12.260005 19.230001 -5.339999
v 12.260005 19.230001 -5.339999
v 12.260005 19.230001 -5.339999
v 12.690004 19.209999 -5.329999
v 12.690004 19.209999 -5.329999
v 12.690004 19.209999 -5.329999
v 12.690004 19.209999 -5.329999
v 12.690004 20.520000 -5.329998
v 12.690004 20.520000 -5.329998
v 12.690004 20.520000 -5.329998
v 12.690004 20.520000 -5.329998
v 11.920005 19.260002 -5.429998
v 11.920005 19.260002 -5.429998
v 11.920005 19.120003 -5.429998
v 11.920005 19.120003 -5.429998
v 11.930005 19.120003 -5.329999
v 11.930005 19.120003 -5.329999
v 11.930005 19.260002 -5.329998
v 11.930005 19.260002 -5.329998
v 12.690004 20.750000 -5.359999
v 12.690004 20.750000 -5.359999
v 12.030005 20.290003 -5.399999
v 12.030005 20.290003 -5.399999
v 12.040005 20.290003 -5.299999
v 12.040005 20.290003 -5.299999
v 12.040005 20.290003 -5.299999
v 12.040005 20.290003 -5.299999
v 12.700005 20.750000 -5.259999
v 12.700005 20.750000 -5.259999
v 12.700005 20.750000 -5.259999
v 12.700005 20.750000 -5.259999
v 13.440004 19.120001 -5.559999
v 13.440004 19.120001 -5.559999
v 13.440004 19.260000 -5.559999
v 13.440004 19.260000 -5.559999
v 13.450005 19.260000 -5.469999
v 13.450005 19.260000 -5.469999
v 13.450005 19.120001 -5.469999
v 13.450005 19.120001 -5.469999
v 12.690004 19.070000 -5.359999
v 12.690004 19.070000 -5.359999
v 13.340005 19.120001 -5.519999
v 13.340005 19.120001 -5.519999
v 13.340005 19.120001 -5.419999
v 13.340005 19.120001 -5.419999
v 12.700005 19.070000 -5.259999
v 12.700005 19.070000 -5.259999
v 12.050005 19.120003 -5.199999
v 12.050005 19.120003 -5.199999
v 12.050005 19.120003 -5.199999
v 12.050005 19.120003 -5.199999
v 12.050005 19.120003 -5.199999
v 12.280005 19.230001 -5.159999
v 12.280005 19.230001 -5.159999
v 12.280005 19.230001 -5.159999
v 12.280005 19.230001 -5.159999
v 12.050005 19.260002 -5.199998
v 12.050005 19.260002 -5.199998
v 12.050005 19.260002 -5.199998
v 12.050005 19.260002 -5.199998
v 12.270005 20.210001 -5.259999
v 12.270005 20.210001 -5.259999
v 12.270005 20.210001 -5.259999
v 12.270005 20.210001 -5.259999
v 12.700005 20.520000 -5.259999
v 12.700005 20.520000 -5.259999
v 12.700005 20.520000 -5.259999
v 12.700005 20.520000 -5.259999
v 13.350005 19.260000 -5.309999
v 13.350005 19.260000 -5.309999
v 13.350005 19.260000 -5.309999
v 13.350005 19.260000 -5.309999
v 13.130005 19.240000 -5.229999
v 13.130005 19.240000 -5.229999
v 13.130005 19.240000 -5.229999
v 13.350005 19.120001 -5.309999
v 13.350005 19.120001 -5.309999
v 13.350005 19.120001 -5.309999
v 13.350005 19.120001 -5.309999
v 13.350005 19.120001 -5.309999
v 12.710005 19.070000 -5.149999
v 12.710005 19.070000 -5.149999
v 12.710005 19.070000 -5.149999
v 12.710005 19.070000 -5.149999
v 12.710005 19.209999 -5.149999
v 12.710005 19.209999 -5.149999
v 12.710005 19.209999 -5.149999
v 12.710005 19.209999 -5.149999
v 13.120005 20.209999 -5.409998
v 13.120005 20.209999 -5.409998
v 13.120005 20.209999 -5.409998
v 13.120005 19.240000 -5.409999
v 13.120005 19.240000 -5.409999
v 13.120005 19.240000 -5.409999
v 13.340005 20.290001 -5.519999
v 13.340005 20.290001 -5.519999
v 13.340005 20.290001 -5.419999
v 13.340005 20.290001 -5.419999
v 13.340005 20.290001 -5.419999
v 13.340005 20.290001 -5.419999
v 12.030005 19.120003 -5.399999
v 12.030005 19.120003 -5.399999
v 12.040005 19.120003 -5.299999
v 12.040005 19.120003 -5.299999
v 13.120005 20.209999 -5.339999
v 13.120005 20.209999 -5.339999
v 13.120005 20.209999 -5.339999
v 13.120005 20.209999 -5.339999
v 12.270005 19.230001 -5.259999
v 12.270005 19.230001 -5.259999
v 12.270005 19.230001 -5.259999
v 12.270005 19.230001 -5.259999
v 13.120005 19.240000 -5.339999
v 13.120005 19.240000 -5.339999
v 13.120005 19.240000 -5.339999
v 12.700005 19.209999 -5.259999
v 12.700005 19.209999 -5.259999
v 13.340005 19.260000 -5.419999
v 13.340005 19.260000 -5.419999
v 13.340005 19.260000 -5.419999
v 13.340005 19.260000 -5.419999
v 13.340005 19.260000 -5.519999
v 13.340005 19.260000 -5.519999
v 12.030005 19.260002 -5.399999
v 12.030005 19.260002 -5.399999
v 12.040005 19.260002 -5.299999
v 12.040005 19.260002 -5.299999
v 12.040005 19.260002 -5.299999
v 12.040005 19.260002 -5.299999
v 11.940004 19.120003 -5.229999
v 11.940004 19.120003 -5.229999
v 11.940004 19.120003 -5.229999
v 11.940004 19.260002 -5.229999
v 11.940004 19.260002 -5.229999
v 11.940004 19.260002 -5.229999
v 13.460005 19.260000 -5.359999
v 13.460005 19.260000 -5.359999
v 13.460005 19.260000 -5.359999
v 13.460005 19.120001 -5.359999
v 13.460005 19.120001 -5.359999
v 13.460005 19.120001 -5.359999
v 15.890005 23.339998 -8.839999
v 15.890005 23.339998 -8.839999
v 15.890005 23.339998 -8.839999
v 16.570005 24.920000 -8.359999
v 16.570005 24.920000 -8.359999
v 16.570005 24.920000 -8.359999
v 16.570005 24.920000 -8.359999
v 16.030006 24.920000 -7.589999
v 16.030006 24.920000 -7.589999
v 16.030006 24.920000 -7.589999
v 16.030006 24.920000 -7.589999
v 15.350005 23.339998 -8.059999
v 15.350005 23.339998 -8.059999
v 15.600005 28.410000 -9.059999
v 16.500006 28.410000 -8.429998
v 16.500006 28.410000 -8.429998
v 16.500006 28.410000 -8.429998
v 15.960005 28.410000 -7.659998
v 15.960005 28.410000 -7.659998
v 15.960005 28.410000 -7.659998
v 15.060005 28.410000 -8.289998
v 16.700006 27.209999 -10.369998
v 16.700006 27.209999 -10.369998
v 16.700006 27.209999 -10.369998
v 16.700006 26.240000 -10.369999
v 16.700006 26.240000 -10.369999
v 16.700006 26.240000 -10.369999
v 16.710005 26.209999 -10.799999
v 16.710005 26.209999 -10.799999
v 16.710005 26.209999 -10.799999
v 16.710005 26.209999 -10.799999
v 16.710005 27.520000 -10.799998
v 16.710005 27.520000 -10.799998
v 16.710005 27.520000 -10.799998
v 16.710005 27.520000 -10.799998
v 16.610006 26.260000 -10.029999
v 16.610006 26.260000 -10.029999
v 16.610006 26.120001 -10.029999
v 16.610006 26.120001 -10.029999
v 16.710005 26.120001 -10.039999
v 16.710005 26.120001 -10.039999
v 16.710005 26.260000 -10.039999
v 16.710005 26.260000 -10.039999
v 16.690006 27.750000 -10.799998
v 16.690006 27.750000 -10.799998
v 16.640005 27.299999 -10.149998
v 16.640005 27.299999 -10.149998
v 16.740005 27.299999 -10.149998
v 16.740005 27.299999 -10.149998
v 16.740005 27.299999 -10.149998
v 16.740005 27.299999 -10.149998
v 16.780006 27.750000 -10.809999
v 16.780006 27.750000 -10.809999
v 16.780006 27.750000 -10.809999
v 16.780006 27.750000 -10.809999
v 16.480005 26.120001 -11.549999
v 16.480005 26.120001 -11.549999
v 16.480005 26.260000 -11.549999
v 16.480005 26.260000 -11.549999
v 16.580006 26.260000 -11.559999
v 16.580006 26.260000 -11.559999
v 16.580006 26.120001 -11.559999
v 16.580006 26.120001 -11.559999
v 16.690006 26.070000 -10.799999
v 16.690006 26.070000 -10.799999
v 16.530006 26.120001 -11.449999
v 16.530006 26.120001 -11.449999
v 16.620007 26.120001 -11.449999
v 16.620007 26.120001 -11.449999
v 16.780006 26.070000 -10.809999
v 16.780006 26.070000 -10.809999
v 16.840006 26.120001 -10.159999
v 16.840006 26.120001 -10.159999
v 16.840006 26.120001 -10.159999
v 16.840006 26.120001 -10.159999
v 16.840006 26.120001 -10.159999
v 16.880005 26.240000 -10.389999
v 16.880005 26.240000 -10.389999
v 16.880005 26.240000 -10.389999
v 16.880005 26.240000 -10.389999
v 16.840006 26.260000 -10.159999
v 16.840006 26.260000 -10.159999
v 16.840006 26.260000 -10.159999
v 16.840006 26.260000 -10.159999
v 16.780006 27.209999 -10.379998
v 16.780006 27.209999 -10.379998
v 16.780006 27.209999 -10.379998
v 16.780006 27.209999 -10.379998
v 16.780006 27.520000 -10.809999
v 16.780006 27.520000 -10.809999
v 16.780006 27.520000 -10.809999
v 16.780006 27.520000 -10.809999
v 16.730005 26.260000 -11.459999
v 16.730005 26.260000 -11.459999
v 16.730005 26.260000 -11.459999
v 16.730005 26.260000 -11.459999
v 16.810005 26.250000 -11.239999
v 16.810005 26.250000 -11.239999
v 16.810005 26.250000 -11.239999
v 16.810005 26.250000 -11.239999
v 16.730005 26.120001 -11.459999
v 16.730005 26.120001 -11.459999
v 16.730005 26.120001 -11.459999
v 16.730005 26.120001 -11.459999
v 16.730005 26.120001 -11.459999
v 16.890005 26.070000 -10.819999
v 16.890005 26.070000 -10.819999
v 16.890005 26.070000 -10.819999
v 16.890005 26.070000 -10.819999
v 16.890005 26.209999 -10.819999
v 16.890005 26.209999 -10.819999
v 16.890005 26.209999 -10.819999
v 16.890005 26.209999 -10.819999
v 16.630005 27.209999 -11.229998
v 16.630005 27.209999 -11.229998
v 16.630005 27.209999 -11.229998
v 16.630005 26.250000 -11.229999
v 16.630005 26.250000 -11.229999
v 16.630005 26.250000 -11.229999
v 16.530006 27.299999 -11.449998
v 16.530006 27.299999 -11.449998
v 16.620007 27.299999 -11.449998
v 16.620007 27.299999 -11.449998
v 16.620007 27.299999 -11.449998
v 16.620007 27.299999 -11.449998
v 16.640005 26.120001 -10.149999
v 16.640005 26.120001 -10.149999
v 16.740005 26.120001 -10.149999
v 16.740005 26.120001 -10.149999
v 16.700006 27.209999 -11.229998
v 16.700006 27.209999 -11.229998
v 16.700006 27.209999 -11.229998
v 16.700006 27.209999 -11.229998
v 16.780006 26.240000 -10.379999
v 16.780006 26.240000 -10.379999
v 16.780006 26.240000 -10.379999
v 16.780006 26.240000 -10.379999
v 16.700006 26.250000 -11.229999
v 16.700006 26.250000 -11.229999
v 16.700006 26.250000 -11.229999
v 16.700006 26.250000 -11.229999
v 16.780006 26.209999 -10.809999
v 16.780006 26.209999 -10.809999
v 16.620007 26.260000 -11.449999
v 16.620007 26.260000 -11.449999
v 16.620007 26.260000 -11.449999
v 16.620007 26.260000 -11.449999
v 16.530006 26.260000 -11.449999
v 16.530006 26.260000 -11.449999
v 16.640005 26.260000 -10.149999
v 16.640005 26.260000 -10.149999
v 16.740005 26.260000 -10.149999
v 16.740005 26.260000 -10.149999
v 16.740005 26.260000 -10.149999
v 16.740005 26.260000 -10.149999
v 16.820005 26.120001 -10.049999
v 16.820005 26.120001 -10.049999
v 16.820005 26.120001 -10.049999
v 16.820005 26.260000 -10.049999
v 16.820005 26.260000 -10.049999
v 16.820005 26.260000 -10.049999
v 16.680006 26.260000 -11.569999
v 16.680006 26.260000 -11.569999
v 16.680006 26.260000 -11.569999
v 16.680006 26.120001 -11.569999
v 16.680006 26.120001 -11.569999
v 16.680006 26.120001 -11.569999
v 15.670004 12.699999 -13.020001
v 15.670004 12.699999 -13.020001
v 15.670004 12.699999 -13.020001
v 16.390003 14.279999 -13.430001
v 16.390003 14.279999 -13.430001
v 16.390003 14.279999 -13.430001
v 16.390003 14.279999 -13.430001
v 16.860006 14.279999 -12.610001
v 16.860006 14.279999 -12.610001
v 16.860006 14.279999 -12.610001
v 16.860006 14.279999 -12.610001
v 16.150005 12.699999 -12.200001
v 16.150005 12.699999 -12.200001
v 15.740004 17.339998 -13.060001
v 16.690004 17.339998 -13.610001
v 16.690004 17.339998 -13.610001
v 17.170004 17.339998 -12.790001
v 17.170004 17.339998 -12.790001
v 17.170004 17.339998 -12.790001
v 16.210005 17.339998 -12.240001
v 16.830004 28.500000 -13.139999
v 16.830004 28.500000 -13.139999
v 16.830004 30.290001 -13.139999
v 16.830004 30.290001 -13.139999
v 16.830004 30.290001 -13.139999
v 16.830004 30.290001 -13.139999
v 17.490005 30.290001 -10.679998
v 17.490005 30.290001 -10.679998
v 17.490005 30.290001 -10.679998
v 17.490005 30.290001 -10.679998
v 17.490005 28.500000 -10.679998
v 17.490005 28.500000 -10.679998
v 15.030005 28.500000 -14.939999
v 15.030005 28.500000 -14.939999
v 15.030005 30.290001 -14.939999
v 15.030005 30.290001 -14.939999
v 15.030005 30.290001 -14.939999
v 15.030005 30.290001 -14.939999
v 12.570004 28.500002 -15.599999
v 12.570004 28.500002 -15.599999
v 12.570004 30.290003 -15.599999
v 12.570004 30.290003 -15.599999
v 12.570004 30.290003 -15.599999
v 12.570004 30.290003 -15.599999
v 10.100004 28.500002 -14.939999
v 10.100004 28.500002 -14.939999
v 10.100004 30.290003 -14.939999
v 10.100004 30.290003 -14.939999
v 10.100004 30.290003 -14.939999
v 10.100004 30.290003 -14.939999
v 8.300003 28.500002 -13.139999
v 8.300003 28.500002 -13.139999
v 8.300003 30.290003 -13.139998
v 8.300003 30.290003 -13.139998
v 8.300003 30.290003 -13.139998
v 8.300003 30.290003 -13.139998
v 7.640003 28.500002 -10.679998
v 7.640003 28.500002 -10.679998
v 7.640003 30.290003 -10.679997
v 7.640003 30.290003 -10.679997
v 7.640003 30.290003 -10.679997
v 7.640003 30.290003 -10.679997
v 8.300003 28.500002 -8.209998
v 8.300003 28.500002 -8.209998
v 8.300003 30.290003 -8.209997
v 8.300003 30.290003 -8.209997
v 8.300003 30.290003 -8.209997
v 8.300003 30.290003 -8.209997
v 10.100004 28.500004 -6.409998
v 10.100004 28.500004 -6.409998
v 10.100004 30.290005 -6.409997
v 10.100004 30.290005 -6.409997
v 10.100004 30.290005 -6.409997
v 10.100004 30.290005 -6.409997
v 12.570004 28.500004 -5.749998
v 12.570004 28.500004 -5.749998
v 12.570004 30.290005 -5.749997
v 12.570004 30.290005 -5.749997
v 12.570004 30.290005 -5.749997
v 12.570004 30.290005 -5.749997
v 15.030005 28.500002 -6.409998
v 15.030005 28.500002 -6.409998
v 15.030005 30.290003 -6.409998
v 15.030005 30.290003 -6.409998
v 15.030005 30.290003 -6.409998
v 15.030005 30.290003 -6.409998
v 16.830006 28.500000 -8.209998
v 16.830006 28.500000 -8.209998
v 16.830006 30.290001 -8.209998
v 16.830006 30.290001 -8.209998
v 16.830006 30.290001 -8.209998
v 16.830006 30.290001 -8.209998
v 16.210003 30.290001 -12.779999
v 16.210003 30.290001 -12.779999
v 16.210003 30.290001 -12.779999
v 16.210003 30.290001 -12.779999
v 16.780006 30.290001 -10.679998
v 16.780006 30.290001 -10.679998
v 16.780006 30.290001 -10.679998
v 16.780006 30.290001 -10.679998
v 15.030005 30.900000 -14.939999
v 15.030005 30.900000 -14.939999
v 15.030005 30.900000 -14.939999
v 14.670005 30.900000 -14.319999
v 14.670005 30.900000 -14.319999
v 14.670005 30.900000 -14.319999
v 16.210003 30.900000 -12.779999
v 16.210003 30.900000 -12.779999
v 16.210003 30.900000 -12.779999
v 16.830004 30.900000 -13.139999
v 16.830004 30.900000 -13.139999
v 16.830004 30.900000 -13.139999
v 12.570004 30.290003 -14.889999
v 12.570004 30.290003 -14.889999
v 12.570004 30.290003 -14.889999
v 12.570004 30.290003 -14.889999
v 14.670005 30.290001 -14.319999
v 14.670005 30.290001 -14.319999
v 14.670005 30.290001 -14.319999
v 14.670005 30.290001 -14.319999
v 10.100004 30.900002 -14.939998
v 10.100004 30.900002 -14.939998
v 10.100004 30.900002 -14.939998
v 10.460004 30.900002 -14.319998
v 10.460004 30.900002 -14.319998
v 10.460004 30.900002 -14.319998
v 12.570004 30.900002 -14.889999
v 12.570004 30.900002 -14.889999
v 12.570004 30.900002 -14.889999
v 12.570004 30.900002 -15.599999
v 12.570004 30.900002 -15.599999
v 12.570004 30.900002 -15.599999
v 8.920003 30.290003 -12.779998
v 8.920003 30.290003 -12.779998
v 8.920003 30.290003 -12.779998
v 8.920003 30.290003 -12.779998
v 10.460004 30.290003 -14.319999
v 10.460004 30.290003 -14.319999
v 10.460004 30.290003 -14.319999
v 10.460004 30.290003 -14.319999
v 7.640003 30.900002 -10.679997
v 7.640003 30.900002 -10.679997
v 7.640003 30.900002 -10.679997
v 8.360003 30.900002 -10.679997
v 8.360003 30.900002 -10.679997
v 8.360003 30.900002 -10.679997
v 8.920003 30.900002 -12.779998
v 8.920003 30.900002 -12.779998
v 8.920003 30.900002 -12.779998
v 8.300003 30.900002 -13.139998
v 8.300003 30.900002 -13.139998
v 8.300003 30.900002 -13.139998
v 8.920003 30.290003 -8.569997
v 8.920003 30.290003 -8.569997
v 8.920003 30.290003 -8.569997
v 8.920003 30.290003 -8.569997
v 8.360003 30.290003 -10.679997
v 8.360003 30.290003 -10.679997
v 8.360003 30.290003 -10.679997
v 8.360003 30.290003 -10.679997
v 10.100004 30.900003 -6.409997
v 10.100004 30.900003 -6.409997
v 10.100004 30.900003 -6.409997
v 10.460004 30.900003 -7.029998
v 10.460004 30.900003 -7.029998
v 10.460004 30.900003 -7.029998
v 8.920003 30.900002 -8.569997
v 8.920003 30.900002 -8.569997
v 8.920003 30.900002 -8.569997
v 8.300003 30.900002 -8.209997
v 8.300003 30.900002 -8.209997
v 8.300003 30.900002 -8.209997
v 12.570004 30.290005 -6.469997
v 12.570004 30.290005 -6.469997
v 12.570004 30.290005 -6.469997
v 12.570004 30.290005 -6.469997
v 10.460004 30.290005 -7.029998
v 10.460004 30.290005 -7.029998
v 10.460004 30.290005 -7.029998
v 10.460004 30.290005 -7.029998
v 15.030005 30.900002 -6.409998
v 15.030005 30.900002 -6.409998
v 15.030005 30.900002 -6.409998
v 14.670005 30.900002 -7.029998
v 14.670005 30.900002 -7.029998
v 14.670005 30.900002 -7.029998
v 12.570004 30.900003 -6.469997
v 12.570004 30.900003 -6.469997
v 12.570004 30.900003 -6.469997
v 12.570004 30.900003 -5.749997
v 12.570004 30.900003 -5.749997
v 12.570004 30.900003 -5.749997
v 16.210005 30.290001 -8.569998
v 16.210005 30.290001 -8.569998
v 16.210005 30.290001 -8.569998
v 16.210005 30.290001 -8.569998
v 14.670005 30.290003 -7.029998
v 14.670005 30.290003 -7.029998
v 14.670005 30.290003 -7.029998
v 14.670005 30.290003 -7.029998
v 17.490005 30.900000 -10.679998
v 17.490005 30.900000 -10.679998
v 17.490005 30.900000 -10.679998
v 16.780006 30.900000 -10.679998
v 16.780006 30.900000 -10.679998
v 16.780006 30.900000 -10.679998
v 16.210005 30.900000 -8.569998
v 16.210005 30.900000 -8.569998
v 16.210005 30.900000 -8.569998
v 16.830006 30.900000 -8.209998
v 16.830006 30.900000 -8.209998
v 16.830006 30.900000 -8.209998
v 16.210003 29.420000 -12.779999
v 16.210003 29.420000 -12.779999
v 16.210003 29.420000 -12.779999
v 16.780006 29.420000 -10.679998
v 16.780006 29.420000 -10.679998
v 16.780006 29.420000 -10.679998
v 14.670005 29.420000 -14.319999
v 14.670005 29.420000 -14.319999
v 14.670005 29.420000 -14.319999
v 12.570004 29.420002 -14.889999
v 12.570004 29.420002 -14.889999
v 12.570004 29.420002 -14.889999
v 10.460004 29.420002 -14.319999
v 10.460004 29.420002 -14.319999
v 10.460004 29.420002 -14.319999
v 8.920003 29.420002 -12.779999
v 8.920003 29.420002 -12.779999
v 8.920003 29.420002 -12.779999
v 8.360003 29.420002 -10.679998
v 8.360003 29.420002 -10.679998
v 8.360003 29.420002 -10.679998
v 8.920003 29.420002 -8.569998
v 8.920003 29.420002 -8.569998
v 8.920003 29.420002 -8.569998
v 10.460004 29.420004 -7.029998
v 10.460004 29.420004 -7.029998
v 10.460004 29.420004 -7.029998
v 12.570004 29.420004 -6.469998
v 12.570004 29.420004 -6.469998
v 12.570004 29.420004 -6.469998
v 14.670005 29.420002 -7.029998
v 14.670005 29.420002 -7.029998
v 14.670005 29.420002 -7.029998
v 16.210005 29.420000 -8.569998
v 16.210005 29.420000 -8.569998
v 16.210005 29.420000 -8.569998
v 12.570004 29.420002 -10.679998
v -17.170004 7.760001 -10.679999
v -17.170004 7.760001 -10.679999
v -16.550005 7.760001 -12.980000
v -16.550005 7.760001 -12.980000
v -16.550005 -0.000000 -12.980000
v -17.170004 -0.000000 -10.680000
v -14.870004 7.760000 -14.660000
v -14.870004 7.760000 -14.660000
v -14.870005 -0.000001 -14.660001
v -12.570003 7.760000 -15.280000
v -12.570003 7.760000 -15.280000
v -12.570003 7.760000 -15.280000
v -12.570004 -0.000001 -15.280001
v -12.570004 -0.000001 -15.280001
v -10.270003 7.760000 -14.660000
v -10.270003 7.760000 -14.660000
v -10.270004 -0.000001 -14.660001
v -8.580002 7.760000 -12.980000
v -8.580002 7.760000 -12.980000
v -8.580003 -0.000001 -12.980000
v -7.970002 7.760000 -10.679999
v -7.970002 7.760000 -10.679999
v -7.970003 -0.000001 -10.680000
v -8.580002 7.760001 -8.379999
v -8.580002 7.760001 -8.379999
v -8.580003 -0.000000 -8.380000
v -10.270003 7.760001 -6.689999
v -10.270003 7.760001 -6.689999
v -10.270004 -0.000000 -6.690000
v -12.570002 7.760001 -6.079999
v -12.570002 7.760001 -6.079999
v -12.570003 0.000000 -6.080000
v -14.870004 7.760001 -6.689999
v -14.870004 7.760001 -6.689999
v -14.870005 0.000000 -6.690000
v -16.550003 7.760002 -8.379999
v -16.550003 7.760002 -8.379999
v -16.550003 0.000000 -8.380000
v -16.780006 7.760001 -13.110000
v -16.780006 7.760001 -13.110000
v -16.780006 7.760001 -13.110000
v -17.430004 7.760001 -10.679999
v -17.430004 7.760001 -10.679999
v -17.430004 7.760001 -10.679999
v -17.430004 8.570000 -10.679998
v -17.430004 8.570000 -10.679998
v -17.430004 8.570000 -10.679998
v -16.780006 8.570000 -13.109999
v -16.780006 8.570000 -13.109999
v -16.780006 8.570000 -13.109999
v -15.000004 7.760000 -14.890000
v -15.000004 7.760000 -14.890000
v -15.000004 7.760000 -14.890000
v -15.000004 8.570000 -14.890000
v -15.000004 8.570000 -14.890000
v -15.000004 8.570000 -14.890000
v -12.570003 7.760000 -15.540000
v -12.570003 7.760000 -15.540000
v -12.570003 7.760000 -15.540000
v -12.570003 8.570000 -15.540000
v -12.570003 8.570000 -15.540000
v -12.570003 8.570000 -15.540000
v -10.130003 7.760000 -14.890000
v -10.130003 7.760000 -14.890000
v -10.130003 7.760000 -14.890000
v -10.130003 8.570000 -14.890000
v -10.130003 8.570000 -14.890000
v -10.130003 8.570000 -14.890000
v -8.350002 7.760000 -13.110000
v -8.350002 7.760000 -13.110000
v -8.350002 7.760000 -13.110000
v -8.350002 8.570000 -13.110000
v -8.350002 8.570000 -13.110000
v -8.350002 8.570000 -13.110000
v -7.700002 7.760000 -10.679999
v -7.700002 7.760000 -10.679999
v -7.700002 7.760000 -10.679999
v -7.700002 8.570000 -10.679999
v -7.700002 8.570000 -10.679999
v -7.700002 8.570000 -10.679999
v -8.350002 7.760001 -8.239999
v -8.350002 7.760001 -8.239999
v -8.350002 7.760001 -8.239999
v -8.350002 8.570001 -8.239999
v -8.350002 8.570001 -8.239999
v -8.350002 8.570001 -8.239999
v -10.130003 7.760001 -6.459999
v -10.130003 7.760001 -6.459999
v -10.130003 7.760001 -6.459999
v -10.130003 8.570001 -6.459999
v -10.130003 8.570001 -6.459999
v -10.130003 8.570001 -6.459999
v -12.570002 7.760001 -5.809999
v -12.570002 7.760001 -5.809999
v -12.570002 7.760001 -5.809999
v -12.570002 8.570001 -5.809999
v -12.570002 8.570001 -5.809999
v -12.570002 8.570001 -5.809999
v -15.000004 7.760001 -6.459999
v -15.000004 7.760001 -6.459999
v -15.000004 7.760001 -6.459999
v -15.000004 8.570001 -6.459999
v -15.000004 8.570001 -6.459999
v -15.000004 8.570001 -6.459999
v -16.780005 7.760002 -8.239999
v -16.780005 7.760002 -8.239999
v -16.780005 7.760002 -8.239999
v -16.780005 8.570001 -8.239998
v -16.780005 8.570001 -8.239998
v -16.780005 8.570001 -8.239998
v -17.170004 8.570000 -10.679998
v -17.170004 8.570000 -10.679998
v -16.550005 8.570000 -12.979999
v -16.550005 8.570000 -12.979999
v -14.870004 8.570000 -14.660000
v -14.870004 8.570000 -14.660000
v -14.870004 8.570000 -14.660000
v -12.570003 8.570000 -15.280000
v -12.570003 8.570000 -15.280000
v -12.570003 8.570000 -15.280000
v -10.270003 8.570000 -14.660000
v -10.270003 8.570000 -14.660000
v -8.580002 8.570000 -12.980000
v -8.580002 8.570000 -12.980000
v -8.580002 8.570000 -12.980000
v -7.970002 8.570000 -10.679999
v -7.970002 8.570000 -10.679999
v -8.580002 8.570001 -8.379999
v -8.580002 8.570001 -8.379999
v -10.270003 8.570001 -6.689999
v -10.270003 8.570001 -6.689999
v -12.570002 8.570001 -6.079999
v -12.570002 8.570001 -6.079999
v -14.870004 8.570001 -6.689999
v -14.870004 8.570001 -6.689999
v -16.550003 8.570001 -8.379998
v -16.550003 8.570001 -8.379998
v -17.170002 16.890001 -10.679997
v -17.170002 16.890001 -10.679997
v -17.170002 16.890001 -10.679997
v -16.550003 16.890001 -12.979998
v -16.550003 16.890001 -12.979998
v -16.550003 16.890001 -12.979998
v -14.870004 16.890001 -14.659998
v -14.870004 16.890001 -14.659998
v -14.870004 16.890001 -14.659998
v -14.870004 16.890001 -14.659998
v -12.570003 16.889999 -15.279999
v -12.570003 16.889999 -15.279999
v -12.570003 16.889999 -15.279999
v -12.570003 16.889999 -15.279999
v -10.270003 16.889999 -14.659999
v -10.270003 16.889999 -14.659999
v -10.270003 16.889999 -14.659999
v -8.580002 16.889999 -12.979999
v -8.580002 16.889999 -12.979999
v -8.580002 16.889999 -12.979999
v -8.580002 16.889999 -12.979999
v -7.970001 16.889999 -10.679998
v -7.970001 16.889999 -10.679998
v -7.970001 16.889999 -10.679998
v -8.580002 16.889999 -8.379998
v -8.580002 16.889999 -8.379998
v -8.580002 16.889999 -8.379998
v -10.270003 16.890001 -6.689998
v -10.270003 16.890001 -6.689998
v -10.270003 16.890001 -6.689998
v -12.570002 16.890001 -6.079998
v -12.570002 16.890001 -6.079998
v -12.570002 16.890001 -6.079998
v -14.870004 16.890003 -6.689998
v -14.870004 16.890003 -6.689998
v -14.870004 16.890003 -6.689998
v -16.550001 16.890001 -8.379997
v -16.550001 16.890001 -8.379997
v -16.550001 16.890001 -8.379997
v -17.130003 21.300001 -13.309999
v -17.130003 21.300001 -13.309999
v -17.830002 21.300001 -10.679997
v -17.830002 21.300001 -10.679997
v -18.230001 21.300001 -10.679997
v -18.230001 21.300001 -10.679997
v -18.230001 21.300001 -10.679997
v -17.470003 21.300001 -13.509998
v -17.470003 21.300001 -13.509998
v -17.470003 21.300001 -13.509998
v -15.200003 21.300001 -15.239998
v -15.200003 21.300001 -15.239998
v -15.200003 21.300001 -15.239998
v -15.400002 21.300001 -15.579998
v -15.400002 21.300001 -15.579998
v -15.400002 21.300001 -15.579998
v -12.570002 21.299999 -15.939998
v -12.570002 21.299999 -15.939998
v -12.570002 21.299999 -16.339998
v -12.570002 21.299999 -16.339998
v -12.570002 21.299999 -16.339998
v -9.930001 21.299999 -15.239998
v -9.930001 21.299999 -15.239998
v -9.730000 21.299999 -15.579998
v -9.730000 21.299999 -15.579998
v -9.730000 21.299999 -15.579998
v -8.010001 21.299999 -13.309999
v -8.010001 21.299999 -13.309999
v -7.660001 21.299999 -13.509998
v -7.660001 21.299999 -13.509998
v -7.660001 21.299999 -13.509998
v -7.300002 21.299999 -10.679997
v -7.300002 21.299999 -10.679997
v -6.900001 21.299999 -10.679997
v -6.900001 21.299999 -10.679997
v -6.900001 21.299999 -10.679997
v -8.010001 21.299999 -8.039997
v -8.010001 21.299999 -8.039997
v -7.660001 21.299999 -7.839998
v -7.660001 21.299999 -7.839998
v -7.660001 21.299999 -7.839998
v -9.930000 21.300001 -6.119997
v -9.930000 21.300001 -6.119997
v -9.730000 21.300001 -5.769997
v -9.730000 21.300001 -5.769997
v -9.730000 21.300001 -5.769997
v -12.570001 21.300001 -5.409997
v -12.570001 21.300001 -5.409997
v -12.570001 21.300001 -5.009997
v -12.570001 21.300001 -5.009997
v -12.570001 21.300001 -5.009997
v -15.200002 21.300003 -6.119997
v -15.200002 21.300003 -6.119997
v -15.400002 21.300003 -5.769997
v -15.400002 21.300003 -5.769997
v -15.400002 21.300003 -5.769997
v -17.130001 21.300001 -8.039997
v -17.130001 21.300001 -8.039997
v -17.470001 21.300001 -7.839997
v -17.470001 21.300001 -7.839997
v -17.470001 21.300001 -7.839997
v -16.720001 24.760004 -10.679996
v -16.720001 24.760004 -10.679996
v -16.720001 24.760004 -10.679996
v -16.720001 24.760004 -10.679996
v -16.170004 24.760004 -12.759997
v -16.170004 24.760004 -12.759997
v -16.170004 24.760004 -12.759997
v -16.170004 24.760004 -12.759997
v -14.640003 24.760004 -14.279997
v -14.640003 24.760004 -14.279997
v -14.640003 24.760004 -14.279997
v -14.640003 24.760004 -14.279997
v -12.570002 24.760002 -14.829998
v -12.570002 24.760002 -14.829998
v -12.570002 24.760002 -14.829998
v -12.570002 24.760002 -14.829998
v -10.490002 24.760002 -14.279998
v -10.490002 24.760002 -14.279998
v -10.490002 24.760002 -14.279998
v -10.490002 24.760002 -14.279998
v -8.970001 24.760002 -12.759998
v -8.970001 24.760002 -12.759998
v -8.970001 24.760002 -12.759998
v -8.970001 24.760002 -12.759998
v -8.410001 24.760002 -10.679997
v -8.410001 24.760002 -10.679997
v -8.410001 24.760002 -10.679997
v -8.410001 24.760002 -10.679997
v -8.970001 24.760002 -8.599998
v -8.970001 24.760002 -8.599998
v -8.970001 24.760002 -8.599998
v -8.970001 24.760002 -8.599998
v -10.490002 24.760004 -7.079997
v -10.490002 24.760004 -7.079997
v -10.490002 24.760004 -7.079997
v -10.490002 24.760004 -7.079997
v -12.570002 24.760004 -6.519997
v -12.570002 24.760004 -6.519997
v -12.570002 24.760004 -6.519997
v -12.570002 24.760004 -6.519997
v -14.640003 24.760006 -7.079997
v -14.640003 24.760006 -7.079997
v -14.640003 24.760006 -7.079997
v -14.640003 24.760006 -7.079997
v -16.170002 24.760004 -8.599997
v -16.170002 24.760004 -8.599997
v -16.170002 24.760004 -8.599997
v -16.170002 24.760004 -8.599997
v -16.690002 28.500004 -10.679996
v -16.690002 28.500004 -10.679996
v -16.130003 28.500004 -12.739997
v -16.130003 28.500004 -12.739997
v -14.630003 28.500004 -14.239997
v -14.630003 28.500004 -14.239997
v -12.570002 28.500002 -14.799997
v -12.570002 28.500002 -14.799997
v -10.510002 28.500002 -14.239997
v -10.510002 28.500002 -14.239997
v -9.000001 28.500002 -12.739997
v -9.000001 28.500002 -12.739997
v -8.450001 28.500002 -10.679996
v -8.450001 28.500002 -10.679996
v -9.000001 28.500002 -8.619996
v -9.000001 28.500002 -8.619996
v -10.510002 28.500002 -7.109996
v -10.510002 28.500002 -7.109996
v -12.570002 28.500004 -6.559996
v -12.570002 28.500004 -6.559996
v -14.630003 28.500004 -7.109996
v -14.630003 28.500004 -7.109996
v -16.130001 28.500004 -8.619996
v -16.130001 28.500004 -8.619996
v -17.830002 17.360003 -10.679997
v -17.830002 17.360003 -10.679997
v -17.830002 17.360003 -10.679997
v -17.130003 17.360003 -13.309999
v -17.130003 17.360003 -13.309999
v -17.130003 17.360003 -13.309999
v -15.200004 17.360003 -15.239998
v -15.200004 17.360003 -15.239998
v -15.200004 17.360003 -15.239998
v -15.200004 17.360003 -15.239998
v -12.570003 17.360001 -15.939999
v -12.570003 17.360001 -15.939999
v -12.570003 17.360001 -15.939999
v -9.930002 17.360001 -15.239999
v -9.930002 17.360001 -15.239999
v -9.930002 17.360001 -15.239999
v -8.010002 17.360001 -13.309999
v -8.010002 17.360001 -13.309999
v -8.010002 17.360001 -13.309999
v -7.300002 17.360001 -10.679998
v -7.300002 17.360001 -10.679998
v -7.300002 17.360001 -10.679998
v -8.010002 17.360001 -8.039998
v -8.010002 17.360001 -8.039998
v -8.010002 17.360001 -8.039998
v -9.930001 17.360003 -6.119998
v -9.930001 17.360003 -6.119998
v -9.930001 17.360003 -6.119998
v -12.570002 17.360003 -5.409997
v -12.570002 17.360003 -5.409997
v -12.570002 17.360003 -5.409997
v -15.200003 17.360004 -6.119998
v -15.200003 17.360004 -6.119998
v -15.200003 17.360004 -6.119998
v -17.130001 17.360003 -8.039997
v -17.130001 17.360003 -8.039997
v -17.130001 17.360003 -8.039997
v -17.910002 20.210001 -10.369997
v -17.910002 20.210001 -10.369997
v -17.910002 20.210001 -10.369997
v -17.910002 20.520002 -10.799997
v -17.910002 20.520002 -10.799997
v -17.910002 20.520002 -10.799997
v -17.910002 20.520002 -10.799997
v -17.910002 19.210001 -10.799997
v -17.910002 19.210001 -10.799997
v -17.910002 19.210001 -10.799997
v -17.910002 19.210001 -10.799997
v -17.910002 19.230001 -10.369997
v -17.910002 19.230001 -10.369997
v -17.910002 19.230001 -10.369997
v -17.810001 19.260002 -10.029997
v -17.810001 19.260002 -10.029997
v -17.910002 19.260002 -10.039997
v -17.910002 19.260002 -10.039997
v -17.910002 19.120003 -10.039997
v -17.910002 19.120003 -10.039997
v -17.810001 19.120003 -10.029997
v -17.810001 19.120003 -10.029997
v -17.890001 20.750002 -10.799997
v -17.890001 20.750002 -10.799997
v -17.980001 20.750002 -10.809998
v -17.980001 20.750002 -10.809998
v -17.980001 20.750002 -10.809998
v -17.980001 20.750002 -10.809998
v -17.940002 20.290003 -10.149997
v -17.940002 20.290003 -10.149997
v -17.940002 20.290003 -10.149997
v -17.940002 20.290003 -10.149997
v -17.840002 20.290003 -10.149997
v -17.840002 20.290003 -10.149997
v -17.680002 19.120003 -11.549997
v -17.680002 19.120003 -11.549997
v -17.780003 19.120003 -11.559998
v -17.780003 19.120003 -11.559998
v -17.780003 19.260002 -11.559998
v -17.780003 19.260002 -11.559998
v -17.680002 19.260002 -11.549997
v -17.680002 19.260002 -11.549997
v -17.890001 19.070002 -10.799997
v -17.890001 19.070002 -10.799997
v -17.980001 19.070002 -10.809998
v -17.980001 19.070002 -10.809998
v -17.820002 19.120003 -11.449997
v -17.820002 19.120003 -11.449997
v -17.730001 19.120003 -11.449997
v -17.730001 19.120003 -11.449997
v -18.050001 19.120003 -10.159997
v -18.050001 19.120003 -10.159997
v -18.050001 19.120003 -10.159997
v -18.050001 19.120003 -10.159997
v -18.050001 19.120003 -10.159997
v -18.050001 19.260002 -10.159997
v -18.050001 19.260002 -10.159997
v -18.050001 19.260002 -10.159997
v -18.050001 19.260002 -10.159997
v -18.080002 19.230001 -10.389997
v -18.080002 19.230001 -10.389997
v -18.080002 19.230001 -10.389997
v -18.080002 19.230001 -10.389997
v -17.980001 20.520002 -10.809998
v -17.980001 20.520002 -10.809998
v -17.980001 20.520002 -10.809998
v -17.980001 20.520002 -10.809998
v -17.980001 20.210001 -10.379997
v -17.980001 20.210001 -10.379997
v -17.980001 20.210001 -10.379997
v -17.980001 20.210001 -10.379997
v -17.930002 19.260002 -11.459997
v -17.930002 19.260002 -11.459997
v -17.930002 19.260002 -11.459997
v -17.930002 19.260002 -11.459997
v -17.930002 19.120003 -11.459997
v -17.930002 19.120003 -11.459997
v -17.930002 19.120003 -11.459997
v -17.930002 19.120003 -11.459997
v -17.930002 19.120003 -11.459997
v -18.010002 19.240002 -11.239997
v -18.010002 19.240002 -11.239997
v -18.010002 19.240002 -11.239997
v -18.010002 19.240002 -11.239997
v -18.090002 19.070002 -10.819997
v -18.090002 19.070002 -10.819997
v -18.090002 19.070002 -10.819997
v -18.090002 19.070002 -10.819997
v -18.090002 19.210001 -10.819997
v -18.090002 19.210001 -10.819997
v -18.090002 19.210001 -10.819997
v -18.090002 19.210001 -10.819997
v -17.830002 20.210001 -11.229997
v -17.830002 20.210001 -11.229997
v -17.830002 20.210001 -11.229997
v -17.830002 19.240002 -11.229997
v -17.830002 19.240002 -11.229997
v -17.830002 19.240002 -11.229997
v -17.730001 20.290003 -11.449997
v -17.730001 20.290003 -11.449997
v -17.820002 20.290003 -11.449997
v -17.820002 20.290003 -11.449997
v -17.820002 20.290003 -11.449997
v -17.820002 20.290003 -11.449997
v -17.840002 19.120003 -10.149997
v -17.840002 19.120003 -10.149997
v -17.940002 19.120003 -10.149997
v -17.940002 19.120003 -10.149997
v -17.900002 20.210001 -11.229997
v -17.900002 20.210001 -11.229997
v -17.900002 20.210001 -11.229997
v -17.900002 20.210001 -11.229997
v -17.980001 19.230001 -10.379997
v -17.980001 19.230001 -10.379997
v -17.980001 19.230001 -10.379997
v -17.980001 19.230001 -10.379997
v -17.900002 19.240002 -11.229997
v -17.900002 19.240002 -11.229997
v -17.900002 19.240002 -11.229997
v -17.900002 19.240002 -11.229997
v -17.980001 19.210001 -10.809998
v -17.980001 19.210001 -10.809998
v -17.820002 19.260002 -11.449997
v -17.820002 19.260002 -11.449997
v -17.820002 19.260002 -11.449997
v -17.820002 19.260002 -11.449997
v -17.730001 19.260002 -11.449997
v -17.730001 19.260002 -11.449997
v -17.940002 19.260002 -10.149997
v -17.940002 19.260002 -10.149997
v -17.940002 19.260002 -10.149997
v -17.940002 19.260002 -10.149997
v -17.840002 19.260002 -10.149997
v -17.840002 19.260002 -10.149997
v -18.020002 19.260002 -10.049997
v -18.020002 19.260002 -10.049997
v -18.020002 19.260002 -10.049997
v -18.020002 19.120003 -10.049997
v -18.020002 19.120003 -10.049997
v -18.020002 19.120003 -10.049997
v -17.880001 19.120003 -11.569997
v -17.880001 19.120003 -11.569997
v -17.880001 19.120003 -11.569997
v -17.880001 19.260002 -11.569997
v -17.880001 19.260002 -11.569997
v -17.880001 19.260002 -11.569997
v -12.870002 20.210001 -16.019999
v -12.870002 20.210001 -16.019999
v -12.870002 20.210001 -16.019999
v -12.440001 20.520000 -16.019999
v -12.440001 20.520000 -16.019999
v -12.440001 20.520000 -16.019999
v -12.440001 20.520000 -16.019999
v -12.440001 19.209999 -16.019999
v -12.440001 19.209999 -16.019999
v -12.440001 19.209999 -16.019999
v -12.440001 19.209999 -16.019999
v -12.870002 19.230001 -16.019999
v -12.870002 19.230001 -16.019999
v -12.870002 19.230001 -16.019999
v -13.210002 19.260002 -15.919998
v -13.210002 19.260002 -15.919998
v -13.200002 19.260002 -16.019999
v -13.200002 19.260002 -16.019999
v -13.200002 19.120003 -16.019999
v -13.200002 19.120003 -16.019999
v -13.210002 19.120003 -15.919998
v -13.210002 19.120003 -15.919998
v -12.440001 20.750000 -15.999998
v -12.440001 20.750000 -15.999998
v -12.430002 20.750000 -16.099998
v -12.430002 20.750000 -16.099998
v -12.430002 20.750000 -16.099998
v -12.430002 20.750000 -16.099998
v -13.090002 20.290003 -16.049997
v -13.090002 20.290003 -16.049997
v -13.090002 20.290003 -16.049997
v -13.090002 20.290003 -16.049997
v -13.090002 20.290003 -16.049997
v -13.100002 20.290003 -15.949998
v -13.100002 20.290003 -15.949998
v -11.690001 19.120001 -15.789998
v -11.690001 19.120001 -15.789998
v -11.680002 19.120001 -15.889998
v -11.680002 19.120001 -15.889998
v -11.680002 19.260000 -15.889998
v -11.680002 19.260000 -15.889998
v -11.690001 19.260000 -15.789998
v -11.690001 19.260000 -15.789998
v -12.440001 19.070000 -15.999998
v -12.440001 19.070000 -15.999998
v -12.430002 19.070000 -16.099998
v -12.430002 19.070000 -16.099998
v -11.790002 19.120001 -15.939998
v -11.790002 19.120001 -15.939998
v -11.800002 19.120001 -15.839998
v -11.800002 19.120001 -15.839998
v -13.080002 19.120003 -16.159998
v -13.080002 19.120003 -16.159998
v -13.080002 19.120003 -16.159998
v -13.080002 19.120003 -16.159998
v -13.080002 19.120003 -16.159998
v -13.080002 19.260002 -16.159998
v -13.080002 19.260002 -16.159998
v -13.080002 19.260002 -16.159998
v -13.080002 19.260002 -16.159998
v -12.850002 19.230001 -16.199999
v -12.850002 19.230001 -16.199999
v -12.850002 19.230001 -16.199999
v -12.850002 19.230001 -16.199999
v -12.430002 20.520000 -16.099998
v -12.430002 20.520000 -16.099998
v -12.430002 20.520000 -16.099998
v -12.430002 20.520000 -16.099998
v -12.860002 20.210001 -16.089998
v -12.860002 20.210001 -16.089998
v -12.860002 20.210001 -16.089998
v -12.860002 20.210001 -16.089998
v -11.780002 19.260000 -16.039999
v -11.780002 19.260000 -16.039999
v -11.780002 19.260000 -16.039999
v -11.780002 19.260000 -16.039999
v -11.780002 19.120001 -16.039999
v -11.780002 19.120001 -16.039999
v -11.780002 19.120001 -16.039999
v -11.780002 19.120001 -16.039999
v -11.780002 19.120001 -16.039999
v -12.000002 19.240000 -16.119999
v -12.000002 19.240000 -16.119999
v -12.000002 19.240000 -16.119999
v -12.420002 19.070000 -16.199999
v -12.420002 19.070000 -16.199999
v -12.420002 19.070000 -16.199999
v -12.420002 19.070000 -16.199999
v -12.420002 19.209999 -16.199999
v -12.420002 19.209999 -16.199999
v -12.420002 19.209999 -16.199999
v -12.420002 19.209999 -16.199999
v -12.010002 20.209999 -15.939998
v -12.010002 20.209999 -15.939998
v -12.010002 20.209999 -15.939998
v -12.010002 19.240000 -15.939998
v -12.010002 19.240000 -15.939998
v -12.010002 19.240000 -15.939998
v -11.800002 20.290001 -15.839998
v -11.800002 20.290001 -15.839998
v -11.790002 20.290001 -15.939998
v -11.790002 20.290001 -15.939998
v -11.790002 20.290001 -15.939998
v -11.790002 20.290001 -15.939998
v -13.100002 19.120003 -15.949998
v -13.100002 19.120003 -15.949998
v -13.090002 19.120003 -16.049997
v -13.090002 19.120003 -16.049997
v -12.010002 20.209999 -16.009998
v -12.010002 20.209999 -16.009998
v -12.010002 20.209999 -16.009998
v -12.010002 20.209999 -16.009998
v -12.860002 19.230001 -16.089998
v -12.860002 19.230001 -16.089998
v -12.860002 19.230001 -16.089998
v -12.860002 19.230001 -16.089998
v -12.010002 19.240000 -16.009998
v -12.010002 19.240000 -16.009998
v -12.010002 19.240000 -16.009998
v -12.430002 19.209999 -16.099998
v -12.430002 19.209999 -16.099998
v -11.790002 19.260000 -15.939998
v -11.790002 19.260000 -15.939998
v -11.790002 19.260000 -15.939998
v -11.790002 19.260000 -15.939998
v -11.800002 19.260000 -15.839998
v -11.800002 19.260000 -15.839998
v -13.090002 19.260002 -16.049997
v -13.090002 19.260002 -16.049997
v -13.090002 19.260002 -16.049997
v -13.090002 19.260002 -16.049997
v -13.100002 19.260002 -15.949998
v -13.100002 19.260002 -15.949998
v -13.190001 19.260002 -16.129997
v -13.190001 19.260002 -16.129997
v -13.190001 19.260002 -16.129997
v -13.190001 19.120003 -16.129997
v -13.190001 19.120003 -16.129997
v -13.190001 19.120003 -16.129997
v -11.670002 19.120001 -15.999998
v -11.670002 19.120001 -15.999998
v -11.670002 19.120001 -15.999998
v -11.670002 19.260000 -15.999998
v -11.670002 19.260000 -15.999998
v -11.670002 19.260000 -15.999998
v -9.240001 23.340000 -12.519999
v -9.240001 23.340000 -12.519999
v -9.240001 23.340000 -12.519999
v -9.780001 23.340000 -13.289998
v -9.780001 23.340000 -13.289998
v -9.100001 24.920002 -13.759998
v -9.100001 24.920002 -13.759998
v -9.100001 24.920002 -13.759998
v -8.560001 24.920002 -12.989998
v -8.560001 24.920002 -12.989998
v -8.560001 24.920002 -12.989998
v -8.630001 28.410002 -12.919997
v -8.630001 28.410002 -12.919997
v -8.630001 28.410002 -12.919997
v -9.530001 28.410002 -12.289997
v -9.180001 28.410002 -13.699997
v -9.180001 28.410002 -13.699997
v -10.080002 28.410002 -13.069997
v -12.870002 27.210003 -14.809998
v -12.870002 27.210003 -14.809998
v -12.870002 27.210003 -14.809998
v -12.440001 27.520002 -14.819997
v -12.440001 27.520002 -14.819997
v -12.440001 27.520002 -14.819997
v -12.440001 27.520002 -14.819997
v -12.440001 26.210001 -14.819997
v -12.440001 26.210001 -14.819997
v -12.440001 26.210001 -14.819997
v -12.440001 26.210001 -14.819997
v -12.870002 26.240004 -14.809998
v -12.870002 26.240004 -14.809998
v -12.870002 26.240004 -14.809998
v -13.210002 26.260004 -14.719997
v -13.210002 26.260004 -14.719997
v -13.200002 26.260004 -14.819997
v -13.200002 26.260004 -14.819997
v -13.200002 26.120005 -14.819997
v -13.200002 26.120005 -14.819997
v -13.210002 26.120005 -14.719997
v -13.210002 26.120005 -14.719997
v -12.440001 27.750002 -14.799997
v -12.440001 27.750002 -14.799997
v -12.440001 27.750002 -14.799997
v -12.430002 27.750002 -14.889997
v -12.430002 27.750002 -14.889997
v -12.430002 27.750002 -14.889997
v -12.430002 27.750002 -14.889997
v -13.090002 27.300003 -14.849998
v -13.090002 27.300003 -14.849998
v -13.090002 27.300003 -14.849998
v -13.090002 27.300003 -14.849998
v -13.100002 27.300003 -14.749997
v -13.100002 27.300003 -14.749997
v -11.690001 26.120003 -14.589997
v -11.690001 26.120003 -14.589997
v -11.680002 26.120003 -14.689997
v -11.680002 26.120003 -14.689997
v -11.680002 26.260002 -14.689997
v -11.680002 26.260002 -14.689997
v -11.680002 26.260002 -14.689997
v -11.690001 26.260002 -14.589997
v -11.690001 26.260002 -14.589997
v -12.440001 26.070002 -14.799997
v -12.440001 26.070002 -14.799997
v -12.430002 26.070002 -14.889997
v -12.430002 26.070002 -14.889997
v -11.790002 26.120003 -14.729997
v -11.790002 26.120003 -14.729997
v -11.800002 26.120003 -14.639997
v -11.800002 26.120003 -14.639997
v -13.080002 26.120005 -14.959997
v -13.080002 26.120005 -14.959997
v -13.080002 26.120005 -14.959997
v -13.080002 26.120005 -14.959997
v -13.080002 26.120005 -14.959997
v -13.080002 26.260004 -14.959997
v -13.080002 26.260004 -14.959997
v -13.080002 26.260004 -14.959997
v -13.080002 26.260004 -14.959997
v -12.850002 26.240004 -14.989997
v -12.850002 26.240004 -14.989997
v -12.850002 26.240004 -14.989997
v -12.850002 26.240004 -14.989997
v -12.430002 27.520002 -14.889997
v -12.430002 27.520002 -14.889997
v -12.430002 27.520002 -14.889997
v -12.430002 27.520002 -14.889997
v -12.860002 27.210003 -14.889997
v -12.860002 27.210003 -14.889997
v -12.860002 27.210003 -14.889997
v -12.860002 27.210003 -14.889997
v -11.780002 26.260002 -14.839997
v -11.780002 26.260002 -14.839997
v -11.780002 26.260002 -14.839997
v -11.780002 26.260002 -14.839997
v -11.780002 26.120003 -14.839997
v -11.780002 26.120003 -14.839997
v -11.780002 26.120003 -14.839997
v -11.780002 26.120003 -14.839997
v -11.780002 26.120003 -14.839997
v -12.000002 26.250002 -14.919997
v -12.000002 26.250002 -14.919997
v -12.000002 26.250002 -14.919997
v -12.420002 26.070002 -14.999997
v -12.420002 26.070002 -14.999997
v -12.420002 26.070002 -14.999997
v -12.420002 26.070002 -14.999997
v -12.420002 26.210001 -14.999997
v -12.420002 26.210001 -14.999997
v -12.420002 26.210001 -14.999997
v -12.420002 26.210001 -14.999997
v -12.010002 27.210001 -14.739997
v -12.010002 27.210001 -14.739997
v -12.010002 27.210001 -14.739997
v -12.010002 26.250002 -14.739997
v -12.010002 26.250002 -14.739997
v -12.010002 26.250002 -14.739997
v -11.800002 27.300001 -14.639997
v -11.800002 27.300001 -14.639997
v -11.790002 27.300001 -14.729997
v -11.790002 27.300001 -14.729997
v -11.790002 27.300001 -14.729997
v -11.790002 27.300001 -14.729997
v -13.100002 26.120005 -14.749997
v -13.100002 26.120005 -14.749997
v -13.100002 26.120005 -14.749997
v -13.090002 26.120005 -14.849998
v -13.090002 26.120005 -14.849998
v -12.010002 27.210001 -14.809998
v -12.010002 27.210001 -14.809998
v -12.010002 27.210001 -14.809998
v -12.010002 27.210001 -14.809998
v -12.860002 26.240004 -14.889997
v -12.860002 26.240004 -14.889997
v -12.860002 26.240004 -14.889997
v -12.860002 26.240004 -14.889997
v -12.010002 26.250002 -14.809998
v -12.010002 26.250002 -14.809998
v -12.010002 26.250002 -14.809998
v -12.430002 26.210001 -14.889997
v -12.430002 26.210001 -14.889997
v -11.790002 26.260002 -14.729997
v -11.790002 26.260002 -14.729997
v -11.790002 26.260002 -14.729997
v -11.790002 26.260002 -14.729997
v -11.800002 26.260002 -14.639997
v -11.800002 26.260002 -14.639997
v -13.090002 26.260004 -14.849998
v -13.090002 26.260004 -14.849998
v -13.090002 26.260004 -14.849998
v -13.090002 26.260004 -14.849998
v -13.100002 26.260004 -14.749997
v -13.100002 26.260004 -14.749997
v -13.190001 26.260004 -14.929997
v -13.190001 26.260004 -14.929997
v -13.190001 26.260004 -14.929997
v -13.190001 26.120005 -14.929997
v -13.190001 26.120005 -14.929997
v -13.190001 26.120005 -14.929997
v -11.670002 26.120003 -14.789997
v -11.670002 26.120003 -14.789997
v -11.670002 26.120003 -14.789997
v -11.670002 26.260002 -14.789997
v -11.670002 26.260002 -14.789997
v -11.670002 26.260002 -14.789997
v -14.410003 23.340002 -14.009998
v -14.410003 23.340002 -14.009998
v -14.410003 23.340002 -14.009998
v -15.180003 23.340002 -13.459998
v -15.180003 23.340002 -13.459998
v -15.650002 24.920004 -14.139997
v -15.650002 24.920004 -14.139997
v -15.650002 24.920004 -14.139997
v -14.880003 24.920004 -14.679997
v -14.880003 24.920004 -14.679997
v -14.880003 24.920004 -14.679997
v -14.810003 28.410004 -14.609997
v -14.810003 28.410004 -14.609997
v -14.810003 28.410004 -14.609997
v -14.180003 28.410004 -13.709997
v -15.590003 28.410004 -14.069997
v -15.590003 28.410004 -14.069997
v -14.960003 28.410004 -13.169997
v -8.430001 27.210001 -10.979996
v -8.430001 27.210001 -10.979996
v -8.430001 27.210001 -10.979996
v -8.420001 27.520002 -10.549996
v -8.420001 27.520002 -10.549996
v -8.420001 27.520002 -10.549996
v -8.420001 27.520002 -10.549996
v -8.420001 26.210001 -10.549997
v -8.420001 26.210001 -10.549997
v -8.420001 26.210001 -10.549997
v -8.420001 26.210001 -10.549997
v -8.430001 26.240002 -10.979997
v -8.430001 26.240002 -10.979997
v -8.430001 26.240002 -10.979997
v -8.520001 26.260002 -11.319997
v -8.520001 26.260002 -11.319997
v -8.420001 26.260002 -11.309998
v -8.420001 26.260002 -11.309998
v -8.420001 26.120003 -11.309998
v -8.420001 26.120003 -11.309998
v -8.520001 26.120003 -11.319997
v -8.520001 26.120003 -11.319997
v -8.450001 27.750002 -10.549996
v -8.450001 27.750002 -10.549996
v -8.350001 27.750002 -10.539996
v -8.350001 27.750002 -10.539996
v -8.350001 27.750002 -10.539996
v -8.350001 27.750002 -10.539996
v -8.390001 27.300001 -11.199996
v -8.390001 27.300001 -11.199996
v -8.390001 27.300001 -11.199996
v -8.390001 27.300001 -11.199996
v -8.490001 27.300001 -11.209996
v -8.490001 27.300001 -11.209996
v -8.650001 26.120003 -9.799997
v -8.650001 26.120003 -9.799997
v -8.560001 26.120003 -9.789997
v -8.560001 26.120003 -9.789997
v -8.560001 26.260002 -9.789997
v -8.560001 26.260002 -9.789997
v -8.650001 26.260002 -9.799997
v -8.650001 26.260002 -9.799997
v -8.450001 26.070002 -10.549997
v -8.450001 26.070002 -10.549997
v -8.350001 26.070002 -10.539997
v -8.350001 26.070002 -10.539997
v -8.510001 26.120003 -9.899997
v -8.510001 26.120003 -9.899997
v -8.610001 26.120003 -9.909997
v -8.610001 26.120003 -9.909997
v -8.290001 26.120003 -11.189997
v -8.290001 26.120003 -11.189997
v -8.290001 26.120003 -11.189997
v -8.290001 26.120003 -11.189997
v -8.290001 26.120003 -11.189997
v -8.290001 26.260002 -11.189997
v -8.290001 26.260002 -11.189997
v -8.290001 26.260002 -11.189997
v -8.290001 26.260002 -11.189997
v -8.250001 26.240002 -10.959997
v -8.250001 26.240002 -10.959997
v -8.250001 26.240002 -10.959997
v -8.250001 26.240002 -10.959997
v -8.350001 27.520002 -10.539996
v -8.350001 27.520002 -10.539996
v -8.350001 27.520002 -10.539996
v -8.350001 27.520002 -10.539996
v -8.350001 27.210001 -10.969997
v -8.350001 27.210001 -10.969997
v -8.350001 27.210001 -10.969997
v -8.350001 27.210001 -10.969997
v -8.400001 26.260002 -9.889997
v -8.400001 26.260002 -9.889997
v -8.400001 26.260002 -9.889997
v -8.400001 26.260002 -9.889997
v -8.400001 26.120003 -9.889997
v -8.400001 26.120003 -9.889997
v -8.400001 26.120003 -9.889997
v -8.400001 26.120003 -9.889997
v -8.400001 26.120003 -9.889997
v -8.320001 26.250002 -10.109997
v -8.320001 26.250002 -10.109997
v -8.320001 26.250002 -10.109997
v -8.320001 26.250002 -10.109997
v -8.240001 26.070002 -10.529997
v -8.240001 26.070002 -10.529997
v -8.240001 26.070002 -10.529997
v -8.240001 26.070002 -10.529997
v -8.240001 26.210001 -10.529997
v -8.240001 26.210001 -10.529997
v -8.240001 26.210001 -10.529997
v -8.240001 26.210001 -10.529997
v -8.500001 27.210001 -10.129996
v -8.500001 27.210001 -10.129996
v -8.500001 27.210001 -10.129996
v -8.500001 26.250002 -10.129997
v -8.500001 26.250002 -10.129997
v -8.500001 26.250002 -10.129997
v -8.610001 27.300001 -9.909996
v -8.610001 27.300001 -9.909996
v -8.510001 27.300001 -9.899996
v -8.510001 27.300001 -9.899996
v -8.510001 27.300001 -9.899996
v -8.510001 27.300001 -9.899996
v -8.490001 26.120003 -11.209997
v -8.490001 26.120003 -11.209997
v -8.390001 26.120003 -11.199997
v -8.390001 26.120003 -11.199997
v -8.430001 27.210001 -10.119996
v -8.430001 27.210001 -10.119996
v -8.430001 27.210001 -10.119996
v -8.430001 27.210001 -10.119996
v -8.350001 26.240002 -10.969997
v -8.350001 26.240002 -10.969997
v -8.350001 26.240002 -10.969997
v -8.350001 26.240002 -10.969997
v -8.430001 26.250002 -10.119997
v -8.430001 26.250002 -10.119997
v -8.430001 26.250002 -10.119997
v -8.430001 26.250002 -10.119997
v -8.350001 26.210001 -10.539997
v -8.350001 26.210001 -10.539997
v -8.510001 26.260002 -9.899997
v -8.510001 26.260002 -9.899997
v -8.510001 26.260002 -9.899997
v -8.510001 26.260002 -9.899997
v -8.610001 26.260002 -9.909997
v -8.610001 26.260002 -9.909997
v -8.390001 26.260002 -11.199997
v -8.390001 26.260002 -11.199997
v -8.390001 26.260002 -11.199997
v -8.390001 26.260002 -11.199997
v -8.490001 26.260002 -11.209997
v -8.490001 26.260002 -11.209997
v -8.320001 26.260002 -11.299997
v -8.320001 26.260002 -11.299997
v -8.320001 26.260002 -11.299997
v -8.320001 26.120003 -11.299997
v -8.320001 26.120003 -11.299997
v -8.320001 26.120003 -11.299997
v -8.450001 26.120003 -9.779997
v -8.450001 26.120003 -9.779997
v -8.450001 26.120003 -9.779997
v -8.450001 26.260002 -9.779997
v -8.450001 26.260002 -9.779997
v -8.450001 26.260002 -9.779997
v -13.040003 12.700002 -6.809998
v -13.040003 12.700002 -6.809998
v -12.090003 12.700002 -6.809999
v -12.090003 12.700002 -6.809999
v -12.090002 14.280002 -5.989997
v -12.090002 14.280002 -5.989997
v -12.090002 14.280002 -5.989997
v -13.040002 14.280002 -5.989997
v -13.040002 14.280002 -5.989997
v -13.040002 14.280002 -5.989997
v -13.040002 17.340004 -5.639997
v -13.040002 17.340004 -5.639997
v -13.040003 17.340004 -6.739997
v -12.090002 17.340002 -5.639997
v -12.090002 17.340002 -5.639997
v -12.090003 17.340002 -6.739997
v -8.980001 12.700001 -12.199999
v -8.980001 12.700001 -12.199999
v -9.460002 12.700001 -13.020000
v -9.460002 12.700001 -13.020000
v -8.740002 14.280001 -13.429999
v -8.740002 14.280001 -13.429999
v -8.740002 14.280001 -13.429999
v -8.270002 14.280001 -12.609999
v -8.270002 14.280001 -12.609999
v -8.270002 14.280001 -12.609999
v -7.970001 17.340000 -12.789999
v -7.970001 17.340000 -12.789999
v -7.970001 17.340000 -12.789999
v -8.920002 17.340000 -12.239999
v -8.440001 17.340000 -13.609999
v -8.440001 17.340000 -13.609999
v -9.390002 17.340000 -13.059999
v -12.090003 12.700001 -14.539999
v -12.090003 12.700001 -14.539999
v -13.040003 12.700001 -14.539999
v -13.040003 12.700001 -14.539999
v -13.040003 14.280001 -15.359999
v -13.040003 14.280001 -15.359999
v -13.040003 14.280001 -15.359999
v -12.090003 14.280001 -15.359999
v -12.090003 14.280001 -15.359999
v -12.090003 14.280001 -15.359999
v -12.090003 17.340000 -15.709999
v -12.090003 17.340000 -15.709999
v -12.090003 17.340000 -14.619999
v -13.040003 17.340002 -15.709999
v -13.040003 17.340002 -15.709999
v -13.040003 17.340002 -14.619999
v -10.730001 23.340000 -7.349997
v -10.730001 23.340000 -7.349997
v -10.730001 23.340000 -7.349997
v -9.950001 23.340000 -7.889997
v -9.950001 23.340000 -7.889997
v -9.480000 24.920002 -7.219996
v -9.480000 24.920002 -7.219996
v -9.480000 24.920002 -7.219996
v -10.250002 24.920004 -6.669997
v -10.250002 24.920004 -6.669997
v -10.250002 24.920004 -6.669997
v -10.320002 28.410004 -6.739996
v -10.320002 28.410004 -6.739996
v -10.320002 28.410004 -6.739996
v -10.950002 28.410002 -7.649996
v -9.550001 28.410002 -7.289996
v -9.550001 28.410002 -7.289996
v -10.180002 28.410002 -8.189996
v -9.460002 12.700002 -8.339998
v -9.460002 12.700002 -8.339998
v -8.980001 12.700002 -9.149998
v -8.980001 12.700002 -9.149998
v -8.270002 14.280002 -8.739998
v -8.270002 14.280002 -8.739998
v -8.270002 14.280002 -8.739998
v -8.740002 14.280002 -7.919999
v -8.740002 14.280002 -7.919999
v -8.740002 14.280002 -7.919999
v -8.440001 17.340000 -7.749998
v -8.440001 17.340000 -7.749998
v -9.390002 17.340000 -8.299998
v -7.970001 17.340000 -8.569998
v -7.970001 17.340000 -8.569998
v -8.920002 17.340000 -9.119998
v -7.230001 20.209999 -10.979998
v -7.230001 20.209999 -10.979998
v -7.230001 20.209999 -10.979998
v -7.220001 20.520000 -10.549998
v -7.220001 20.520000 -10.549998
v -7.220001 20.520000 -10.549998
v -7.220001 20.520000 -10.549998
v -7.220001 19.209999 -10.549998
v -7.220001 19.209999 -10.549998
v -7.220001 19.209999 -10.549998
v -7.220001 19.209999 -10.549998
v -7.230001 19.230000 -10.979998
v -7.230001 19.230000 -10.979998
v -7.230001 19.230000 -10.979998
v -7.320002 19.260000 -11.319998
v -7.320002 19.260000 -11.319998
v -7.220001 19.260000 -11.309999
v -7.220001 19.260000 -11.309999
v -7.220001 19.120001 -11.309999
v -7.220001 19.120001 -11.309999
v -7.320002 19.120001 -11.319998
v -7.320002 19.120001 -11.319998
v -7.240001 20.750000 -10.549998
v -7.240001 20.750000 -10.549998
v -7.150002 20.750000 -10.539998
v -7.150002 20.750000 -10.539998
v -7.150002 20.750000 -10.539998
v -7.150002 20.750000 -10.539998
v -7.190001 20.290001 -11.199998
v -7.190001 20.290001 -11.199998
v -7.190001 20.290001 -11.199998
v -7.190001 20.290001 -11.199998
v -7.290001 20.290001 -11.209998
v -7.290001 20.290001 -11.209998
v -7.450001 19.120001 -9.799998
v -7.450001 19.120001 -9.799998
v -7.350001 19.120001 -9.789998
v -7.350001 19.120001 -9.789998
v -7.350001 19.260000 -9.789998
v -7.350001 19.260000 -9.789998
v -7.450001 19.260000 -9.799998
v -7.450001 19.260000 -9.799998
v -7.240001 19.070000 -10.549998
v -7.240001 19.070000 -10.549998
v -7.150002 19.070000 -10.539998
v -7.150002 19.070000 -10.539998
v -7.310001 19.120001 -9.899998
v -7.310001 19.120001 -9.899998
v -7.410001 19.120001 -9.909998
v -7.410001 19.120001 -9.909998
v -7.090002 19.120001 -11.189998
v -7.090002 19.120001 -11.189998
v -7.090002 19.120001 -11.189998
v -7.090002 19.120001 -11.189998
v -7.090002 19.120001 -11.189998
v -7.090002 19.260000 -11.189998
v -7.090002 19.260000 -11.189998
v -7.090002 19.260000 -11.189998
v -7.090002 19.260000 -11.189998
v -7.050002 19.230000 -10.959998
v -7.050002 19.230000 -10.959998
v -7.050002 19.230000 -10.959998
v -7.050002 19.230000 -10.959998
v -7.150002 20.520000 -10.539998
v -7.150002 20.520000 -10.539998
v -7.150002 20.520000 -10.539998
v -7.150002 20.520000 -10.539998
v -7.150002 20.209999 -10.969998
v -7.150002 20.209999 -10.969998
v -7.150002 20.209999 -10.969998
v -7.150002 20.209999 -10.969998
v -7.200001 19.260000 -9.889998
v -7.200001 19.260000 -9.889998
v -7.200001 19.260000 -9.889998
v -7.200001 19.260000 -9.889998
v -7.200001 19.120001 -9.889998
v -7.200001 19.120001 -9.889998
v -7.200001 19.120001 -9.889998
v -7.200001 19.120001 -9.889998
v -7.200001 19.120001 -9.889998
v -7.120001 19.240000 -10.109998
v -7.120001 19.240000 -10.109998
v -7.120001 19.240000 -10.109998
v -7.120001 19.240000 -10.109998
v -7.040001 19.070000 -10.529998
v -7.040001 19.070000 -10.529998
v -7.040001 19.070000 -10.529998
v -7.040001 19.070000 -10.529998
v -7.040001 19.209999 -10.529998
v -7.040001 19.209999 -10.529998
v -7.040001 19.209999 -10.529998
v -7.040001 19.209999 -10.529998
v -7.300002 20.209999 -10.129998
v -7.300002 20.209999 -10.129998
v -7.300002 20.209999 -10.129998
v -7.300002 19.240000 -10.129998
v -7.300002 19.240000 -10.129998
v -7.300002 19.240000 -10.129998
v -7.410001 20.290001 -9.909998
v -7.410001 20.290001 -9.909998
v -7.310001 20.290001 -9.899998
v -7.310001 20.290001 -9.899998
v -7.310001 20.290001 -9.899998
v -7.310001 20.290001 -9.899998
v -7.290001 19.120001 -11.209998
v -7.290001 19.120001 -11.209998
v -7.190001 19.120001 -11.199998
v -7.190001 19.120001 -11.199998
v -7.230001 20.209999 -10.119998
v -7.230001 20.209999 -10.119998
v -7.230001 20.209999 -10.119998
v -7.230001 20.209999 -10.119998
v -7.150002 19.230000 -10.969998
v -7.150002 19.230000 -10.969998
v -7.150002 19.230000 -10.969998
v -7.150002 19.230000 -10.969998
v -7.230001 19.240000 -10.119998
v -7.230001 19.240000 -10.119998
v -7.230001 19.240000 -10.119998
v -7.230001 19.240000 -10.119998
v -7.150002 19.209999 -10.539998
v -7.150002 19.209999 -10.539998
v -7.310001 19.260000 -9.899998
v -7.310001 19.260000 -9.899998
v -7.310001 19.260000 -9.899998
v -7.310001 19.260000 -9.899998
v -7.410001 19.260000 -9.909998
v -7.410001 19.260000 -9.909998
v -7.190001 19.260000 -11.199998
v -7.190001 19.260000 -11.199998
v -7.190001 19.260000 -11.199998
v -7.190001 19.260000 -11.199998
v -7.290001 19.260000 -11.209998
v -7.290001 19.260000 -11.209998
v -7.110002 19.260000 -11.299998
v -7.110002 19.260000 -11.299998
v -7.110002 19.260000 -11.299998
v -7.110002 19.120001 -11.299998
v -7.110002 19.120001 -11.299998
v -7.110002 19.120001 -11.299998
v -7.250001 19.120001 -9.779998
v -7.250001 19.120001 -9.779998
v -7.250001 19.120001 -9.779998
v -7.250001 19.260000 -9.779998
v -7.250001 19.260000 -9.779998
v -7.250001 19.260000 -9.779998
v -12.260002 27.210003 -6.539996
v -12.260002 27.210003 -6.539996
v -12.260002 27.210003 -6.539996
v -12.690001 27.520006 -6.529996
v -12.690001 27.520006 -6.529996
v -12.690001 27.520006 -6.529996
v -12.690001 27.520006 -6.529996
v -12.690001 26.210005 -6.529997
v -12.690001 26.210005 -6.529997
v -12.690001 26.210005 -6.529997
v -12.690001 26.210005 -6.529997
v -12.260002 26.240004 -6.539997
v -12.260002 26.240004 -6.539997
v -12.260002 26.240004 -6.539997
v -11.920002 26.260004 -6.629997
v -11.920002 26.260004 -6.629997
v -11.930002 26.260004 -6.529997
v -11.930002 26.260004 -6.529997
v -11.930002 26.120005 -6.529997
v -11.930002 26.120005 -6.529997
v -11.920002 26.120005 -6.629997
v -11.920002 26.120005 -6.629997
v -12.690001 27.750006 -6.559996
v -12.690001 27.750006 -6.559996
v -12.690001 27.750006 -6.559996
v -12.700002 27.750006 -6.459996
v -12.700002 27.750006 -6.459996
v -12.700002 27.750006 -6.459996
v -12.700002 27.750006 -6.459996
v -12.040002 27.300003 -6.509996
v -12.040002 27.300003 -6.509996
v -12.040002 27.300003 -6.509996
v -12.040002 27.300003 -6.509996
v -12.030002 27.300003 -6.599996
v -12.030002 27.300003 -6.599996
v -13.440001 26.120007 -6.759997
v -13.440001 26.120007 -6.759997
v -13.450002 26.120007 -6.669997
v -13.450002 26.120007 -6.669997
v -13.450002 26.260006 -6.669996
v -13.450002 26.260006 -6.669996
v -13.440001 26.260006 -6.759996
v -13.440001 26.260006 -6.759996
v -12.690001 26.070005 -6.559997
v -12.690001 26.070005 -6.559997
v -12.700002 26.070005 -6.459997
v -12.700002 26.070005 -6.459997
v -13.340002 26.120007 -6.619997
v -13.340002 26.120007 -6.619997
v -13.340002 26.120007 -6.719996
v -13.340002 26.120007 -6.719996
v -12.050002 26.120005 -6.399997
v -12.050002 26.120005 -6.399997
v -12.050002 26.120005 -6.399997
v -12.050002 26.120005 -6.399997
v -12.050002 26.120005 -6.399997
v -12.050002 26.260004 -6.399997
v -12.050002 26.260004 -6.399997
v -12.050002 26.260004 -6.399997
v -12.050002 26.260004 -6.399997
v -12.280002 26.240004 -6.359997
v -12.280002 26.240004 -6.359997
v -12.280002 26.240004 -6.359997
v -12.280002 26.240004 -6.359997
v -12.700002 27.520006 -6.459996
v -12.700002 27.520006 -6.459996
v -12.700002 27.520006 -6.459996
v -12.700002 27.520006 -6.459996
v -12.270002 27.210003 -6.469996
v -12.270002 27.210003 -6.469996
v -12.270002 27.210003 -6.469996
v -12.270002 27.210003 -6.469996
v -13.350002 26.260006 -6.509996
v -13.350002 26.260006 -6.509996
v -13.350002 26.260006 -6.509996
v -13.350002 26.260006 -6.509996
v -13.350002 26.120007 -6.509997
v -13.350002 26.120007 -6.509997
v -13.350002 26.120007 -6.509997
v -13.350002 26.120007 -6.509997
v -13.350002 26.120007 -6.509997
v -13.130002 26.250006 -6.429996
v -13.130002 26.250006 -6.429996
v -13.130002 26.250006 -6.429996
v -12.710002 26.070005 -6.349997
v -12.710002 26.070005 -6.349997
v -12.710002 26.070005 -6.349997
v -12.710002 26.070005 -6.349997
v -12.710002 26.210005 -6.349997
v -12.710002 26.210005 -6.349997
v -12.710002 26.210005 -6.349997
v -12.710002 26.210005 -6.349997
v -13.120002 27.210005 -6.609996
v -13.120002 27.210005 -6.609996
v -13.120002 27.210005 -6.609996
v -13.120002 26.250006 -6.609997
v -13.120002 26.250006 -6.609997
v -13.120002 26.250006 -6.609997
v -13.340002 27.300005 -6.719996
v -13.340002 27.300005 -6.719996
v -13.340002 27.300005 -6.619996
v -13.340002 27.300005 -6.619996
v -13.340002 27.300005 -6.619996
v -13.340002 27.300005 -6.619996
v -12.030002 26.120005 -6.599997
v -12.030002 26.120005 -6.599997
v -12.040002 26.120005 -6.509997
v -12.040002 26.120005 -6.509997
v -13.120002 27.210005 -6.539996
v -13.120002 27.210005 -6.539996
v -13.120002 27.210005 -6.539996
v -13.120002 27.210005 -6.539996
v -12.270002 26.240004 -6.469996
v -12.270002 26.240004 -6.469996
v -12.270002 26.240004 -6.469996
v -12.270002 26.240004 -6.469996
v -13.120002 26.250006 -6.539997
v -13.120002 26.250006 -6.539997
v -13.120002 26.250006 -6.539997
v -12.700002 26.210005 -6.459997
v -12.700002 26.210005 -6.459997
v -13.340002 26.260006 -6.619996
v -13.340002 26.260006 -6.619996
v -13.340002 26.260006 -6.619996
v -13.340002 26.260006 -6.619996
v -13.340002 26.260006 -6.719996
v -13.340002 26.260006 -6.719996
v -12.040002 26.260004 -6.509997
v -12.040002 26.260004 -6.509997
v -12.040002 26.260004 -6.509997
v -12.040002 26.260004 -6.509997
v -12.030002 26.260004 -6.599997
v -12.030002 26.260004 -6.599997
v -11.940001 26.260004 -6.429996
v -11.940001 26.260004 -6.429996
v -11.940001 26.260004 -6.429996
v -11.940001 26.120005 -6.429996
v -11.940001 26.120005 -6.429996
v -11.940001 26.120005 -6.429996
v -13.460002 26.120007 -6.559997
v -13.460002 26.120007 -6.559997
v -13.460002 26.120007 -6.559997
v -13.460002 26.260006 -6.559996
v -13.460002 26.260006 -6.559996
v -13.460002 26.260006 -6.559996
v -16.150002 12.700002 -9.149998
v -16.150002 12.700002 -9.149998
v -15.670004 12.700002 -8.339998
v -15.670004 12.700002 -8.339998
v -16.390001 14.280002 -7.919998
v -16.390001 14.280002 -7.919998
v -16.390001 14.280002 -7.919998
v -16.860003 14.280002 -8.739998
v -16.860003 14.280002 -8.739998
v -16.860003 14.280002 -8.739998
v -17.170002 17.340002 -8.569997
v -17.170002 17.340002 -8.569997
v -17.170002 17.340002 -8.569997
v -16.210001 17.340002 -9.119997
v -16.690002 17.340002 -7.749997
v -16.690002 17.340002 -7.749997
v -15.740004 17.340002 -8.299997
v -12.260001 20.210001 -5.339997
v -12.260001 20.210001 -5.339997
v -12.260001 20.210001 -5.339997
v -12.690001 20.520004 -5.329997
v -12.690001 20.520004 -5.329997
v -12.690001 20.520004 -5.329997
v -12.690001 20.520004 -5.329997
v -12.690001 19.210003 -5.329997
v -12.690001 19.210003 -5.329997
v -12.690001 19.210003 -5.329997
v -12.690001 19.210003 -5.329997
v -12.260001 19.230001 -5.339997
v -12.260001 19.230001 -5.339997
v -12.260001 19.230001 -5.339997
v -11.920001 19.260002 -5.429997
v -11.920001 19.260002 -5.429997
v -11.930001 19.260002 -5.329997
v -11.930001 19.260002 -5.329997
v -11.930001 19.120003 -5.329997
v -11.930001 19.120003 -5.329997
v -11.920001 19.120003 -5.429997
v -11.920001 19.120003 -5.429997
v -12.690001 20.750004 -5.359997
v -12.690001 20.750004 -5.359997
v -12.700001 20.750004 -5.259997
v -12.700001 20.750004 -5.259997
v -12.700001 20.750004 -5.259997
v -12.700001 20.750004 -5.259997
v -12.040001 20.290003 -5.299997
v -12.040001 20.290003 -5.299997
v -12.040001 20.290003 -5.299997
v -12.040001 20.290003 -5.299997
v -12.030001 20.290003 -5.399997
v -12.030001 20.290003 -5.399997
v -13.440001 19.120005 -5.559997
v -13.440001 19.120005 -5.559997
v -13.450001 19.120005 -5.469996
v -13.450001 19.120005 -5.469996
v -13.450001 19.260004 -5.469996
v -13.450001 19.260004 -5.469996
v -13.440001 19.260004 -5.559997
v -13.440001 19.260004 -5.559997
v -12.690001 19.070004 -5.359997
v -12.690001 19.070004 -5.359997
v -12.700001 19.070004 -5.259997
v -12.700001 19.070004 -5.259997
v -13.340001 19.120005 -5.419997
v -13.340001 19.120005 -5.419997
v -13.340001 19.120005 -5.519997
v -13.340001 19.120005 -5.519997
v -12.050001 19.120003 -5.199997
v -12.050001 19.120003 -5.199997
v -12.050001 19.120003 -5.199997
v -12.050001 19.120003 -5.199997
v -12.050001 19.120003 -5.199997
v -12.050001 19.260002 -5.199997
v -12.050001 19.260002 -5.199997
v -12.050001 19.260002 -5.199997
v -12.050001 19.260002 -5.199997
v -12.280001 19.230001 -5.159997
v -12.280001 19.230001 -5.159997
v -12.280001 19.230001 -5.159997
v -12.280001 19.230001 -5.159997
v -12.700001 20.520004 -5.259997
v -12.700001 20.520004 -5.259997
v -12.700001 20.520004 -5.259997
v -12.700001 20.520004 -5.259997
v -12.270001 20.210001 -5.259997
v -12.270001 20.210001 -5.259997
v -12.270001 20.210001 -5.259997
v -12.270001 20.210001 -5.259997
v -13.350001 19.260004 -5.309997
v -13.350001 19.260004 -5.309997
v -13.350001 19.260004 -5.309997
v -13.350001 19.260004 -5.309997
v -13.350001 19.120005 -5.309997
v -13.350001 19.120005 -5.309997
v -13.350001 19.120005 -5.309997
v -13.350001 19.120005 -5.309997
v -13.350001 19.120005 -5.309997
v -13.130001 19.240004 -5.229997
v -13.130001 19.240004 -5.229997
v -13.130001 19.240004 -5.229997
v -12.710001 19.070004 -5.149997
v -12.710001 19.070004 -5.149997
v -12.710001 19.070004 -5.149997
v -12.710001 19.070004 -5.149997
v -12.710001 19.210003 -5.149997
v -12.710001 19.210003 -5.149997
v -12.710001 19.210003 -5.149997
v -12.710001 19.210003 -5.149997
v -13.120001 20.210003 -5.409997
v -13.120001 20.210003 -5.409997
v -13.120001 20.210003 -5.409997
v -13.120001 19.240004 -5.409997
v -13.120001 19.240004 -5.409997
v -13.120001 19.240004 -5.409997
v -13.340001 20.290005 -5.519997
v -13.340001 20.290005 -5.519997
v -13.340001 20.290005 -5.419997
v -13.340001 20.290005 -5.419997
v -13.340001 20.290005 -5.419997
v -13.340001 20.290005 -5.419997
v -12.030001 19.120003 -5.399997
v -12.030001 19.120003 -5.399997
v -12.040001 19.120003 -5.299997
v -12.040001 19.120003 -5.299997
v -13.120001 20.210003 -5.339997
v -13.120001 20.210003 -5.339997
v -13.120001 20.210003 -5.339997
v -13.120001 20.210003 -5.339997
v -12.270001 19.230001 -5.259997
v -12.270001 19.230001 -5.259997
v -12.270001 19.230001 -5.259997
v -12.270001 19.230001 -5.259997
v -13.120001 19.240004 -5.339997
v -13.120001 19.240004 -5.339997
v -13.120001 19.240004 -5.339997
v -12.700001 19.210003 -5.259997
v -12.700001 19.210003 -5.259997
v -13.340001 19.260004 -5.419997
v -13.340001 19.260004 -5.419997
v -13.340001 19.260004 -5.419997
v -13.340001 19.260004 -5.419997
v -13.340001 19.260004 -5.519997
v -13.340001 19.260004 -5.519997
v -12.040001 19.260002 -5.299997
v -12.040001 19.260002 -5.299997
v -12.040001 19.260002 -5.299997
v -12.040001 19.260002 -5.299997
v -12.030001 19.260002 -5.399997
v -12.030001 19.260002 -5.399997
v -11.940001 19.260002 -5.229997
v -11.940001 19.260002 -5.229997
v -11.940001 19.260002 -5.229997
v -11.940001 19.120003 -5.229997
v -11.940001 19.120003 -5.229997
v -11.940001 19.120003 -5.229997
v -13.460001 19.120005 -5.359997
v -13.460001 19.120005 -5.359997
v -13.460001 19.120005 -5.359997
v -13.460001 19.260004 -5.359997
v -13.460001 19.260004 -5.359997
v -13.460001 19.260004 -5.359997
v -15.890003 23.340002 -8.839996
v -15.890003 23.340002 -8.839996
v -15.890003 23.340002 -8.839996
v -15.350003 23.340002 -8.059997
v -15.350003 23.340002 -8.059997
v -16.030003 24.920004 -7.589996
v -16.030003 24.920004 -7.589996
v -16.030003 24.920004 -7.589996
v -16.570002 24.920004 -8.359996
v -16.570002 24.920004 -8.359996
v -16.570002 24.920004 -8.359996
v -16.500002 28.410004 -8.429996
v -16.500002 28.410004 -8.429996
v -16.500002 28.410004 -8.429996
v -15.600003 28.410004 -9.059997
v -15.960003 28.410004 -7.659996
v -15.960003 28.410004 -7.659996
v -15.060003 28.410004 -8.289996
v -16.700003 27.210003 -10.369996
v -16.700003 27.210003 -10.369996
v -16.700003 27.210003 -10.369996
v -16.710001 27.520004 -10.799996
v -16.710001 27.520004 -10.799996
v -16.710001 27.520004 -10.799996
v -16.710001 27.520004 -10.799996
v -16.710001 26.210003 -10.799996
v -16.710001 26.210003 -10.799996
v -16.710001 26.210003 -10.799996
v -16.710001 26.210003 -10.799996
v -16.700003 26.240004 -10.369996
v -16.700003 26.240004 -10.369996
v -16.700003 26.240004 -10.369996
v -16.610003 26.260004 -10.029996
v -16.610003 26.260004 -10.029996
v -16.710001 26.260004 -10.039996
v -16.710001 26.260004 -10.039996
v -16.710001 26.120005 -10.039996
v -16.710001 26.120005 -10.039996
v -16.610003 26.120005 -10.029996
v -16.610003 26.120005 -10.029996
v -16.690002 27.750004 -10.799996
v -16.690002 27.750004 -10.799996
v -16.780003 27.750004 -10.809997
v -16.780003 27.750004 -10.809997
v -16.780003 27.750004 -10.809997
v -16.780003 27.750004 -10.809997
v -16.740002 27.300003 -10.149996
v -16.740002 27.300003 -10.149996
v -16.740002 27.300003 -10.149996
v -16.740002 27.300003 -10.149996
v -16.640001 27.300003 -10.149996
v -16.640001 27.300003 -10.149996
v -16.480001 26.120005 -11.549996
v -16.480001 26.120005 -11.549996
v -16.580002 26.120005 -11.559997
v -16.580002 26.120005 -11.559997
v -16.580002 26.260004 -11.559997
v -16.580002 26.260004 -11.559997
v -16.480001 26.260004 -11.549996
v -16.480001 26.260004 -11.549996
v -16.690002 26.070004 -10.799996
v -16.690002 26.070004 -10.799996
v -16.780003 26.070004 -10.809997
v -16.780003 26.070004 -10.809997
v -16.620003 26.120005 -11.449996
v -16.620003 26.120005 -11.449996
v -16.530003 26.120005 -11.449996
v -16.530003 26.120005 -11.449996
v -16.840002 26.120005 -10.159996
v -16.840002 26.120005 -10.159996
v -16.840002 26.120005 -10.159996
v -16.840002 26.120005 -10.159996
v -16.840002 26.120005 -10.159996
v -16.840002 26.260004 -10.159996
v -16.840002 26.260004 -10.159996
v -16.840002 26.260004 -10.159996
v -16.840002 26.260004 -10.159996
v -16.880001 26.240004 -10.389997
v -16.880001 26.240004 -10.389997
v -16.880001 26.240004 -10.389997
v -16.880001 26.240004 -10.389997
v -16.780003 27.520004 -10.809997
v -16.780003 27.520004 -10.809997
v -16.780003 27.520004 -10.809997
v -16.780003 27.520004 -10.809997
v -16.780003 27.210003 -10.379996
v -16.780003 27.210003 -10.379996
v -16.780003 27.210003 -10.379996
v -16.780003 27.210003 -10.379996
v -16.730001 26.260004 -11.459996
v -16.730001 26.260004 -11.459996
v -16.730001 26.260004 -11.459996
v -16.730001 26.260004 -11.459996
v -16.730001 26.120005 -11.459996
v -16.730001 26.120005 -11.459996
v -16.730001 26.120005 -11.459996
v -16.730001 26.120005 -11.459996
v -16.730001 26.120005 -11.459996
v -16.810001 26.250004 -11.239996
v -16.810001 26.250004 -11.239996
v -16.810001 26.250004 -11.239996
v -16.810001 26.250004 -11.239996
v -16.890001 26.070004 -10.819996
v -16.890001 26.070004 -10.819996
v -16.890001 26.070004 -10.819996
v -16.890001 26.070004 -10.819996
v -16.890001 26.210003 -10.819996
v -16.890001 26.210003 -10.819996
v -16.890001 26.210003 -10.819996
v -16.890001 26.210003 -10.819996
v -16.630001 27.210003 -11.229996
v -16.630001 27.210003 -11.229996
v -16.630001 27.210003 -11.229996
v -16.630001 26.250004 -11.229996
v -16.630001 26.250004 -11.229996
v -16.630001 26.250004 -11.229996
v -16.530003 27.300003 -11.449996
v -16.530003 27.300003 -11.449996
v -16.620003 27.300003 -11.449996
v -16.620003 27.300003 -11.449996
v -16.620003 27.300003 -11.449996
v -16.620003 27.300003 -11.449996
v -16.640001 26.120005 -10.149996
v -16.640001 26.120005 -10.149996
v -16.740002 26.120005 -10.149996
v -16.740002 26.120005 -10.149996
v -16.700003 27.210003 -11.229996
v -16.700003 27.210003 -11.229996
v -16.700003 27.210003 -11.229996
v -16.700003 27.210003 -11.229996
v -16.780003 26.240004 -10.379996
v -16.780003 26.240004 -10.379996
v -16.780003 26.240004 -10.379996
v -16.780003 26.240004 -10.379996
v -16.700003 26.250004 -11.229996
v -16.700003 26.250004 -11.229996
v -16.700003 26.250004 -11.229996
v -16.700003 26.250004 -11.229996
v -16.780003 26.210003 -10.809997
v -16.780003 26.210003 -10.809997
v -16.620003 26.260004 -11.449996
v -16.620003 26.260004 -11.449996
v -16.620003 26.260004 -11.449996
v -16.620003 26.260004 -11.449996
v -16.530003 26.260004 -11.449996
v -16.530003 26.260004 -11.449996
v -16.740002 26.260004 -10.149996
v -16.740002 26.260004 -10.149996
v -16.740002 26.260004 -10.149996
v -16.740002 26.260004 -10.149996
v -16.640001 26.260004 -10.149996
v -16.640001 26.260004 -10.149996
v -16.820002 26.260004 -10.049996
v -16.820002 26.260004 -10.049996
v -16.820002 26.260004 -10.049996
v -16.820002 26.120005 -10.049996
v -16.820002 26.120005 -10.049996
v -16.820002 26.120005 -10.049996
v -16.680002 26.120005 -11.569996
v -16.680002 26.120005 -11.569996
v -16.680002 26.120005 -11.569996
v -16.680002 26.260004 -11.569996
v -16.680002 26.260004 -11.569996
v -16.680002 26.260004 -11.569996
v -15.670004 12.700001 -13.020000
v -15.670004 12.700001 -13.020000
v -16.150002 12.700001 -12.199999
v -16.150002 12.700001 -12.199999
v -16.860003 14.280001 -12.609999
v -16.860003 14.280001 -12.609999
v -16.860003 14.280001 -12.609999
v -16.390003 14.280001 -13.429999
v -16.390003 14.280001 -13.429999
v -16.390003 14.280001 -13.429999
v -16.690004 17.340002 -13.609998
v -16.690004 17.340002 -13.609998
v -16.690004 17.340002 -13.609998
v -15.740004 17.340002 -13.059999
v -17.170004 17.340002 -12.789998
v -17.170004 17.340002 -12.789998
v -16.210001 17.340002 -12.239998
v -16.830004 28.500004 -13.139997
v -16.830004 28.500004 -13.139997
v -17.490002 28.500004 -10.679996
v -17.490002 28.500004 -10.679996
v -17.490002 30.290005 -10.679996
v -17.490002 30.290005 -10.679996
v -17.490002 30.290005 -10.679996
v -17.490002 30.290005 -10.679996
v -16.830004 30.290005 -13.139997
v -16.830004 30.290005 -13.139997
v -16.830004 30.290005 -13.139997
v -16.830004 30.290005 -13.139997
v -15.030003 28.500004 -14.939997
v -15.030003 28.500004 -14.939997
v -15.030003 30.290005 -14.939997
v -15.030003 30.290005 -14.939997
v -15.030003 30.290005 -14.939997
v -15.030003 30.290005 -14.939997
v -12.570002 28.500002 -15.599998
v -12.570002 28.500002 -15.599998
v -12.570002 30.290003 -15.599998
v -12.570002 30.290003 -15.599998
v -12.570002 30.290003 -15.599998
v -12.570002 30.290003 -15.599998
v -10.100002 28.500002 -14.939997
v -10.100002 28.500002 -14.939997
v -10.100002 30.290003 -14.939997
v -10.100002 30.290003 -14.939997
v -10.100002 30.290003 -14.939997
v -10.100002 30.290003 -14.939997
v -8.300001 28.500002 -13.139997
v -8.300001 28.500002 -13.139997
v -8.300001 30.290003 -13.139997
v -8.300001 30.290003 -13.139997
v -8.300001 30.290003 -13.139997
v -8.300001 30.290003 -13.139997
v -7.640000 28.500002 -10.679996
v -7.640000 28.500002 -10.679996
v -7.640000 30.290003 -10.679996
v -7.640000 30.290003 -10.679996
v -7.640000 30.290003 -10.679996
v -7.640000 30.290003 -10.679996
v -8.300001 28.500002 -8.209996
v -8.300001 28.500002 -8.209996
v -8.300001 30.290003 -8.209996
v -8.300001 30.290003 -8.209996
v -8.300001 30.290003 -8.209996
v -8.300001 30.290003 -8.209996
v -10.100002 28.500004 -6.409996
v -10.100002 28.500004 -6.409996
v -10.100002 30.290005 -6.409996
v -10.100002 30.290005 -6.409996
v -10.100002 30.290005 -6.409996
v -10.100002 30.290005 -6.409996
v -12.570001 28.500004 -5.749996
v -12.570001 28.500004 -5.749996
v -12.570001 30.290005 -5.749995
v -12.570001 30.290005 -5.749995
v -12.570001 30.290005 -5.749995
v -12.570001 30.290005 -5.749995
v -15.030003 28.500006 -6.409996
v -15.030003 28.500006 -6.409996
v -15.030003 30.290007 -6.409996
v -15.030003 30.290007 -6.409996
v -15.030003 30.290007 -6.409996
v -15.030003 30.290007 -6.409996
v -16.830002 28.500004 -8.209996
v -16.830002 28.500004 -8.209996
v -16.830002 30.290005 -8.209995
v -16.830002 30.290005 -8.209995
v -16.830002 30.290005 -8.209995
v -16.830002 30.290005 -8.209995
v -16.780003 30.290005 -10.679996
v -16.780003 30.290005 -10.679996
v -16.780003 30.290005 -10.679996
v -16.780003 30.290005 -10.679996
v -16.210003 30.290005 -12.779996
v -16.210003 30.290005 -12.779996
v -16.210003 30.290005 -12.779996
v -16.210003 30.290005 -12.779996
v -15.030003 30.900003 -14.939996
v -15.030003 30.900003 -14.939996
v -15.030003 30.900003 -14.939996
v -16.830004 30.900003 -13.139997
v -16.830004 30.900003 -13.139997
v -16.830004 30.900003 -13.139997
v -16.210003 30.900003 -12.779996
v -16.210003 30.900003 -12.779996
v -16.210003 30.900003 -12.779996
v -14.670003 30.900003 -14.319996
v -14.670003 30.900003 -14.319996
v -14.670003 30.900003 -14.319996
v -14.670003 30.290005 -14.319997
v -14.670003 30.290005 -14.319997
v -14.670003 30.290005 -14.319997
v -14.670003 30.290005 -14.319997
v -12.570002 30.290003 -14.889997
v -12.570002 30.290003 -14.889997
v -12.570002 30.290003 -14.889997
v -12.570002 30.290003 -14.889997
v -10.100002 30.900002 -14.939997
v -10.100002 30.900002 -14.939997
v -10.100002 30.900002 -14.939997
v -12.570002 30.900002 -15.599998
v -12.570002 30.900002 -15.599998
v -12.570002 30.900002 -15.599998
v -12.570002 30.900002 -14.889997
v -12.570002 30.900002 -14.889997
v -12.570002 30.900002 -14.889997
v -10.460002 30.900002 -14.319997
v -10.460002 30.900002 -14.319997
v -10.460002 30.900002 -14.319997
v -10.460002 30.290003 -14.319997
v -10.460002 30.290003 -14.319997
v -10.460002 30.290003 -14.319997
v -10.460002 30.290003 -14.319997
v -8.920001 30.290003 -12.779997
v -8.920001 30.290003 -12.779997
v -8.920001 30.290003 -12.779997
v -8.920001 30.290003 -12.779997
v -7.640000 30.900002 -10.679996
v -7.640000 30.900002 -10.679996
v -7.640000 30.900002 -10.679996
v -8.300001 30.900002 -13.139997
v -8.300001 30.900002 -13.139997
v -8.300001 30.900002 -13.139997
v -8.920001 30.900002 -12.779997
v -8.920001 30.900002 -12.779997
v -8.920001 30.900002 -12.779997
v -8.360001 30.900002 -10.679996
v -8.360001 30.900002 -10.679996
v -8.360001 30.900002 -10.679996
v -8.360001 30.290003 -10.679996
v -8.360001 30.290003 -10.679996
v -8.360001 30.290003 -10.679996
v -8.360001 30.290003 -10.679996
v -8.920001 30.290003 -8.569996
v -8.920001 30.290003 -8.569996
v -8.920001 30.290003 -8.569996
v -8.920001 30.290003 -8.569996
v -10.100002 30.900003 -6.409996
v -10.100002 30.900003 -6.409996
v -10.100002 30.900003 -6.409996
v -8.300001 30.900002 -8.209996
v -8.300001 30.900002 -8.209996
v -8.300001 30.900002 -8.209996
v -8.920001 30.900002 -8.569996
v -8.920001 30.900002 -8.569996
v -8.920001 30.900002 -8.569996
v -10.460002 30.900003 -7.029996
v -10.460002 30.900003 -7.029996
v -10.460002 30.900003 -7.029996
v -10.460002 30.290005 -7.029996
v -10.460002 30.290005 -7.029996
v -10.460002 30.290005 -7.029996
v -10.460002 30.290005 -7.029996
v -12.570002 30.290005 -6.469995
v -12.570002 30.290005 -6.469995
v -12.570002 30.290005 -6.469995
v -12.570002 30.290005 -6.469995
v -15.030003 30.900005 -6.409996
v -15.030003 30.900005 -6.409996
v -15.030003 30.900005 -6.409996
v -12.570001 30.900003 -5.749995
v -12.570001 30.900003 -5.749995
v -12.570001 30.900003 -5.749995
v -12.570002 30.900003 -6.469995
v -12.570002 30.900003 -6.469995
v -12.570002 30.900003 -6.469995
v -14.670003 30.900005 -7.029996
v -14.670003 30.900005 -7.029996
v -14.670003 30.900005 -7.029996
v -14.670003 30.290007 -7.029996
v -14.670003 30.290007 -7.029996
v -14.670003 30.290007 -7.029996
v -14.670003 30.290007 -7.029996
v -16.210001 30.290005 -8.569995
v -16.210001 30.290005 -8.569995
v -16.210001 30.290005 -8.569995
v -16.210001 30.290005 -8.569995
v -17.490002 30.900003 -10.679996
v -17.490002 30.900003 -10.679996
v -17.490002 30.900003 -10.679996
v -16.830002 30.900003 -8.209995
v -16.830002 30.900003 -8.209995
v -16.830002 30.900003 -8.209995
v -16.210001 30.900003 -8.569995
v -16.210001 30.900003 -8.569995
v -16.210001 30.900003 -8.569995
v -16.780003 30.900003 -10.679996
v -16.780003 30.900003 -10.679996
v -16.780003 30.900003 -10.679996
v -16.780003 29.420004 -10.679996
v -16.780003 29.420004 -10.679996
v -16.780003 29.420004 -10.679996
v -16.210003 29.420004 -12.779997
v -16.210003 29.420004 -12.779997
v -16.210003 29.420004 -12.779997
v -14.670003 29.420004 -14.319997
v -14.670003 29.420004 -14.319997
v -14.670003 29.420004 -14.319997
v -12.570002 29.420002 -14.889997
v -12.570002 29.420002 -14.889997
v -12.570002 29.420002 -14.889997
v -10.460002 29.420002 -14.319997
v -10.460002 29.420002 -14.319997
v -10.460002 29.420002 -14.319997
v -8.920001 29.420002 -12.779997
v -8.920001 29.420002 -12.779997
v -8.920001 29.420002 -12.779997
v -8.360001 29.420002 -10.679996
v -8.360001 29.420002 -10.679996
v -8.360001 29.420002 -10.679996
v -8.920001 29.420002 -8.569996
v -8.920001 29.420002 -8.569996
v -8.920001 29.420002 -8.569996
v -10.460002 29.420004 -7.029996
v -10.460002 29.420004 -7.029996
v -10.460002 29.420004 -7.029996
v -12.570002 29.420004 -6.469996
v -12.570002 29.420004 -6.469996
v -12.570002 29.420004 -6.469996
v -14.670003 29.420006 -7.029996
v -14.670003 29.420006 -7.029996
v -14.670003 29.420006 -7.029996
v -16.210001 29.420004 -8.569996
v -16.210001 29.420004 -8.569996
v -16.210001 29.420004 -8.569996
v -12.570002 29.420002 -10.679996
v -16.550001 0.000003 12.980002
v -16.550001 7.760005 12.980003
v -16.550001 7.760005 12.980003
v -17.170004 7.760004 10.680003
v -17.170004 7.760004 10.680003
v -17.170004 0.000003 10.680002
v -14.870003 0.000003 14.660003
v -14.870002 7.760004 14.660004
v -14.870002 7.760004 14.660004
v -12.570002 0.000003 15.280003
v -12.570002 0.000003 15.280003
v -12.570001 7.760004 15.280004
v -12.570001 7.760004 15.280004
v -12.570001 7.760004 15.280004
v -10.270002 0.000003 14.660003
v -10.270001 7.760004 14.660004
v -10.270001 7.760004 14.660004
v -8.580001 0.000002 12.980002
v -8.580000 7.760004 12.980003
v -8.580000 7.760004 12.980003
v -7.970001 0.000002 10.680002
v -7.970000 7.760003 10.680003
v -7.970000 7.760003 10.680003
v -8.580001 0.000002 8.380002
v -8.580000 7.760003 8.380003
v -8.580000 7.760003 8.380003
v -10.270002 0.000002 6.690002
v -10.270001 7.760003 6.690003
v -10.270001 7.760003 6.690003
v -12.570003 0.000002 6.080002
v -12.570002 7.760003 6.080003
v -12.570002 7.760003 6.080003
v -14.870003 0.000002 6.690002
v -14.870002 7.760003 6.690003
v -14.870002 7.760003 6.690003
v -16.550003 0.000002 8.380002
v -16.550003 7.760004 8.380003
v -16.550003 7.760004 8.380003
v -16.780003 7.760005 13.110003
v -16.780003 7.760005 13.110003
v -16.780003 7.760005 13.110003
v -16.780003 8.570004 13.110004
v -16.780003 8.570004 13.110004
v -16.780003 8.570004 13.110004
v -17.430004 8.570004 10.680004
v -17.430004 8.570004 10.680004
v -17.430004 8.570004 10.680004
v -17.430004 7.760004 10.680003
v -17.430004 7.760004 10.680003
v -17.430004 7.760004 10.680003
v -15.000002 7.760004 14.890004
v -15.000002 7.760004 14.890004
v -15.000002 7.760004 14.890004
v -15.000002 8.570004 14.890004
v -15.000002 8.570004 14.890004
v -15.000002 8.570004 14.890004
v -12.570001 7.760004 15.540004
v -12.570001 7.760004 15.540004
v -12.570001 7.760004 15.540004
v -12.570001 8.570004 15.540004
v -12.570001 8.570004 15.540004
v -12.570001 8.570004 15.540004
v -10.130001 7.760004 14.890004
v -10.130001 7.760004 14.890004
v -10.130001 7.760004 14.890004
v -10.130001 8.570004 14.890004
v -10.130001 8.570004 14.890004
v -10.130001 8.570004 14.890004
v -8.350000 7.760004 13.110003
v -8.350000 7.760004 13.110003
v -8.350000 7.760004 13.110003
v -8.350000 8.570004 13.110003
v -8.350000 8.570004 13.110003
v -8.350000 8.570004 13.110003
v -7.700000 7.760003 10.680003
v -7.700000 7.760003 10.680003
v -7.700000 7.760003 10.680003
v -7.700000 8.570004 10.680003
v -7.700000 8.570004 10.680003
v -7.700000 8.570004 10.680003
v -8.350000 7.760003 8.240003
v -8.350000 7.760003 8.240003
v -8.350000 7.760003 8.240003
v -8.350000 8.570003 8.240003
v -8.350000 8.570003 8.240003
v -8.350000 8.570003 8.240003
v -10.130001 7.760003 6.460003
v -10.130001 7.760003 6.460003
v -10.130001 7.760003 6.460003
v -10.130001 8.570003 6.460003
v -10.130001 8.570003 6.460003
v -10.130001 8.570003 6.460003
v -12.570002 7.760003 5.810002
v -12.570002 7.760003 5.810002
v -12.570002 7.760003 5.810002
v -12.570002 8.570003 5.810002
v -12.570002 8.570003 5.810002
v -12.570002 8.570003 5.810002
v -15.000002 7.760003 6.460003
v -15.000002 7.760003 6.460003
v -15.000002 7.760003 6.460003
v -15.000002 8.570003 6.460003
v -15.000002 8.570003 6.460003
v -15.000002 8.570003 6.460003
v -16.780005 7.760004 8.240003
v -16.780005 7.760004 8.240003
v -16.780005 7.760004 8.240003
v -16.780005 8.570003 8.240004
v -16.780005 8.570003 8.240004
v -16.780005 8.570003 8.240004
v -17.170004 8.570004 10.680004
v -17.170004 8.570004 10.680004
v -16.550001 8.570004 12.980004
v -16.550001 8.570004 12.980004
v -14.870002 8.570004 14.660004
v -14.870002 8.570004 14.660004
v -14.870002 8.570004 14.660004
v -12.570001 8.570004 15.280004
v -12.570001 8.570004 15.280004
v -12.570001 8.570004 15.280004
v -10.270001 8.570004 14.660004
v -10.270001 8.570004 14.660004
v -8.580000 8.570004 12.980003
v -8.580000 8.570004 12.980003
v -8.580000 8.570004 12.980003
v -7.970000 8.570004 10.680003
v -7.970000 8.570004 10.680003
v -8.580000 8.570003 8.380003
v -8.580000 8.570003 8.380003
v -10.270001 8.570003 6.690003
v -10.270001 8.570003 6.690003
v -12.570002 8.570003 6.080003
v -12.570002 8.570003 6.080003
v -14.870002 8.570003 6.690003
v -14.870002 8.570003 6.690003
v -16.550003 8.570003 8.380004
v -16.550003 8.570003 8.380004
v -16.549999 16.890005 12.980005
v -16.549999 16.890005 12.980005
v -16.549999 16.890005 12.980005
v -17.170002 16.890005 10.680005
v -17.170002 16.890005 10.680005
v -17.170002 16.890005 10.680005
v -14.870002 16.890005 14.660006
v -14.870002 16.890005 14.660006
v -14.870002 16.890005 14.660006
v -14.870002 16.890005 14.660006
v -12.570001 16.890003 15.280005
v -12.570001 16.890003 15.280005
v -12.570001 16.890003 15.280005
v -12.570001 16.890003 15.280005
v -10.270001 16.890003 14.660005
v -10.270001 16.890003 14.660005
v -10.270001 16.890003 14.660005
v -8.580000 16.890003 12.980004
v -8.580000 16.890003 12.980004
v -8.580000 16.890003 12.980004
v -8.580000 16.890003 12.980004
v -7.969999 16.890003 10.680004
v -7.969999 16.890003 10.680004
v -7.969999 16.890003 10.680004
v -8.580000 16.890003 8.380004
v -8.580000 16.890003 8.380004
v -8.580000 16.890003 8.380004
v -10.270001 16.890001 6.690004
v -10.270001 16.890001 6.690004
v -10.270001 16.890001 6.690004
v -12.570002 16.890001 6.080004
v -12.570002 16.890001 6.080004
v -12.570002 16.890001 6.080004
v -14.870002 16.890003 6.690004
v -14.870002 16.890003 6.690004
v -14.870002 16.890003 6.690004
v -16.550001 16.890005 8.380005
v -16.550001 16.890005 8.380005
v -16.550001 16.890005 8.380005
v -17.129999 21.300005 13.310006
v -17.129999 21.300005 13.310006
v -17.469999 21.300005 13.510006
v -17.469999 21.300005 13.510006
v -17.469999 21.300005 13.510006
v -18.230001 21.300005 10.680005
v -18.230001 21.300005 10.680005
v -18.230001 21.300005 10.680005
v -17.830002 21.300005 10.680005
v -17.830002 21.300005 10.680005
v -15.200001 21.300005 15.240005
v -15.200001 21.300005 15.240005
v -15.200001 21.300005 15.240005
v -15.400001 21.300005 15.580006
v -15.400001 21.300005 15.580006
v -15.400001 21.300005 15.580006
v -12.570000 21.300003 15.940005
v -12.570000 21.300003 15.940005
v -12.570000 21.300003 16.340006
v -12.570000 21.300003 16.340006
v -12.570000 21.300003 16.340006
v -9.929999 21.300003 15.240005
v -9.929999 21.300003 15.240005
v -9.729999 21.300003 15.580006
v -9.729999 21.300003 15.580006
v -9.729999 21.300003 15.580006
v -8.009999 21.300003 13.310006
v -8.009999 21.300003 13.310006
v -7.659999 21.300003 13.510006
v -7.659999 21.300003 13.510006
v -7.659999 21.300003 13.510006
v -7.300000 21.300003 10.680005
v -7.300000 21.300003 10.680005
v -6.899999 21.300003 10.680005
v -6.899999 21.300003 10.680005
v -6.899999 21.300003 10.680005
v -8.009999 21.300003 8.040005
v -8.009999 21.300003 8.040005
v -7.660000 21.300003 7.840004
v -7.660000 21.300003 7.840004
v -7.660000 21.300003 7.840004
v -9.930000 21.300001 6.120005
v -9.930000 21.300001 6.120005
v -9.730000 21.300001 5.770004
v -9.730000 21.300001 5.770004
v -9.730000 21.300001 5.770004
v -12.570001 21.300001 5.410004
v -12.570001 21.300001 5.410004
v -12.570001 21.300001 5.010005
v -12.570001 21.300001 5.010005
v -12.570001 21.300001 5.010005
v -15.200002 21.300003 6.120005
v -15.200002 21.300003 6.120005
v -15.400002 21.300003 5.770004
v -15.400002 21.300003 5.770004
v -15.400002 21.300003 5.770004
v -17.130001 21.300005 8.040005
v -17.130001 21.300005 8.040005
v -17.470001 21.300005 7.840005
v -17.470001 21.300005 7.840005
v -17.470001 21.300005 7.840005
v -16.170000 24.760008 12.760007
v -16.170000 24.760008 12.760007
v -16.170000 24.760008 12.760007
v -16.170000 24.760008 12.760007
v -16.720001 24.760008 10.680006
v -16.720001 24.760008 10.680006
v -16.720001 24.760008 10.680006
v -16.720001 24.760008 10.680006
v -14.640001 24.760008 14.280006
v -14.640001 24.760008 14.280006
v -14.640001 24.760008 14.280006
v -14.640001 24.760008 14.280006
v -12.570000 24.760006 14.830006
v -12.570000 24.760006 14.830006
v -12.570000 24.760006 14.830006
v -12.570000 24.760006 14.830006
v -10.490000 24.760006 14.280005
v -10.490000 24.760006 14.280005
v -10.490000 24.760006 14.280005
v -10.490000 24.760006 14.280005
v -8.969999 24.760006 12.760006
v -8.969999 24.760006 12.760006
v -8.969999 24.760006 12.760006
v -8.969999 24.760006 12.760006
v -8.969999 24.760006 12.760006
v -8.409999 24.760006 10.680005
v -8.409999 24.760006 10.680005
v -8.409999 24.760006 10.680005
v -8.409999 24.760006 10.680005
v -8.969999 24.760006 8.600005
v -8.969999 24.760006 8.600005
v -8.969999 24.760006 8.600005
v -8.969999 24.760006 8.600005
v -8.969999 24.760006 8.600005
v -10.490000 24.760004 7.080005
v -10.490000 24.760004 7.080005
v -10.490000 24.760004 7.080005
v -10.490000 24.760004 7.080005
v -10.490000 24.760004 7.080005
v -12.570000 24.760004 6.520005
v -12.570000 24.760004 6.520005
v -12.570000 24.760004 6.520005
v -12.570000 24.760004 6.520005
v -14.640001 24.760006 7.080005
v -14.640001 24.760006 7.080005
v -14.640001 24.760006 7.080005
v -14.640001 24.760006 7.080005
v -16.170002 24.760008 8.600006
v -16.170002 24.760008 8.600006
v -16.170002 24.760008 8.600006
v -16.170002 24.760008 8.600006
v -16.129999 28.500008 12.740006
v -16.129999 28.500008 12.740006
v -16.690002 28.500008 10.680006
v -16.690002 28.500008 10.680006
v -16.690002 28.500008 10.680006
v -14.630001 28.500008 14.240006
v -14.630001 28.500008 14.240006
v -12.570000 28.500006 14.800007
v -12.570000 28.500006 14.800007
v -10.510000 28.500006 14.240006
v -10.510000 28.500006 14.240006
v -10.510000 28.500006 14.240006
v -8.999999 28.500006 12.740006
v -8.999999 28.500006 12.740006
v -8.999999 28.500006 12.740006
v -8.449999 28.500006 10.680006
v -8.449999 28.500006 10.680006
v -8.449999 28.500006 10.680006
v -8.999999 28.500006 8.620006
v -8.999999 28.500006 8.620006
v -10.510000 28.500006 7.110006
v -10.510000 28.500006 7.110006
v -12.570000 28.500004 6.560006
v -12.570000 28.500004 6.560006
v -14.630001 28.500008 7.110006
v -14.630001 28.500008 7.110006
v -16.130001 28.500008 8.620006
v -16.130001 28.500008 8.620006
v -16.130001 28.500008 8.620006
v -17.129999 17.360006 13.310006
v -17.129999 17.360006 13.310006
v -17.129999 17.360006 13.310006
v -17.830002 17.360006 10.680005
v -17.830002 17.360006 10.680005
v -17.830002 17.360006 10.680005
v -15.200002 17.360006 15.240005
v -15.200002 17.360006 15.240005
v -15.200002 17.360006 15.240005
v -15.200002 17.360006 15.240005
v -12.570001 17.360004 15.940004
v -12.570001 17.360004 15.940004
v -12.570001 17.360004 15.940004
v -9.930000 17.360004 15.240005
v -9.930000 17.360004 15.240005
v -9.930000 17.360004 15.240005
v -8.010000 17.360004 13.310005
v -8.010000 17.360004 13.310005
v -8.010000 17.360004 13.310005
v -7.300000 17.360004 10.680004
v -7.300000 17.360004 10.680004
v -7.300000 17.360004 10.680004
v -8.010000 17.360004 8.040004
v -8.010000 17.360004 8.040004
v -8.010000 17.360004 8.040004
v -9.930001 17.360003 6.120004
v -9.930001 17.360003 6.120004
v -9.930001 17.360003 6.120004
v -12.570002 17.360003 5.410004
v -12.570002 17.360003 5.410004
v -12.570002 17.360003 5.410004
v -15.200003 17.360004 6.120004
v -15.200003 17.360004 6.120004
v -15.200003 17.360004 6.120004
v -17.130001 17.360006 8.040005
v -17.130001 17.360006 8.040005
v -17.130001 17.360006 8.040005
v -17.910002 20.210005 10.370005
v -17.910002 20.210005 10.370005
v -17.910002 20.210005 10.370005
v -17.910002 19.230005 10.370005
v -17.910002 19.230005 10.370005
v -17.910002 19.230005 10.370005
v -17.910002 19.210005 10.800005
v -17.910002 19.210005 10.800005
v -17.910002 19.210005 10.800005
v -17.910002 19.210005 10.800005
v -17.910002 20.520006 10.800005
v -17.910002 20.520006 10.800005
v -17.910002 20.520006 10.800005
v -17.910002 20.520006 10.800005
v -17.810001 19.260006 10.030005
v -17.810001 19.260006 10.030005
v -17.810001 19.120007 10.030005
v -17.810001 19.120007 10.030005
v -17.910002 19.120007 10.040005
v -17.910002 19.120007 10.040005
v -17.910002 19.260006 10.040005
v -17.910002 19.260006 10.040005
v -17.890001 20.750006 10.800005
v -17.890001 20.750006 10.800005
v -17.840002 20.290007 10.150004
v -17.840002 20.290007 10.150004
v -17.940002 20.290007 10.150004
v -17.940002 20.290007 10.150004
v -17.940002 20.290007 10.150004
v -17.940002 20.290007 10.150004
v -17.980001 20.750006 10.810005
v -17.980001 20.750006 10.810005
v -17.980001 20.750006 10.810005
v -17.980001 20.750006 10.810005
v -17.680002 19.120007 11.550005
v -17.680002 19.120007 11.550005
v -17.680002 19.260006 11.550005
v -17.680002 19.260006 11.550005
v -17.780003 19.260006 11.560005
v -17.780003 19.260006 11.560005
v -17.780003 19.120007 11.560005
v -17.780003 19.120007 11.560005
v -17.890001 19.070005 10.800005
v -17.890001 19.070005 10.800005
v -17.730001 19.120007 11.450005
v -17.730001 19.120007 11.450005
v -17.820002 19.120007 11.450005
v -17.820002 19.120007 11.450005
v -17.980001 19.070005 10.810005
v -17.980001 19.070005 10.810005
v -18.050001 19.120007 10.160005
v -18.050001 19.120007 10.160005
v -18.050001 19.120007 10.160005
v -18.050001 19.120007 10.160005
v -18.050001 19.120007 10.160005
v -18.080002 19.230005 10.390005
v -18.080002 19.230005 10.390005
v -18.080002 19.230005 10.390005
v -18.080002 19.230005 10.390005
v -18.050001 19.260006 10.160005
v -18.050001 19.260006 10.160005
v -18.050001 19.260006 10.160005
v -18.050001 19.260006 10.160005
v -17.980001 20.210005 10.380005
v -17.980001 20.210005 10.380005
v -17.980001 20.210005 10.380005
v -17.980001 20.210005 10.380005
v -17.980001 20.520006 10.810005
v -17.980001 20.520006 10.810005
v -17.980001 20.520006 10.810005
v -17.980001 20.520006 10.810005
v -17.930002 19.260006 11.460005
v -17.930002 19.260006 11.460005
v -17.930002 19.260006 11.460005
v -17.930002 19.260006 11.460005
v -18.010002 19.240005 11.240005
v -18.010002 19.240005 11.240005
v -18.010002 19.240005 11.240005
v -18.010002 19.240005 11.240005
v -17.930002 19.120007 11.460005
v -17.930002 19.120007 11.460005
v -17.930002 19.120007 11.460005
v -17.930002 19.120007 11.460005
v -17.930002 19.120007 11.460005
v -18.090002 19.070005 10.820004
v -18.090002 19.070005 10.820004
v -18.090002 19.070005 10.820004
v -18.090002 19.070005 10.820004
v -18.090002 19.210005 10.820004
v -18.090002 19.210005 10.820004
v -18.090002 19.210005 10.820004
v -18.090002 19.210005 10.820004
v -17.830002 20.210005 11.230004
v -17.830002 20.210005 11.230004
v -17.830002 20.210005 11.230004
v -17.830002 19.240005 11.230004
v -17.830002 19.240005 11.230004
v -17.830002 19.240005 11.230004
v -17.730001 20.290007 11.450005
v -17.730001 20.290007 11.450005
v -17.820002 20.290007 11.450005
v -17.820002 20.290007 11.450005
v -17.820002 20.290007 11.450005
v -17.820002 20.290007 11.450005
v -17.840002 19.120007 10.150004
v -17.840002 19.120007 10.150004
v -17.940002 19.120007 10.150004
v -17.940002 19.120007 10.150004
v -17.900002 20.210005 11.230004
v -17.900002 20.210005 11.230004
v -17.900002 20.210005 11.230004
v -17.900002 20.210005 11.230004
v -17.980001 19.230005 10.380005
v -17.980001 19.230005 10.380005
v -17.980001 19.230005 10.380005
v -17.980001 19.230005 10.380005
v -17.900002 19.240005 11.230004
v -17.900002 19.240005 11.230004
v -17.900002 19.240005 11.230004
v -17.900002 19.240005 11.230004
v -17.980001 19.210005 10.810005
v -17.980001 19.210005 10.810005
v -17.820002 19.260006 11.450005
v -17.820002 19.260006 11.450005
v -17.820002 19.260006 11.450005
v -17.820002 19.260006 11.450005
v -17.730001 19.260006 11.450005
v -17.730001 19.260006 11.450005
v -17.840002 19.260006 10.150004
v -17.840002 19.260006 10.150004
v -17.940002 19.260006 10.150004
v -17.940002 19.260006 10.150004
v -17.940002 19.260006 10.150004
v -17.940002 19.260006 10.150004
v -18.020002 19.120007 10.050005
v -18.020002 19.120007 10.050005
v -18.020002 19.120007 10.050005
v -18.020002 19.260006 10.050005
v -18.020002 19.260006 10.050005
v -18.020002 19.260006 10.050005
v -17.880001 19.260006 11.570004
v -17.880001 19.260006 11.570004
v -17.880001 19.260006 11.570004
v -17.880001 19.120007 11.570004
v -17.880001 19.120007 11.570004
v -17.880001 19.120007 11.570004
v -12.870000 20.210005 16.020006
v -12.870000 20.210005 16.020006
v -12.870000 20.210005 16.020006
v -12.870000 19.230005 16.020006
v -12.870000 19.230005 16.020006
v -12.870000 19.230005 16.020006
v -12.440000 19.210003 16.020006
v -12.440000 19.210003 16.020006
v -12.440000 19.210003 16.020006
v -12.440000 19.210003 16.020006
v -12.440000 20.520004 16.020006
v -12.440000 20.520004 16.020006
v -12.440000 20.520004 16.020006
v -12.440000 20.520004 16.020006
v -13.210000 19.260006 15.920006
v -13.210000 19.260006 15.920006
v -13.210000 19.120007 15.920006
v -13.210000 19.120007 15.920006
v -13.200000 19.120007 16.020006
v -13.200000 19.120007 16.020006
v -13.200000 19.260006 16.020006
v -13.200000 19.260006 16.020006
v -12.440000 20.750004 16.000006
v -12.440000 20.750004 16.000006
v -13.100000 20.290007 15.950006
v -13.100000 20.290007 15.950006
v -13.090000 20.290007 16.050005
v -13.090000 20.290007 16.050005
v -13.090000 20.290007 16.050005
v -13.090000 20.290007 16.050005
v -12.430000 20.750004 16.100006
v -12.430000 20.750004 16.100006
v -12.430000 20.750004 16.100006
v -12.430000 20.750004 16.100006
v -11.690000 19.120005 15.790006
v -11.690000 19.120005 15.790006
v -11.690000 19.260004 15.790006
v -11.690000 19.260004 15.790006
v -11.680000 19.260004 15.890006
v -11.680000 19.260004 15.890006
v -11.680000 19.120005 15.890006
v -11.680000 19.120005 15.890006
v -12.440000 19.070004 16.000006
v -12.440000 19.070004 16.000006
v -11.800000 19.120005 15.840006
v -11.800000 19.120005 15.840006
v -11.790000 19.120005 15.940005
v -11.790000 19.120005 15.940005
v -12.430000 19.070004 16.100006
v -12.430000 19.070004 16.100006
v -13.080000 19.120007 16.160006
v -13.080000 19.120007 16.160006
v -13.080000 19.120007 16.160006
v -13.080000 19.120007 16.160006
v -13.080000 19.120007 16.160006
v -12.850000 19.230005 16.200006
v -12.850000 19.230005 16.200006
v -12.850000 19.230005 16.200006
v -12.850000 19.230005 16.200006
v -13.080000 19.260006 16.160006
v -13.080000 19.260006 16.160006
v -13.080000 19.260006 16.160006
v -13.080000 19.260006 16.160006
v -12.860000 20.210005 16.090006
v -12.860000 20.210005 16.090006
v -12.860000 20.210005 16.090006
v -12.860000 20.210005 16.090006
v -12.430000 20.520004 16.100006
v -12.430000 20.520004 16.100006
v -12.430000 20.520004 16.100006
v -12.430000 20.520004 16.100006
v -11.780000 19.260004 16.040007
v -11.780000 19.260004 16.040007
v -11.780000 19.260004 16.040007
v -11.780000 19.260004 16.040007
v -12.000000 19.240004 16.120007
v -12.000000 19.240004 16.120007
v -12.000000 19.240004 16.120007
v -11.780000 19.120005 16.040007
v -11.780000 19.120005 16.040007
v -11.780000 19.120005 16.040007
v -11.780000 19.120005 16.040007
v -11.780000 19.120005 16.040007
v -12.420000 19.070004 16.200006
v -12.420000 19.070004 16.200006
v -12.420000 19.070004 16.200006
v -12.420000 19.070004 16.200006
v -12.420000 19.210003 16.200006
v -12.420000 19.210003 16.200006
v -12.420000 19.210003 16.200006
v -12.420000 19.210003 16.200006
v -12.010000 20.210003 15.940005
v -12.010000 20.210003 15.940005
v -12.010000 20.210003 15.940005
v -12.010000 19.240004 15.940005
v -12.010000 19.240004 15.940005
v -12.010000 19.240004 15.940005
v -11.800000 20.290005 15.840006
v -11.800000 20.290005 15.840006
v -11.790000 20.290005 15.940005
v -11.790000 20.290005 15.940005
v -11.790000 20.290005 15.940005
v -11.790000 20.290005 15.940005
v -13.100000 19.120007 15.950006
v -13.100000 19.120007 15.950006
v -13.090000 19.120007 16.050005
v -13.090000 19.120007 16.050005
v -12.010000 20.210003 16.010006
v -12.010000 20.210003 16.010006
v -12.010000 20.210003 16.010006
v -12.010000 20.210003 16.010006
v -12.860000 19.230005 16.090006
v -12.860000 19.230005 16.090006
v -12.860000 19.230005 16.090006
v -12.860000 19.230005 16.090006
v -12.010000 19.240004 16.010006
v -12.010000 19.240004 16.010006
v -12.010000 19.240004 16.010006
v -12.430000 19.210003 16.100006
v -12.430000 19.210003 16.100006
v -11.790000 19.260004 15.940005
v -11.790000 19.260004 15.940005
v -11.790000 19.260004 15.940005
v -11.790000 19.260004 15.940005
v -11.800000 19.260004 15.840006
v -11.800000 19.260004 15.840006
v -13.100000 19.260006 15.950006
v -13.100000 19.260006 15.950006
v -13.090000 19.260006 16.050005
v -13.090000 19.260006 16.050005
v -13.090000 19.260006 16.050005
v -13.090000 19.260006 16.050005
v -13.190000 19.120007 16.130005
v -13.190000 19.120007 16.130005
v -13.190000 19.120007 16.130005
v -13.190000 19.260006 16.130005
v -13.190000 19.260006 16.130005
v -13.190000 19.260006 16.130005
v -11.670000 19.260004 16.000006
v -11.670000 19.260004 16.000006
v -11.670000 19.260004 16.000006
v -11.670000 19.120005 16.000006
v -11.670000 19.120005 16.000006
v -11.670000 19.120005 16.000006
v -9.239999 23.340004 12.520006
v -9.239999 23.340004 12.520006
v -8.559999 24.920006 12.990005
v -8.559999 24.920006 12.990005
v -8.559999 24.920006 12.990005
v -8.559999 24.920006 12.990005
v -9.099999 24.920006 13.760006
v -9.099999 24.920006 13.760006
v -9.099999 24.920006 13.760006
v -9.779999 23.340004 13.290006
v -9.779999 23.340004 13.290006
v -9.529999 28.410006 12.290007
v -8.629999 28.410006 12.920007
v -8.629999 28.410006 12.920007
v -9.179999 28.410006 13.700006
v -9.179999 28.410006 13.700006
v -9.179999 28.410006 13.700006
v -10.080000 28.410006 13.070006
v -12.870000 27.210007 14.810007
v -12.870000 27.210007 14.810007
v -12.870000 27.210007 14.810007
v -12.870000 26.240007 14.810007
v -12.870000 26.240007 14.810007
v -12.870000 26.240007 14.810007
v -12.440000 26.210005 14.820006
v -12.440000 26.210005 14.820006
v -12.440000 26.210005 14.820006
v -12.440000 26.210005 14.820006
v -12.440000 27.520006 14.820006
v -12.440000 27.520006 14.820006
v -12.440000 27.520006 14.820006
v -12.440000 27.520006 14.820006
v -13.210000 26.260008 14.720007
v -13.210000 26.260008 14.720007
v -13.210000 26.120008 14.720007
v -13.210000 26.120008 14.720007
v -13.200000 26.120008 14.820006
v -13.200000 26.120008 14.820006
v -13.200000 26.260008 14.820006
v -13.200000 26.260008 14.820006
v -12.440000 27.750006 14.800007
v -12.440000 27.750006 14.800007
v -13.100000 27.300007 14.750007
v -13.100000 27.300007 14.750007
v -13.090000 27.300007 14.850007
v -13.090000 27.300007 14.850007
v -13.090000 27.300007 14.850007
v -13.090000 27.300007 14.850007
v -12.430000 27.750006 14.890007
v -12.430000 27.750006 14.890007
v -12.430000 27.750006 14.890007
v -12.430000 27.750006 14.890007
v -11.690000 26.120007 14.590007
v -11.690000 26.120007 14.590007
v -11.690000 26.260006 14.590007
v -11.690000 26.260006 14.590007
v -11.680000 26.260006 14.690006
v -11.680000 26.260006 14.690006
v -11.680000 26.120007 14.690006
v -11.680000 26.120007 14.690006
v -12.440000 26.070005 14.800007
v -12.440000 26.070005 14.800007
v -11.800000 26.120007 14.640007
v -11.800000 26.120007 14.640007
v -11.790000 26.120007 14.730006
v -11.790000 26.120007 14.730006
v -12.430000 26.070005 14.890007
v -12.430000 26.070005 14.890007
v -13.080000 26.120008 14.960007
v -13.080000 26.120008 14.960007
v -13.080000 26.120008 14.960007
v -13.080000 26.120008 14.960007
v -13.080000 26.120008 14.960007
v -12.850000 26.240007 14.990006
v -12.850000 26.240007 14.990006
v -12.850000 26.240007 14.990006
v -12.850000 26.240007 14.990006
v -13.080000 26.260008 14.960007
v -13.080000 26.260008 14.960007
v -13.080000 26.260008 14.960007
v -13.080000 26.260008 14.960007
v -12.860000 27.210007 14.890007
v -12.860000 27.210007 14.890007
v -12.860000 27.210007 14.890007
v -12.860000 27.210007 14.890007
v -12.430000 27.520006 14.890007
v -12.430000 27.520006 14.890007
v -12.430000 27.520006 14.890007
v -12.430000 27.520006 14.890007
v -11.780000 26.260006 14.840007
v -11.780000 26.260006 14.840007
v -11.780000 26.260006 14.840007
v -11.780000 26.260006 14.840007
v -12.000000 26.250006 14.920007
v -12.000000 26.250006 14.920007
v -12.000000 26.250006 14.920007
v -11.780000 26.120007 14.840007
v -11.780000 26.120007 14.840007
v -11.780000 26.120007 14.840007
v -11.780000 26.120007 14.840007
v -11.780000 26.120007 14.840007
v -12.420000 26.070005 15.000007
v -12.420000 26.070005 15.000007
v -12.420000 26.070005 15.000007
v -12.420000 26.070005 15.000007
v -12.420000 26.210005 15.000007
v -12.420000 26.210005 15.000007
v -12.420000 26.210005 15.000007
v -12.420000 26.210005 15.000007
v -12.010000 27.210005 14.740006
v -12.010000 27.210005 14.740006
v -12.010000 27.210005 14.740006
v -12.010000 26.250006 14.740006
v -12.010000 26.250006 14.740006
v -12.010000 26.250006 14.740006
v -11.800000 27.300005 14.640007
v -11.800000 27.300005 14.640007
v -11.800000 27.300005 14.640007
v -11.790000 27.300005 14.730006
v -11.790000 27.300005 14.730006
v -11.790000 27.300005 14.730006
v -11.790000 27.300005 14.730006
v -13.100000 26.120008 14.750007
v -13.100000 26.120008 14.750007
v -13.090000 26.120008 14.850007
v -13.090000 26.120008 14.850007
v -12.010000 27.210005 14.810007
v -12.010000 27.210005 14.810007
v -12.010000 27.210005 14.810007
v -12.010000 27.210005 14.810007
v -12.860000 26.240007 14.890007
v -12.860000 26.240007 14.890007
v -12.860000 26.240007 14.890007
v -12.860000 26.240007 14.890007
v -12.010000 26.250006 14.810007
v -12.010000 26.250006 14.810007
v -12.010000 26.250006 14.810007
v -12.430000 26.210005 14.890007
v -12.430000 26.210005 14.890007
v -11.790000 26.260006 14.730006
v -11.790000 26.260006 14.730006
v -11.790000 26.260006 14.730006
v -11.790000 26.260006 14.730006
v -11.800000 26.260006 14.640007
v -11.800000 26.260006 14.640007
v -13.100000 26.260008 14.750007
v -13.100000 26.260008 14.750007
v -13.090000 26.260008 14.850007
v -13.090000 26.260008 14.850007
v -13.090000 26.260008 14.850007
v -13.090000 26.260008 14.850007
v -13.190000 26.120008 14.930007
v -13.190000 26.120008 14.930007
v -13.190000 26.120008 14.930007
v -13.190000 26.260008 14.930007
v -13.190000 26.260008 14.930007
v -13.190000 26.260008 14.930007
v -11.670000 26.260006 14.790007
v -11.670000 26.260006 14.790007
v -11.670000 26.260006 14.790007
v -11.670000 26.120007 14.790007
v -11.670000 26.120007 14.790007
v -11.670000 26.120007 14.790007
v -14.410001 23.340006 14.010006
v -14.410001 23.340006 14.010006
v -14.410001 23.340006 14.010006
v -14.410001 23.340006 14.010006
v -14.880001 24.920008 14.680007
v -14.880001 24.920008 14.680007
v -14.880001 24.920008 14.680007
v -14.880001 24.920008 14.680007
v -15.650001 24.920008 14.140007
v -15.650001 24.920008 14.140007
v -15.650001 24.920008 14.140007
v -15.180001 23.340006 13.460006
v -15.180001 23.340006 13.460006
v -14.180001 28.410007 13.710007
v -14.810001 28.410007 14.610006
v -14.810001 28.410007 14.610006
v -14.810001 28.410007 14.610006
v -15.590001 28.410007 14.070006
v -15.590001 28.410007 14.070006
v -14.960001 28.410007 13.170007
v -8.429999 27.210005 10.980005
v -8.429999 27.210005 10.980005
v -8.429999 27.210005 10.980005
v -8.429999 26.240005 10.980004
v -8.429999 26.240005 10.980004
v -8.429999 26.240005 10.980004
v -8.419999 26.210005 10.550005
v -8.419999 26.210005 10.550005
v -8.419999 26.210005 10.550005
v -8.419999 26.210005 10.550005
v -8.419999 27.520006 10.550006
v -8.419999 27.520006 10.550006
v -8.419999 27.520006 10.550006
v -8.419999 27.520006 10.550006
v -8.520000 26.260006 11.320004
v -8.520000 26.260006 11.320004
v -8.520000 26.120007 11.320004
v -8.520000 26.120007 11.320004
v -8.419999 26.120007 11.310005
v -8.419999 26.120007 11.310005
v -8.419999 26.260006 11.310005
v -8.419999 26.260006 11.310005
v -8.449999 27.750006 10.550006
v -8.449999 27.750006 10.550006
v -8.489999 27.300005 11.210006
v -8.489999 27.300005 11.210006
v -8.389999 27.300005 11.200006
v -8.389999 27.300005 11.200006
v -8.389999 27.300005 11.200006
v -8.389999 27.300005 11.200006
v -8.349999 27.750006 10.540006
v -8.349999 27.750006 10.540006
v -8.349999 27.750006 10.540006
v -8.349999 27.750006 10.540006
v -8.649999 26.120007 9.800005
v -8.649999 26.120007 9.800005
v -8.649999 26.260006 9.800005
v -8.649999 26.260006 9.800005
v -8.559999 26.260006 9.790005
v -8.559999 26.260006 9.790005
v -8.559999 26.120007 9.790005
v -8.559999 26.120007 9.790005
v -8.449999 26.070005 10.550005
v -8.449999 26.070005 10.550005
v -8.609999 26.120007 9.910005
v -8.609999 26.120007 9.910005
v -8.509999 26.120007 9.900004
v -8.509999 26.120007 9.900004
v -8.349999 26.070005 10.540005
v -8.349999 26.070005 10.540005
v -8.289999 26.120007 11.190004
v -8.289999 26.120007 11.190004
v -8.289999 26.120007 11.190004
v -8.289999 26.120007 11.190004
v -8.289999 26.120007 11.190004
v -8.249999 26.240005 10.960005
v -8.249999 26.240005 10.960005
v -8.249999 26.240005 10.960005
v -8.249999 26.240005 10.960005
v -8.289999 26.260006 11.190004
v -8.289999 26.260006 11.190004
v -8.289999 26.260006 11.190004
v -8.289999 26.260006 11.190004
v -8.349999 27.210005 10.970005
v -8.349999 27.210005 10.970005
v -8.349999 27.210005 10.970005
v -8.349999 27.210005 10.970005
v -8.349999 27.520006 10.540006
v -8.349999 27.520006 10.540006
v -8.349999 27.520006 10.540006
v -8.349999 27.520006 10.540006
v -8.399999 26.260006 9.890005
v -8.399999 26.260006 9.890005
v -8.399999 26.260006 9.890005
v -8.399999 26.260006 9.890005
v -8.319999 26.250006 10.110004
v -8.319999 26.250006 10.110004
v -8.319999 26.250006 10.110004
v -8.319999 26.250006 10.110004
v -8.399999 26.120007 9.890005
v -8.399999 26.120007 9.890005
v -8.399999 26.120007 9.890005
v -8.399999 26.120007 9.890005
v -8.399999 26.120007 9.890005
v -8.239999 26.070005 10.530005
v -8.239999 26.070005 10.530005
v -8.239999 26.070005 10.530005
v -8.239999 26.070005 10.530005
v -8.239999 26.210005 10.530005
v -8.239999 26.210005 10.530005
v -8.239999 26.210005 10.530005
v -8.239999 26.210005 10.530005
v -8.499999 27.210005 10.130006
v -8.499999 27.210005 10.130006
v -8.499999 27.210005 10.130006
v -8.499999 26.250006 10.130005
v -8.499999 26.250006 10.130005
v -8.499999 26.250006 10.130005
v -8.609999 27.300005 9.910006
v -8.609999 27.300005 9.910006
v -8.509999 27.300005 9.900005
v -8.509999 27.300005 9.900005
v -8.509999 27.300005 9.900005
v -8.509999 27.300005 9.900005
v -8.489999 26.120007 11.210005
v -8.489999 26.120007 11.210005
v -8.389999 26.120007 11.200005
v -8.389999 26.120007 11.200005
v -8.429999 27.210005 10.120006
v -8.429999 27.210005 10.120006
v -8.429999 27.210005 10.120006
v -8.429999 27.210005 10.120006
v -8.349999 26.240005 10.970005
v -8.349999 26.240005 10.970005
v -8.349999 26.240005 10.970005
v -8.349999 26.240005 10.970005
v -8.429999 26.250006 10.120005
v -8.429999 26.250006 10.120005
v -8.429999 26.250006 10.120005
v -8.429999 26.250006 10.120005
v -8.349999 26.210005 10.540005
v -8.349999 26.210005 10.540005
v -8.509999 26.260006 9.900004
v -8.509999 26.260006 9.900004
v -8.509999 26.260006 9.900004
v -8.509999 26.260006 9.900004
v -8.609999 26.260006 9.910005
v -8.609999 26.260006 9.910005
v -8.489999 26.260006 11.210005
v -8.489999 26.260006 11.210005
v -8.389999 26.260006 11.200005
v -8.389999 26.260006 11.200005
v -8.389999 26.260006 11.200005
v -8.389999 26.260006 11.200005
v -8.319999 26.120007 11.300005
v -8.319999 26.120007 11.300005
v -8.319999 26.120007 11.300005
v -8.319999 26.260006 11.300005
v -8.319999 26.260006 11.300005
v -8.319999 26.260006 11.300005
v -8.449999 26.260006 9.780005
v -8.449999 26.260006 9.780005
v -8.449999 26.260006 9.780005
v -8.449999 26.120007 9.780005
v -8.449999 26.120007 9.780005
v -8.449999 26.120007 9.780005
v -13.040001 12.700004 6.810004
v -13.040001 12.700004 6.810004
v -13.040002 14.280004 5.990003
v -13.040002 14.280004 5.990003
v -13.040002 14.280004 5.990003
v -12.090002 14.280004 5.990003
v -12.090002 14.280004 5.990003
v -12.090002 14.280004 5.990003
v -12.090001 12.700004 6.810003
v -12.090001 12.700004 6.810003
v -13.040001 17.340004 6.740004
v -13.040002 17.340004 5.640004
v -13.040002 17.340004 5.640004
v -12.090002 17.340002 5.640004
v -12.090002 17.340002 5.640004
v -12.090001 17.340002 6.740004
v -8.980000 12.700005 12.200005
v -8.980000 12.700005 12.200005
v -8.980000 12.700005 12.200005
v -8.270000 14.280005 12.610004
v -8.270000 14.280005 12.610004
v -8.270000 14.280005 12.610004
v -8.270000 14.280005 12.610004
v -8.740000 14.280005 13.430005
v -8.740000 14.280005 13.430005
v -8.740000 14.280005 13.430005
v -9.460000 12.700005 13.020005
v -9.460000 12.700005 13.020005
v -8.920000 17.340004 12.240005
v -7.969999 17.340004 12.790005
v -7.969999 17.340004 12.790005
v -8.440000 17.340004 13.610004
v -8.440000 17.340004 13.610004
v -9.390000 17.340004 13.060005
v -12.090001 12.700005 14.540005
v -12.090001 12.700005 14.540005
v -12.090001 14.280005 15.360004
v -12.090001 14.280005 15.360004
v -12.090001 14.280005 15.360004
v -13.040001 14.280005 15.360004
v -13.040001 14.280005 15.360004
v -13.040001 14.280005 15.360004
v -13.040001 12.700005 14.540005
v -13.040001 12.700005 14.540005
v -12.090001 17.340004 14.620005
v -12.090001 17.340004 15.710005
v -12.090001 17.340004 15.710005
v -13.040001 17.340006 15.710005
v -13.040001 17.340006 15.710005
v -13.040001 17.340006 14.620005
v -10.730000 23.340004 7.350005
v -10.730000 23.340004 7.350005
v -10.730000 23.340004 7.350005
v -10.250000 24.920004 6.670005
v -10.250000 24.920004 6.670005
v -10.250000 24.920004 6.670005
v -9.479999 24.920006 7.220005
v -9.479999 24.920006 7.220005
v -9.479999 24.920006 7.220005
v -9.949999 23.340004 7.890005
v -9.949999 23.340004 7.890005
v -10.950000 28.410006 7.650006
v -10.320000 28.410004 6.740005
v -10.320000 28.410004 6.740005
v -10.320000 28.410004 6.740005
v -9.549999 28.410006 7.290006
v -9.549999 28.410006 7.290006
v -10.180000 28.410006 8.190005
v -9.460000 12.700004 8.340004
v -9.460000 12.700004 8.340004
v -9.460000 12.700004 8.340004
v -8.740000 14.280004 7.920003
v -8.740000 14.280004 7.920003
v -8.740000 14.280004 7.920003
v -8.740000 14.280004 7.920003
v -8.270000 14.280004 8.740004
v -8.270000 14.280004 8.740004
v -8.270000 14.280004 8.740004
v -8.270000 14.280004 8.740004
v -8.980000 12.700004 9.150003
v -8.980000 12.700004 9.150003
v -9.390000 17.340004 8.300004
v -8.440000 17.340004 7.750004
v -8.440000 17.340004 7.750004
v -7.970000 17.340004 8.570004
v -7.970000 17.340004 8.570004
v -8.920000 17.340004 9.120004
v -7.230000 20.210003 10.980003
v -7.230000 20.210003 10.980003
v -7.230000 20.210003 10.980003
v -7.230000 19.230003 10.980003
v -7.230000 19.230003 10.980003
v -7.230000 19.230003 10.980003
v -7.219999 19.210003 10.550004
v -7.219999 19.210003 10.550004
v -7.219999 19.210003 10.550004
v -7.219999 19.210003 10.550004
v -7.219999 20.520004 10.550004
v -7.219999 20.520004 10.550004
v -7.219999 20.520004 10.550004
v -7.219999 20.520004 10.550004
v -7.320000 19.260004 11.320004
v -7.320000 19.260004 11.320004
v -7.320000 19.120005 11.320004
v -7.320000 19.120005 11.320004
v -7.219999 19.120005 11.310004
v -7.219999 19.120005 11.310004
v -7.219999 19.260004 11.310004
v -7.219999 19.260004 11.310004
v -7.239999 20.750004 10.550004
v -7.239999 20.750004 10.550004
v -7.289999 20.290005 11.210004
v -7.289999 20.290005 11.210004
v -7.190000 20.290005 11.200004
v -7.190000 20.290005 11.200004
v -7.190000 20.290005 11.200004
v -7.190000 20.290005 11.200004
v -7.150000 20.750004 10.540004
v -7.150000 20.750004 10.540004
v -7.150000 20.750004 10.540004
v -7.150000 20.750004 10.540004
v -7.449999 19.120005 9.800004
v -7.449999 19.120005 9.800004
v -7.449999 19.260004 9.800004
v -7.449999 19.260004 9.800004
v -7.349999 19.260004 9.790004
v -7.349999 19.260004 9.790004
v -7.349999 19.120005 9.790004
v -7.349999 19.120005 9.790004
v -7.239999 19.070004 10.550004
v -7.239999 19.070004 10.550004
v -7.409999 19.120005 9.910004
v -7.409999 19.120005 9.910004
v -7.309999 19.120005 9.900003
v -7.309999 19.120005 9.900003
v -7.150000 19.070004 10.540004
v -7.150000 19.070004 10.540004
v -7.090000 19.120005 11.190003
v -7.090000 19.120005 11.190003
v -7.090000 19.120005 11.190003
v -7.090000 19.120005 11.190003
v -7.090000 19.120005 11.190003
v -7.050000 19.230003 10.960004
v -7.050000 19.230003 10.960004
v -7.050000 19.230003 10.960004
v -7.050000 19.230003 10.960004
v -7.090000 19.260004 11.190003
v -7.090000 19.260004 11.190003
v -7.090000 19.260004 11.190003
v -7.090000 19.260004 11.190003
v -7.150000 20.210003 10.970004
v -7.150000 20.210003 10.970004
v -7.150000 20.210003 10.970004
v -7.150000 20.210003 10.970004
v -7.150000 20.520004 10.540004
v -7.150000 20.520004 10.540004
v -7.150000 20.520004 10.540004
v -7.150000 20.520004 10.540004
v -7.199999 19.260004 9.890004
v -7.199999 19.260004 9.890004
v -7.199999 19.260004 9.890004
v -7.199999 19.260004 9.890004
v -7.119999 19.240004 10.110003
v -7.119999 19.240004 10.110003
v -7.119999 19.240004 10.110003
v -7.119999 19.240004 10.110003
v -7.199999 19.120005 9.890004
v -7.199999 19.120005 9.890004
v -7.199999 19.120005 9.890004
v -7.199999 19.120005 9.890004
v -7.199999 19.120005 9.890004
v -7.039999 19.070004 10.530004
v -7.039999 19.070004 10.530004
v -7.039999 19.070004 10.530004
v -7.039999 19.070004 10.530004
v -7.039999 19.210003 10.530004
v -7.039999 19.210003 10.530004
v -7.039999 19.210003 10.530004
v -7.039999 19.210003 10.530004
v -7.300000 20.210003 10.130004
v -7.300000 20.210003 10.130004
v -7.300000 20.210003 10.130004
v -7.300000 19.240004 10.130004
v -7.300000 19.240004 10.130004
v -7.300000 19.240004 10.130004
v -7.409999 20.290005 9.910004
v -7.409999 20.290005 9.910004
v -7.309999 20.290005 9.900003
v -7.309999 20.290005 9.900003
v -7.309999 20.290005 9.900003
v -7.309999 20.290005 9.900003
v -7.289999 19.120005 11.210004
v -7.289999 19.120005 11.210004
v -7.190000 19.120005 11.200004
v -7.190000 19.120005 11.200004
v -7.230000 20.210003 10.120004
v -7.230000 20.210003 10.120004
v -7.230000 20.210003 10.120004
v -7.230000 20.210003 10.120004
v -7.150000 19.230003 10.970004
v -7.150000 19.230003 10.970004
v -7.150000 19.230003 10.970004
v -7.150000 19.230003 10.970004
v -7.230000 19.240004 10.120004
v -7.230000 19.240004 10.120004
v -7.230000 19.240004 10.120004
v -7.230000 19.240004 10.120004
v -7.150000 19.210003 10.540004
v -7.150000 19.210003 10.540004
v -7.309999 19.260004 9.900003
v -7.309999 19.260004 9.900003
v -7.309999 19.260004 9.900003
v -7.309999 19.260004 9.900003
v -7.409999 19.260004 9.910004
v -7.409999 19.260004 9.910004
v -7.289999 19.260004 11.210004
v -7.289999 19.260004 11.210004
v -7.190000 19.260004 11.200004
v -7.190000 19.260004 11.200004
v -7.190000 19.260004 11.200004
v -7.190000 19.260004 11.200004
v -7.110000 19.120005 11.300004
v -7.110000 19.120005 11.300004
v -7.110000 19.120005 11.300004
v -7.110000 19.260004 11.300004
v -7.110000 19.260004 11.300004
v -7.110000 19.260004 11.300004
v -7.250000 19.260004 9.780004
v -7.250000 19.260004 9.780004
v -7.250000 19.260004 9.780004
v -7.250000 19.120005 9.780004
v -7.250000 19.120005 9.780004
v -7.250000 19.120005 9.780004
v -12.260000 27.210003 6.540006
v -12.260000 27.210003 6.540006
v -12.260000 27.210003 6.540006
v -12.260000 26.240004 6.540005
v -12.260000 26.240004 6.540005
v -12.260000 26.240004 6.540005
v -12.690000 26.210005 6.530005
v -12.690000 26.210005 6.530005
v -12.690000 26.210005 6.530005
v -12.690000 26.210005 6.530005
v -12.690000 27.520006 6.530006
v -12.690000 27.520006 6.530006
v -12.690000 27.520006 6.530006
v -12.690000 27.520006 6.530006
v -11.920000 26.260004 6.630005
v -11.920000 26.260004 6.630005
v -11.920000 26.120005 6.630005
v -11.920000 26.120005 6.630005
v -11.930000 26.120005 6.530005
v -11.930000 26.120005 6.530005
v -11.930000 26.260004 6.530005
v -11.930000 26.260004 6.530005
v -12.690000 27.750006 6.560006
v -12.690000 27.750006 6.560006
v -12.030000 27.300003 6.600006
v -12.030000 27.300003 6.600006
v -12.040000 27.300003 6.510006
v -12.040000 27.300003 6.510006
v -12.040000 27.300003 6.510006
v -12.040000 27.300003 6.510006
v -12.700000 27.750006 6.460006
v -12.700000 27.750006 6.460006
v -12.700000 27.750006 6.460006
v -12.700000 27.750006 6.460006
v -13.440000 26.120007 6.760005
v -13.440000 26.120007 6.760005
v -13.440000 26.260006 6.760006
v -13.440000 26.260006 6.760006
v -13.450000 26.260006 6.670006
v -13.450000 26.260006 6.670006
v -13.450000 26.120007 6.670005
v -13.450000 26.120007 6.670005
v -12.690000 26.070005 6.560005
v -12.690000 26.070005 6.560005
v -13.340000 26.120007 6.720005
v -13.340000 26.120007 6.720005
v -13.340000 26.120007 6.620005
v -13.340000 26.120007 6.620005
v -12.700000 26.070005 6.460005
v -12.700000 26.070005 6.460005
v -12.050000 26.120005 6.400005
v -12.050000 26.120005 6.400005
v -12.050000 26.120005 6.400005
v -12.050000 26.120005 6.400005
v -12.050000 26.120005 6.400005
v -12.280000 26.240004 6.360005
v -12.280000 26.240004 6.360005
v -12.280000 26.240004 6.360005
v -12.280000 26.240004 6.360005
v -12.050000 26.260004 6.400005
v -12.050000 26.260004 6.400005
v -12.050000 26.260004 6.400005
v -12.050000 26.260004 6.400005
v -12.270000 27.210003 6.470006
v -12.270000 27.210003 6.470006
v -12.270000 27.210003 6.470006
v -12.270000 27.210003 6.470006
v -12.700000 27.520006 6.460006
v -12.700000 27.520006 6.460006
v -12.700000 27.520006 6.460006
v -12.700000 27.520006 6.460006
v -13.350000 26.260006 6.510006
v -13.350000 26.260006 6.510006
v -13.350000 26.260006 6.510006
v -13.350000 26.260006 6.510006
v -13.130000 26.250006 6.430005
v -13.130000 26.250006 6.430005
v -13.130000 26.250006 6.430005
v -13.350000 26.120007 6.510005
v -13.350000 26.120007 6.510005
v -13.350000 26.120007 6.510005
v -13.350000 26.120007 6.510005
v -13.350000 26.120007 6.510005
v -12.710000 26.070005 6.350005
v -12.710000 26.070005 6.350005
v -12.710000 26.070005 6.350005
v -12.710000 26.070005 6.350005
v -12.710000 26.210005 6.350005
v -12.710000 26.210005 6.350005
v -12.710000 26.210005 6.350005
v -12.710000 26.210005 6.350005
v -13.120000 27.210005 6.610006
v -13.120000 27.210005 6.610006
v -13.120000 27.210005 6.610006
v -13.120000 26.250006 6.610005
v -13.120000 26.250006 6.610005
v -13.120000 26.250006 6.610005
v -13.340000 27.300005 6.720006
v -13.340000 27.300005 6.720006
v -13.340000 27.300005 6.620006
v -13.340000 27.300005 6.620006
v -13.340000 27.300005 6.620006
v -13.340000 27.300005 6.620006
v -12.030000 26.120005 6.600005
v -12.030000 26.120005 6.600005
v -12.040000 26.120005 6.510005
v -12.040000 26.120005 6.510005
v -13.120000 27.210005 6.540006
v -13.120000 27.210005 6.540006
v -13.120000 27.210005 6.540006
v -13.120000 27.210005 6.540006
v -12.270000 26.240004 6.470005
v -12.270000 26.240004 6.470005
v -12.270000 26.240004 6.470005
v -12.270000 26.240004 6.470005
v -13.120000 26.250006 6.540005
v -13.120000 26.250006 6.540005
v -13.120000 26.250006 6.540005
v -12.700000 26.210005 6.460005
v -12.700000 26.210005 6.460005
v -13.340000 26.260006 6.620006
v -13.340000 26.260006 6.620006
v -13.340000 26.260006 6.620006
v -13.340000 26.260006 6.620006
v -13.340000 26.260006 6.720006
v -13.340000 26.260006 6.720006
v -12.030000 26.260004 6.600005
v -12.030000 26.260004 6.600005
v -12.040000 26.260004 6.510005
v -12.040000 26.260004 6.510005
v -12.040000 26.260004 6.510005
v -12.040000 26.260004 6.510005
v -11.940000 26.120005 6.430005
v -11.940000 26.120005 6.430005
v -11.940000 26.120005 6.430005
v -11.940000 26.260004 6.430005
v -11.940000 26.260004 6.430005
v -11.940000 26.260004 6.430005
v -13.460000 26.260006 6.560006
v -13.460000 26.260006 6.560006
v -13.460000 26.260006 6.560006
v -13.460000 26.120007 6.560005
v -13.460000 26.120007 6.560005
v -13.460000 26.120007 6.560005
v -16.150002 12.700004 9.150003
v -16.150002 12.700004 9.150003
v -16.150002 12.700004 9.150003
v -16.860003 14.280004 8.740004
v -16.860003 14.280004 8.740004
v -16.860003 14.280004 8.740004
v -16.390001 14.280004 7.920004
v -16.390001 14.280004 7.920004
v -16.390001 14.280004 7.920004
v -15.670002 12.700004 8.340004
v -15.670002 12.700004 8.340004
v -16.210001 17.340006 9.120005
v -17.170002 17.340006 8.570004
v -17.170002 17.340006 8.570004
v -16.690002 17.340006 7.750005
v -16.690002 17.340006 7.750005
v -15.740002 17.340006 8.300005
v -12.260001 20.210001 5.340004
v -12.260001 20.210001 5.340004
v -12.260001 20.210001 5.340004
v -12.260001 19.230001 5.340004
v -12.260001 19.230001 5.340004
v -12.260001 19.230001 5.340004
v -12.690001 19.210003 5.330004
v -12.690001 19.210003 5.330004
v -12.690001 19.210003 5.330004
v -12.690001 19.210003 5.330004
v -12.690001 20.520004 5.330004
v -12.690001 20.520004 5.330004
v -12.690001 20.520004 5.330004
v -12.690001 20.520004 5.330004
v -11.920001 19.260002 5.430004
v -11.920001 19.260002 5.430004
v -11.920001 19.120003 5.430004
v -11.920001 19.120003 5.430004
v -11.930001 19.120003 5.330004
v -11.930001 19.120003 5.330004
v -11.930001 19.260002 5.330004
v -11.930001 19.260002 5.330004
v -12.690001 20.750004 5.360004
v -12.690001 20.750004 5.360004
v -12.030001 20.290003 5.400004
v -12.030001 20.290003 5.400004
v -12.040001 20.290003 5.300004
v -12.040001 20.290003 5.300004
v -12.040001 20.290003 5.300004
v -12.040001 20.290003 5.300004
v -12.700001 20.750004 5.260005
v -12.700001 20.750004 5.260005
v -12.700001 20.750004 5.260005
v -12.700001 20.750004 5.260005
v -13.440001 19.120005 5.560004
v -13.440001 19.120005 5.560004
v -13.440001 19.260004 5.560004
v -13.440001 19.260004 5.560004
v -13.450001 19.260004 5.470004
v -13.450001 19.260004 5.470004
v -13.450001 19.120005 5.470004
v -13.450001 19.120005 5.470004
v -12.690001 19.070004 5.360004
v -12.690001 19.070004 5.360004
v -13.340001 19.120005 5.520004
v -13.340001 19.120005 5.520004
v -13.340001 19.120005 5.420004
v -13.340001 19.120005 5.420004
v -12.700001 19.070004 5.260004
v -12.700001 19.070004 5.260004
v -12.050001 19.120003 5.200004
v -12.050001 19.120003 5.200004
v -12.050001 19.120003 5.200004
v -12.050001 19.120003 5.200004
v -12.050001 19.120003 5.200004
v -12.280001 19.230001 5.160004
v -12.280001 19.230001 5.160004
v -12.280001 19.230001 5.160004
v -12.280001 19.230001 5.160004
v -12.050001 19.260002 5.200004
v -12.050001 19.260002 5.200004
v -12.050001 19.260002 5.200004
v -12.050001 19.260002 5.200004
v -12.270001 20.210001 5.260005
v -12.270001 20.210001 5.260005
v -12.270001 20.210001 5.260005
v -12.270001 20.210001 5.260005
v -12.700001 20.520004 5.260005
v -12.700001 20.520004 5.260005
v -12.700001 20.520004 5.260005
v -12.700001 20.520004 5.260005
v -13.350001 19.260004 5.310004
v -13.350001 19.260004 5.310004
v -13.350001 19.260004 5.310004
v -13.350001 19.260004 5.310004
v -13.130001 19.240004 5.230004
v -13.130001 19.240004 5.230004
v -13.130001 19.240004 5.230004
v -13.350001 19.120005 5.310004
v -13.350001 19.120005 5.310004
v -13.350001 19.120005 5.310004
v -13.350001 19.120005 5.310004
v -13.350001 19.120005 5.310004
v -12.710001 19.070004 5.150004
v -12.710001 19.070004 5.150004
v -12.710001 19.070004 5.150004
v -12.710001 19.070004 5.150004
v -12.710001 19.210003 5.150004
v -12.710001 19.210003 5.150004
v -12.710001 19.210003 5.150004
v -12.710001 19.210003 5.150004
v -13.120001 20.210003 5.410004
v -13.120001 20.210003 5.410004
v -13.120001 20.210003 5.410004
v -13.120001 19.240004 5.410004
v -13.120001 19.240004 5.410004
v -13.120001 19.240004 5.410004
v -13.340001 20.290005 5.520004
v -13.340001 20.290005 5.520004
v -13.340001 20.290005 5.420004
v -13.340001 20.290005 5.420004
v -13.340001 20.290005 5.420004
v -13.340001 20.290005 5.420004
v -12.030001 19.120003 5.400004
v -12.030001 19.120003 5.400004
v -12.040001 19.120003 5.300004
v -12.040001 19.120003 5.300004
v -13.120001 20.210003 5.340004
v -13.120001 20.210003 5.340004
v -13.120001 20.210003 5.340004
v -13.120001 20.210003 5.340004
v -12.270001 19.230001 5.260004
v -12.270001 19.230001 5.260004
v -12.270001 19.230001 5.260004
v -12.270001 19.230001 5.260004
v -13.120001 19.240004 5.340004
v -13.120001 19.240004 5.340004
v -13.120001 19.240004 5.340004
v -12.700001 19.210003 5.260004
v -12.700001 19.210003 5.260004
v -13.340001 19.260004 5.420004
v -13.340001 19.260004 5.420004
v -13.340001 19.260004 5.420004
v -13.340001 19.260004 5.420004
v -13.340001 19.260004 5.520004
v -13.340001 19.260004 5.520004
v -12.030001 19.260002 5.400004
v -12.030001 19.260002 5.400004
v -12.040001 19.260002 5.300004
v -12.040001 19.260002 5.300004
v -12.040001 19.260002 5.300004
v -12.040001 19.260002 5.300004
v -11.940001 19.120003 5.230004
v -11.940001 19.120003 5.230004
v -11.940001 19.120003 5.230004
v -11.940001 19.260002 5.230004
v -11.940001 19.260002 5.230004
v -11.940001 19.260002 5.230004
v -13.460001 19.260004 5.360004
v -13.460001 19.260004 5.360004
v -13.460001 19.260004 5.360004
v -13.460001 19.120005 5.360004
v -13.460001 19.120005 5.360004
v -13.460001 19.120005 5.360004
v -15.890001 23.340006 8.840006
v -15.890001 23.340006 8.840006
v -15.890001 23.340006 8.840006
v -16.570002 24.920008 8.360005
v -16.570002 24.920008 8.360005
v -16.570002 24.920008 8.360005
v -16.570002 24.920008 8.360005
v -16.030003 24.920008 7.590006
v -16.030003 24.920008 7.590006
v -16.030003 24.920008 7.590006
v -16.030003 24.920008 7.590006
v -15.350001 23.340006 8.060006
v -15.350001 23.340006 8.060006
v -15.600001 28.410007 9.060006
v -16.500002 28.410007 8.430006
v -16.500002 28.410007 8.430006
v -16.500002 28.410007 8.430006
v -15.960001 28.410007 7.660006
v -15.960001 28.410007 7.660006
v -15.960001 28.410007 7.660006
v -15.060001 28.410007 8.290006
v -16.700003 27.210007 10.370006
v -16.700003 27.210007 10.370006
v -16.700003 27.210007 10.370006
v -16.700003 26.240007 10.370006
v -16.700003 26.240007 10.370006
v -16.700003 26.240007 10.370006
v -16.710001 26.210007 10.800006
v -16.710001 26.210007 10.800006
v -16.710001 26.210007 10.800006
v -16.710001 26.210007 10.800006
v -16.710001 27.520008 10.800006
v -16.710001 27.520008 10.800006
v -16.710001 27.520008 10.800006
v -16.710001 27.520008 10.800006
v -16.610003 26.260008 10.030005
v -16.610003 26.260008 10.030005
v -16.610003 26.120008 10.030005
v -16.610003 26.120008 10.030005
v -16.710001 26.120008 10.040006
v -16.710001 26.120008 10.040006
v -16.710001 26.260008 10.040006
v -16.710001 26.260008 10.040006
v -16.690002 27.750008 10.800006
v -16.690002 27.750008 10.800006
v -16.640001 27.300007 10.150005
v -16.640001 27.300007 10.150005
v -16.740002 27.300007 10.150005
v -16.740002 27.300007 10.150005
v -16.740002 27.300007 10.150005
v -16.740002 27.300007 10.150005
v -16.780003 27.750008 10.810006
v -16.780003 27.750008 10.810006
v -16.780003 27.750008 10.810006
v -16.780003 27.750008 10.810006
v -16.480001 26.120008 11.550006
v -16.480001 26.120008 11.550006
v -16.480001 26.260008 11.550006
v -16.480001 26.260008 11.550006
v -16.580002 26.260008 11.560006
v -16.580002 26.260008 11.560006
v -16.580002 26.120008 11.560006
v -16.580002 26.120008 11.560006
v -16.690002 26.070007 10.800006
v -16.690002 26.070007 10.800006
v -16.530003 26.120008 11.450006
v -16.530003 26.120008 11.450006
v -16.620003 26.120008 11.450006
v -16.620003 26.120008 11.450006
v -16.780003 26.070007 10.810006
v -16.780003 26.070007 10.810006
v -16.840002 26.120008 10.160006
v -16.840002 26.120008 10.160006
v -16.840002 26.120008 10.160006
v -16.840002 26.120008 10.160006
v -16.840002 26.120008 10.160006
v -16.880001 26.240007 10.390006
v -16.880001 26.240007 10.390006
v -16.880001 26.240007 10.390006
v -16.880001 26.240007 10.390006
v -16.840002 26.260008 10.160006
v -16.840002 26.260008 10.160006
v -16.840002 26.260008 10.160006
v -16.840002 26.260008 10.160006
v -16.780003 27.210007 10.380006
v -16.780003 27.210007 10.380006
v -16.780003 27.210007 10.380006
v -16.780003 27.210007 10.380006
v -16.780003 27.520008 10.810006
v -16.780003 27.520008 10.810006
v -16.780003 27.520008 10.810006
v -16.780003 27.520008 10.810006
v -16.730001 26.260008 11.460006
v -16.730001 26.260008 11.460006
v -16.730001 26.260008 11.460006
v -16.730001 26.260008 11.460006
v -16.810001 26.250008 11.240005
v -16.810001 26.250008 11.240005
v -16.810001 26.250008 11.240005
v -16.810001 26.250008 11.240005
v -16.730001 26.120008 11.460006
v -16.730001 26.120008 11.460006
v -16.730001 26.120008 11.460006
v -16.730001 26.120008 11.460006
v -16.730001 26.120008 11.460006
v -16.890001 26.070007 10.820005
v -16.890001 26.070007 10.820005
v -16.890001 26.070007 10.820005
v -16.890001 26.070007 10.820005
v -16.890001 26.210007 10.820005
v -16.890001 26.210007 10.820005
v -16.890001 26.210007 10.820005
v -16.890001 26.210007 10.820005
v -16.630001 27.210007 11.230005
v -16.630001 27.210007 11.230005
v -16.630001 27.210007 11.230005
v -16.630001 26.250008 11.230005
v -16.630001 26.250008 11.230005
v -16.630001 26.250008 11.230005
v -16.530003 27.300007 11.450006
v -16.530003 27.300007 11.450006
v -16.620003 27.300007 11.450006
v -16.620003 27.300007 11.450006
v -16.620003 27.300007 11.450006
v -16.620003 27.300007 11.450006
v -16.640001 26.120008 10.150005
v -16.640001 26.120008 10.150005
v -16.740002 26.120008 10.150005
v -16.740002 26.120008 10.150005
v -16.700003 27.210007 11.230005
v -16.700003 27.210007 11.230005
v -16.700003 27.210007 11.230005
v -16.700003 27.210007 11.230005
v -16.780003 26.240007 10.380006
v -16.780003 26.240007 10.380006
v -16.780003 26.240007 10.380006
v -16.780003 26.240007 10.380006
v -16.700003 26.250008 11.230005
v -16.700003 26.250008 11.230005
v -16.700003 26.250008 11.230005
v -16.700003 26.250008 11.230005
v -16.780003 26.210007 10.810006
v -16.780003 26.210007 10.810006
v -16.620003 26.260008 11.450006
v -16.620003 26.260008 11.450006
v -16.620003 26.260008 11.450006
v -16.620003 26.260008 11.450006
v -16.530003 26.260008 11.450006
v -16.530003 26.260008 11.450006
v -16.640001 26.260008 10.150005
v -16.640001 26.260008 10.150005
v -16.740002 26.260008 10.150005
v -16.740002 26.260008 10.150005
v -16.740002 26.260008 10.150005
v -16.740002 26.260008 10.150005
v -16.820002 26.120008 10.050006
v -16.820002 26.120008 10.050006
v -16.820002 26.120008 10.050006
v -16.820002 26.260008 10.050006
v -16.820002 26.260008 10.050006
v -16.820002 26.260008 10.050006
v -16.680002 26.260008 11.570005
v -16.680002 26.260008 11.570005
v -16.680002 26.260008 11.570005
v -16.680002 26.120008 11.570005
v -16.680002 26.120008 11.570005
v -16.680002 26.120008 11.570005
v -15.670002 12.700005 13.020005
v -15.670002 12.700005 13.020005
v -15.670002 12.700005 13.020005
v -16.389999 14.280005 13.430005
v -16.389999 14.280005 13.430005
v -16.389999 14.280005 13.430005
v -16.389999 14.280005 13.430005
v -16.860003 14.280005 12.610004
v -16.860003 14.280005 12.610004
v -16.860003 14.280005 12.610004
v -16.860003 14.280005 12.610004
v -16.150002 12.700005 12.200005
v -16.150002 12.700005 12.200005
v -15.740002 17.340006 13.060006
v -16.690001 17.340006 13.610005
v -16.690001 17.340006 13.610005
v -17.170000 17.340006 12.790006
v -17.170000 17.340006 12.790006
v -17.170000 17.340006 12.790006
v -16.210001 17.340006 12.240005
v -16.830000 28.500008 13.140007
v -16.830000 28.500008 13.140007
v -16.830000 30.290009 13.140008
v -16.830000 30.290009 13.140008
v -16.830000 30.290009 13.140008
v -16.830000 30.290009 13.140008
v -17.490002 30.290009 10.680007
v -17.490002 30.290009 10.680007
v -17.490002 30.290009 10.680007
v -17.490002 30.290009 10.680007
v -17.490002 28.500008 10.680006
v -17.490002 28.500008 10.680006
v -15.030001 28.500008 14.940006
v -15.030001 28.500008 14.940006
v -15.030001 30.290009 14.940006
v -15.030001 30.290009 14.940006
v -15.030001 30.290009 14.940006
v -15.030001 30.290009 14.940006
v -12.570000 28.500006 15.600007
v -12.570000 28.500006 15.600007
v -12.570000 30.290007 15.600007
v -12.570000 30.290007 15.600007
v -12.570000 30.290007 15.600007
v -12.570000 30.290007 15.600007
v -10.100000 28.500006 14.940006
v -10.100000 28.500006 14.940006
v -10.100000 30.290007 14.940006
v -10.100000 30.290007 14.940006
v -10.100000 30.290007 14.940006
v -10.100000 30.290007 14.940006
v -8.299999 28.500006 13.140007
v -8.299999 28.500006 13.140007
v -8.299999 30.290007 13.140007
v -8.299999 30.290007 13.140007
v -8.299999 30.290007 13.140007
v -8.299999 30.290007 13.140007
v -7.639998 28.500006 10.680006
v -7.639998 28.500006 10.680006
v -7.639998 30.290007 10.680006
v -7.639998 30.290007 10.680006
v -7.639998 30.290007 10.680006
v -7.639998 30.290007 10.680006
v -8.299999 28.500006 8.210006
v -8.299999 28.500006 8.210006
v -8.299999 30.290007 8.210006
v -8.299999 30.290007 8.210006
v -8.299999 30.290007 8.210006
v -8.299999 30.290007 8.210006
v -10.100000 28.500004 6.410006
v -10.100000 28.500004 6.410006
v -10.100000 30.290005 6.410006
v -10.100000 30.290005 6.410006
v -10.100000 30.290005 6.410006
v -10.100000 30.290005 6.410006
v -12.570001 28.500004 5.750005
v -12.570001 28.500004 5.750005
v -12.570001 30.290005 5.750006
v -12.570001 30.290005 5.750006
v -12.570001 30.290005 5.750006
v -12.570001 30.290005 5.750006
v -15.030001 28.500006 6.410006
v -15.030001 28.500006 6.410006
v -15.030001 30.290007 6.410006
v -15.030001 30.290007 6.410006
v -15.030001 30.290007 6.410006
v -15.030001 30.290007 6.410006
v -16.830002 28.500008 8.210006
v -16.830002 28.500008 8.210006
v -16.830002 30.290009 8.210007
v -16.830002 30.290009 8.210007
v -16.830002 30.290009 8.210007
v -16.830002 30.290009 8.210007
v -16.209999 30.290009 12.780007
v -16.209999 30.290009 12.780007
v -16.209999 30.290009 12.780007
v -16.209999 30.290009 12.780007
v -16.780003 30.290009 10.680007
v -16.780003 30.290009 10.680007
v -16.780003 30.290009 10.680007
v -16.780003 30.290009 10.680007
v -15.030001 30.900007 14.940007
v -15.030001 30.900007 14.940007
v -15.030001 30.900007 14.940007
v -14.670001 30.900007 14.320007
v -14.670001 30.900007 14.320007
v -14.670001 30.900007 14.320007
v -16.209999 30.900007 12.780007
v -16.209999 30.900007 12.780007
v -16.209999 30.900007 12.780007
v -16.830000 30.900007 13.140008
v -16.830000 30.900007 13.140008
v -16.830000 30.900007 13.140008
v -12.570000 30.290007 14.890007
v -12.570000 30.290007 14.890007
v -12.570000 30.290007 14.890007
v -12.570000 30.290007 14.890007
v -14.670001 30.290009 14.320006
v -14.670001 30.290009 14.320006
v -14.670001 30.290009 14.320006
v -14.670001 30.290009 14.320006
v -10.100000 30.900005 14.940006
v -10.100000 30.900005 14.940006
v -10.100000 30.900005 14.940006
v -10.460000 30.900005 14.320006
v -10.460000 30.900005 14.320006
v -10.460000 30.900005 14.320006
v -12.570000 30.900005 14.890007
v -12.570000 30.900005 14.890007
v -12.570000 30.900005 14.890007
v -12.570000 30.900005 15.600007
v -12.570000 30.900005 15.600007
v -12.570000 30.900005 15.600007
v -8.919999 30.290007 12.780006
v -8.919999 30.290007 12.780006
v -8.919999 30.290007 12.780006
v -8.919999 30.290007 12.780006
v -10.460000 30.290007 14.320006
v -10.460000 30.290007 14.320006
v -10.460000 30.290007 14.320006
v -10.460000 30.290007 14.320006
v -7.639998 30.900005 10.680006
v -7.639998 30.900005 10.680006
v -7.639998 30.900005 10.680006
v -8.359999 30.900005 10.680006
v -8.359999 30.900005 10.680006
v -8.359999 30.900005 10.680006
v -8.919999 30.900005 12.780006
v -8.919999 30.900005 12.780006
v -8.919999 30.900005 12.780006
v -8.299999 30.900005 13.140007
v -8.299999 30.900005 13.140007
v -8.299999 30.900005 13.140007
v -8.919999 30.290007 8.570005
v -8.919999 30.290007 8.570005
v -8.919999 30.290007 8.570005
v -8.919999 30.290007 8.570005
v -8.359999 30.290007 10.680006
v -8.359999 30.290007 10.680006
v -8.359999 30.290007 10.680006
v -8.359999 30.290007 10.680006
v -10.100000 30.900003 6.410006
v -10.100000 30.900003 6.410006
v -10.100000 30.900003 6.410006
v -10.460000 30.900003 7.030006
v -10.460000 30.900003 7.030006
v -10.460000 30.900003 7.030006
v -8.919999 30.900005 8.570005
v -8.919999 30.900005 8.570005
v -8.919999 30.900005 8.570005
v -8.299999 30.900005 8.210006
v -8.299999 30.900005 8.210006
v -8.299999 30.900005 8.210006
v -12.570000 30.290005 6.470006
v -12.570000 30.290005 6.470006
v -12.570000 30.290005 6.470006
v -12.570000 30.290005 6.470006
v -10.460000 30.290005 7.030006
v -10.460000 30.290005 7.030006
v -10.460000 30.290005 7.030006
v -10.460000 30.290005 7.030006
v -15.030001 30.900005 6.410006
v -15.030001 30.900005 6.410006
v -15.030001 30.900005 6.410006
v -14.670001 30.900005 7.030006
v -14.670001 30.900005 7.030006
v -14.670001 30.900005 7.030006
v -12.570000 30.900003 6.470006
v -12.570000 30.900003 6.470006
v -12.570000 30.900003 6.470006
v -12.570001 30.900003 5.750006
v -12.570001 30.900003 5.750006
v -12.570001 30.900003 5.750006
v -16.210001 30.290009 8.570006
v -16.210001 30.290009 8.570006
v -16.210001 30.290009 8.570006
v -16.210001 30.290009 8.570006
v -14.670001 30.290007 7.030006
v -14.670001 30.290007 7.030006
v -14.670001 30.290007 7.030006
v -14.670001 30.290007 7.030006
v -17.490002 30.900007 10.680007
v -17.490002 30.900007 10.680007
v -17.490002 30.900007 10.680007
v -16.780003 30.900007 10.680007
v -16.780003 30.900007 10.680007
v -16.780003 30.900007 10.680007
v -16.210001 30.900007 8.570006
v -16.210001 30.900007 8.570006
v -16.210001 30.900007 8.570006
v -16.830002 30.900007 8.210007
v -16.830002 30.900007 8.210007
v -16.830002 30.900007 8.210007
v -16.209999 29.420008 12.780006
v -16.209999 29.420008 12.780006
v -16.209999 29.420008 12.780006
v -16.780003 29.420008 10.680006
v -16.780003 29.420008 10.680006
v -16.780003 29.420008 10.680006
v -14.670001 29.420008 14.320006
v -14.670001 29.420008 14.320006
v -14.670001 29.420008 14.320006
v -12.570000 29.420006 14.890007
v -12.570000 29.420006 14.890007
v -12.570000 29.420006 14.890007
v -10.460000 29.420006 14.320006
v -10.460000 29.420006 14.320006
v -10.460000 29.420006 14.320006
v -8.919999 29.420006 12.780006
v -8.919999 29.420006 12.780006
v -8.919999 29.420006 12.780006
v -8.359999 29.420006 10.680006
v -8.359999 29.420006 10.680006
v -8.359999 29.420006 10.680006
v -8.919999 29.420006 8.570005
v -8.919999 29.420006 8.570005
v -8.919999 29.420006 8.570005
v -10.460000 29.420004 7.030006
v -10.460000 29.420004 7.030006
v -10.460000 29.420004 7.030006
v -12.570000 29.420004 6.470006
v -12.570000 29.420004 6.470006
v -12.570000 29.420004 6.470006
v -14.670001 29.420006 7.030006
v -14.670001 29.420006 7.030006
v -14.670001 29.420006 7.030006
v -16.210001 29.420008 8.570005
v -16.210001 29.420008 8.570005
v -16.210001 29.420008 8.570005
v -12.570000 29.420006 10.680006
vn 1.0000 -0.0000 -0.0000
vn 0.4789 -0.0000 0.8779
vn 0.4788 -0.0000 0.8779
vn 0.1693 -0.0000 0.9856
vn -0.0000 -0.0000 1.0000
vn -0.1693 -0.0001 0.9856
vn -0.1693 -0.0000 0.9856
vn -0.4789 -0.0000 0.8779
vn -1.0000 -0.0000 -0.0000
vn -0.4789 -0.0000 -0.8779
vn -0.4788 -0.0000 -0.8779
vn -0.1693 -0.0000 -0.9856
vn -0.0000 -0.0000 -1.0000
vn 0.1693 -0.0000 -0.9856
vn 0.4789 -0.0000 -0.8779
vn 0.4788 -0.0000 -0.8779
vn 0.7267 -0.0000 0.6869
vn 0.2708 -0.0000 0.9626
vn 0.0798 -0.0000 0.9968
vn -0.0798 -0.0000 0.9968
vn -0.2708 -0.0000 0.9626
vn -0.7267 -0.0000 0.6869
vn -0.7267 -0.0002 0.6869
vn -0.7267 -0.0000 -0.6869
vn -0.2708 -0.0000 -0.9626
vn -0.0798 -0.0000 -0.9968
vn 0.0798 -0.0000 -0.9968
vn 0.2708 -0.0000 -0.9626
vn 0.7267 -0.0000 -0.6869
vn 0.7220 -0.0000 -0.6919
vn 0.7220 -0.0002 -0.6919
vn -0.0000 -1.0000 -0.0000
vn -0.0000 1.0000 -0.0000
vn 0.0799 -0.0000 0.9968
vn -0.0799 -0.0000 0.9968
vn -0.1694 -0.0000 0.9856
vn -0.4789 -0.0000 0.8778
vn -0.4788 -0.0000 0.8779
vn -0.4788 0.0002 -0.8779
vn -0.1693 0.0003 -0.9856
vn 0.4788 -0.0003 -0.8779
vn 0.6005 0.5604 0.5704
vn 0.6004 0.5604 0.5704
vn 0.2594 0.3293 0.9079
vn 0.2594 0.3292 0.9079
vn 0.0704 0.2514 0.9653
vn -0.0704 0.2514 0.9653
vn -0.2594 0.3293 0.9079
vn -0.2594 0.3292 0.9079
vn -0.6005 0.5604 0.5704
vn -0.6004 0.5604 0.5704
vn -0.6005 0.5604 -0.5704
vn -0.6004 0.5604 -0.5704
vn -0.2594 0.3293 -0.9079
vn -0.2594 0.3292 -0.9079
vn -0.0704 0.2514 -0.9653
vn -0.0704 0.2515 -0.9653
vn 0.0704 0.2514 -0.9653
vn 0.2594 0.3292 -0.9079
vn 0.2594 0.3293 -0.9079
vn 0.6005 0.5604 -0.5704
vn 0.6004 0.5604 -0.5704
vn 0.7267 0.0099 0.6869
vn 0.7267 0.0092 0.6869
vn 0.7267 0.0100 0.6869
vn 0.2707 0.0100 0.9626
vn 0.2708 0.0088 0.9626
vn 0.0798 0.0100 0.9968
vn 0.0798 0.0087 0.9968
vn 0.0699 0.0100 0.9975
vn -0.0798 0.0089 0.9968
vn -0.0799 0.0100 0.9968
vn -0.0798 0.0100 0.9968
vn -0.2707 0.0093 0.9626
vn -0.2707 0.0100 0.9626
vn -0.2708 0.0100 0.9626
vn -0.7267 0.0084 0.6869
vn -0.7267 0.0099 0.6869
vn -0.7267 0.0100 0.6869
vn -0.7219 0.0100 -0.6919
vn -0.7267 0.0100 -0.6869
vn -0.7267 0.0084 -0.6869
vn -0.7267 0.0099 -0.6869
vn -0.2707 0.0100 -0.9626
vn -0.2707 0.0082 -0.9626
vn -0.0798 0.0100 -0.9968
vn -0.0799 0.0098 -0.9968
vn 0.0798 0.0095 -0.9968
vn 0.0798 0.0100 -0.9968
vn 0.0698 0.0100 -0.9975
vn 0.2708 0.0077 -0.9626
vn 0.2707 0.0100 -0.9626
vn 0.7267 0.0091 -0.6869
vn 0.7219 0.0100 -0.6919
vn 0.7267 0.0099 -0.6869
vn 0.2997 -0.9090 0.2896
vn 0.2997 -0.9090 0.2897
vn 0.1796 -0.7483 0.6386
vn 0.1810 -0.7439 0.6433
vn 0.0599 -0.6488 0.7586
vn -0.0599 -0.6488 0.7586
vn -0.1796 -0.7483 0.6385
vn -0.1810 -0.7439 0.6433
vn -0.1811 -0.7439 0.6433
vn -0.2997 -0.9090 0.2897
vn -0.2997 -0.9090 0.2896
vn -0.2997 -0.9090 -0.2897
vn -0.1810 -0.7439 -0.6433
vn -0.1796 -0.7483 -0.6385
vn -0.1797 -0.7484 -0.6385
vn -0.1796 -0.7483 -0.6386
vn -0.0599 -0.6488 -0.7586
vn 0.0599 -0.6488 -0.7586
vn 0.1810 -0.7439 -0.6433
vn 0.1796 -0.7483 -0.6386
vn 0.1796 -0.7484 -0.6385
vn 0.1797 -0.7483 -0.6385
vn 0.2997 -0.9090 -0.2897
vn 0.2997 -0.9090 -0.2896
vn 1.0000 -0.0000 0.0005
vn 0.0005 -0.0000 1.0000
vn -0.1693 0.0001 0.9856
vn -1.0000 -0.0000 0.0005
vn -1.0000 -0.0000 -0.0002
vn -0.1694 -0.0000 -0.9856
vn 0.0005 -0.0000 -1.0000
vn 0.9982 -0.0000 -0.0599
vn 0.0200 -0.0000 -0.9998
vn 0.0200 0.6499 -0.7597
vn 0.0200 0.6499 -0.7598
vn -0.0200 -0.0000 0.9998
vn -0.0000 -0.9927 0.1203
vn 0.8531 -0.0000 -0.5218
vn 0.9468 0.1196 -0.2989
vn 0.9468 0.1196 -0.2988
vn 0.9467 0.1196 -0.2990
vn 0.6222 -0.0000 0.7828
vn 0.7600 -0.1600 0.6300
vn 0.8290 -0.0000 0.5592
vn 0.8290 -0.0000 0.5593
vn -0.0200 0.6606 0.7505
vn -0.0200 0.6605 0.7505
vn -0.0000 -0.9927 -0.1203
vn 0.7191 0.0900 0.6891
vn 0.7191 0.0899 0.6891
vn 0.9591 -0.2098 -0.1898
vn 0.9592 -0.2098 -0.1898
vn -0.0200 -0.6391 0.7689
vn -0.0200 -0.6391 0.7688
vn 0.0200 -0.6391 -0.7688
vn 0.0200 -0.6391 -0.7689
vn 0.0199 -0.6391 -0.7689
vn -0.0000 0.9915 -0.1302
vn -0.0000 0.9950 0.0995
vn 0.8531 -0.0000 -0.5217
vn -0.0000 0.9856 0.1692
vn -0.0100 0.9855 0.1692
vn -0.0000 0.9949 -0.1005
vn 0.7413 -0.0000 -0.6712
vn 0.7458 -0.0000 -0.6662
vn 0.5408 -0.0000 0.8412
vn 0.5407 -0.0000 0.8412
vn 0.9573 -0.0000 0.2892
vn 0.9536 -0.0000 0.3011
vn 0.3087 0.9459 0.0996
vn 0.3088 0.9459 0.0995
vn -0.9536 -0.0000 -0.3010
vn -0.9573 0.0001 -0.2890
vn -0.9573 -0.0000 -0.2890
vn -0.9536 -0.0000 -0.3011
vn -0.0300 -0.9995 -0.0100
vn 0.0500 -0.0000 0.9987
vn 0.0300 0.0399 0.9988
vn 0.0300 0.0400 0.9987
vn -0.0997 -0.0000 0.9950
vn -0.0697 -0.0597 0.9958
vn -0.0697 -0.0598 0.9958
vn -0.0698 -0.0598 0.9958
vn -0.0500 -0.0000 0.9987
vn -0.3088 0.9459 -0.0996
vn -0.3087 0.9459 -0.0995
vn 0.0400 -0.9991 0.0100
vn -0.0797 0.0398 0.9960
vn -0.0798 0.0398 0.9960
vn 0.0200 -0.0599 0.9980
vn 0.0199 -0.0599 0.9980
vn -0.9573 -0.0000 -0.2891
vn -0.3207 -0.9419 -0.1002
vn 0.3207 -0.9419 0.1002
vn 0.3208 -0.9418 0.1002
vn 0.0357 0.9993 0.0100
vn 0.0400 0.9991 0.0100
vn -0.0300 0.9995 -0.0100
vn -0.0995 -0.0000 0.9950
vn -0.0996 -0.0000 0.9950
vn -0.0500 0.9987 -0.0100
vn 0.0364 0.9993 0.0100
vn 0.0300 0.9995 0.0100
vn 0.0400 -0.9992 0.0100
vn 0.0699 -0.0000 0.9976
vn 0.0699 0.0001 0.9976
vn -0.1204 -0.0000 0.9927
vn -0.1204 -0.0001 0.9927
vn -0.3300 -0.4499 0.8299
vn -0.3300 -0.4498 0.8299
vn -0.1904 -0.0001 -0.9817
vn -0.1904 -0.0000 -0.9817
vn -0.1903 -0.0040 -0.9817
vn -0.1905 -0.0000 -0.9817
vn -0.3696 0.0238 0.9289
vn -0.3695 0.0300 0.9287
vn -0.3695 0.0300 0.9288
vn -0.3695 0.0299 0.9288
vn 0.1904 -0.0000 0.9817
vn 0.1904 0.0010 0.9817
vn 0.1903 -0.0000 0.9817
vn 0.0100 -0.0000 0.9999
vn 0.9545 -0.0000 0.2982
vn 0.9536 -0.0000 0.3010
vn 0.3088 0.9459 0.0996
vn 0.3087 0.9459 0.0995
vn 0.0299 0.0400 0.9988
vn -0.0698 -0.0597 0.9958
vn -0.3090 0.9468 -0.0897
vn -0.3087 0.9459 -0.0996
vn 0.0200 -0.0598 0.9980
vn -0.3207 -0.9418 -0.1002
vn 0.9573 -0.0000 0.2891
vn 0.0363 0.9993 0.0100
vn 0.1799 -0.3498 0.9194
vn -0.3697 -0.0000 0.9292
vn -0.3696 -0.0000 0.9292
vn -0.3696 0.0001 0.9292
vn -0.3696 -0.0002 0.9292
vn 0.1904 0.0200 0.9815
vn 0.1903 0.0200 0.9815
vn 0.1902 0.0253 0.9814
vn 0.1903 0.0201 0.9815
vn 0.3696 -0.0000 -0.9292
vn -0.9982 -0.0000 0.0599
vn -0.0200 0.6499 0.7598
vn -0.0001 -0.9927 -0.1203
vn -0.8531 -0.0000 0.5217
vn -0.9468 0.1196 0.2988
vn -0.9468 0.1196 0.2989
vn -0.6222 -0.0000 -0.7828
vn -0.7600 -0.1600 -0.6300
vn -0.7600 -0.1600 -0.6299
vn -0.8290 -0.0000 -0.5593
vn -0.8211 -0.0000 -0.5708
vn 0.0200 0.6606 -0.7505
vn -0.7191 0.0900 -0.6891
vn -0.7191 0.0899 -0.6891
vn -0.9592 -0.2098 0.1897
vn -0.9591 -0.2098 0.1898
vn -0.9592 -0.2098 0.1898
vn -0.0000 0.9915 0.1302
vn -0.0000 0.9950 -0.0995
vn -0.0000 0.9856 -0.1692
vn -0.0000 0.9949 0.1005
vn -0.7458 -0.0000 0.6662
vn -0.5407 -0.0000 -0.8412
vn -0.0000 -0.3012 -0.9535
vn -0.0000 -0.0698 -0.9976
vn -0.3814 -0.4918 0.7828
vn -0.3813 -0.4918 0.7828
vn -0.3813 -0.4917 0.7828
vn -0.1596 -0.0000 -0.9872
vn -0.1597 -0.0000 -0.9872
vn -0.1596 0.0009 -0.9872
vn -0.4399 -0.1200 0.8900
vn -0.4399 -0.1199 0.8900
vn 0.1596 -0.0000 0.9872
vn 0.1596 -0.0014 0.9872
vn -0.0000 -0.3012 0.9535
vn -0.0000 -0.0698 0.9976
vn -0.1799 -0.3498 -0.9194
vn 0.3696 -0.0002 -0.9292
vn 0.3697 0.0001 -0.9292
vn -0.1903 0.0200 -0.9815
vn -0.1903 0.0201 -0.9815
vn -0.1902 0.0254 -0.9814
vn -0.3814 -0.4917 -0.7828
vn -0.3814 -0.4918 -0.7828
vn -0.3813 -0.4918 -0.7828
vn 0.1596 -0.0000 -0.9872
vn 0.1597 -0.0000 -0.9872
vn -0.4400 -0.1200 -0.8900
vn -0.1596 -0.0000 0.9872
vn -0.1597 -0.0000 0.9872
vn -0.0200 0.6499 0.7597
vn -0.8212 -0.0000 -0.5707
vn 0.0200 -0.6392 -0.7688
vn -0.5408 -0.0000 -0.8412
vn -0.0100 -0.0000 -0.9999
vn -0.9545 -0.0000 -0.2982
vn -0.3088 0.9459 -0.0995
vn 0.9545 -0.0000 0.2981
vn 0.0300 -0.9995 0.0100
vn -0.0500 -0.0000 -0.9987
vn -0.0300 0.0399 -0.9988
vn -0.0300 0.0400 -0.9987
vn 0.0997 -0.0000 -0.9950
vn 0.0698 -0.0597 -0.9958
vn 0.0697 -0.0597 -0.9958
vn 0.0697 -0.0598 -0.9958
vn 0.0698 -0.0598 -0.9958
vn 0.0500 -0.0000 -0.9987
vn 0.3090 0.9468 0.0897
vn -0.0400 -0.9991 -0.0100
vn 0.0797 0.0398 -0.9960
vn -0.0200 -0.0599 -0.9980
vn -0.0200 -0.0598 -0.9980
vn 0.3207 -0.9419 0.1001
vn -0.0357 0.9993 -0.0100
vn -0.0400 0.9991 -0.0100
vn -0.9545 0.0001 -0.2982
vn 0.0499 0.9986 0.0200
vn -0.0363 0.9993 -0.0100
vn -0.0399 -0.9992 -0.0096
vn -0.0699 -0.0000 -0.9976
vn -0.0699 0.0001 -0.9976
vn 0.1204 -0.0000 -0.9927
vn 0.3814 -0.4917 -0.7828
vn 0.3814 -0.4918 -0.7828
vn 0.3813 -0.4918 -0.7828
vn 0.1596 -0.0008 0.9872
vn 0.4400 -0.1200 -0.8900
vn 0.4318 -0.1205 -0.8939
vn -0.1596 0.0008 -0.9872
vn 0.0798 0.0398 -0.9960
vn -0.3208 -0.9419 -0.1001
vn -0.0400 0.9992 -0.0100
vn 0.0500 0.9985 0.0200
vn -0.0364 0.9993 -0.0100
vn -0.0400 -0.9991 -0.0103
vn 0.3299 -0.4499 -0.8299
vn 0.3300 -0.4499 -0.8299
vn 0.1903 -0.0025 0.9817
vn 0.3696 0.0234 -0.9289
vn 0.3695 0.0300 -0.9288
vn 0.3695 0.0299 -0.9288
vn -0.1903 -0.0000 -0.9817
vn -0.1903 0.0044 -0.9817
vn 0.7600 -0.1600 0.6299
vn 0.9592 -0.2098 -0.1897
vn -0.0201 -0.0000 0.9998
vn 0.3814 -0.4917 0.7828
vn 0.3814 -0.4918 0.7828
vn -0.1596 -0.0001 0.9872
vn 0.4400 -0.1199 0.8900
vn 0.4400 -0.1200 0.8900
vn 0.4318 -0.1205 0.8939
vn -0.7220 -0.0000 -0.6919
vn -0.0799 -0.0000 -0.9968
vn 0.0699 -0.0000 -0.9976
vn 0.2708 -0.0002 -0.9626
vn 0.7220 -0.0000 0.6919
vn 0.7268 -0.0000 0.6869
vn -0.0698 -0.0000 0.9976
vn -0.7220 -0.0000 0.6919
vn -0.4392 -0.0000 0.8984
vn -0.0699 -0.0000 0.9976
vn -0.4392 -0.0000 -0.8984
vn 0.1597 -0.0000 0.9872
vn 0.4392 -0.0000 -0.8984
vn -0.0798 -0.0001 0.9968
vn 0.4392 -0.0000 0.8984
vn -0.4983 0.8670 -0.0000
vn -0.4984 0.8670 -0.0000
vn -0.0000 0.4512 0.8924
vn 0.4983 0.8670 -0.0000
vn 0.4984 0.8670 -0.0000
vn -0.0000 0.4192 -0.9079
vn -0.3814 -0.4917 0.7828
vn -0.3814 -0.4918 0.7827
vn 0.1596 0.0001 0.9872
vn -0.1596 0.0017 -0.9872
vn -0.0798 0.9968 -0.0000
vn -0.0402 0.5520 -0.8329
vn -0.0000 0.5524 -0.8336
vn -0.0100 0.0100 -0.9999
vn -0.0000 0.5524 0.8336
vn -0.0401 0.5520 0.8329
vn -0.0100 0.0100 0.9999
vn 0.0798 0.9968 -0.0000
vn 0.0401 0.5520 -0.8329
vn 0.0100 0.0100 -0.9999
vn 0.0402 0.5520 0.8329
vn 0.0100 0.0100 0.9999
vn 0.0604 0.6038 0.7948
vn 0.0604 0.6037 0.7949
vn 0.9117 -0.4108 -0.0000
vn 0.9118 -0.4107 -0.0000
vn 0.0997 0.9768 0.1894
vn 0.0997 0.9768 0.1893
vn 0.9118 -0.4106 -0.0000
vn 0.0604 0.6037 -0.7949
vn 0.0604 0.6038 -0.7948
vn 0.0998 0.9768 -0.1894
vn 0.0997 0.9768 -0.1893
vn 0.0997 0.9768 -0.1894
vn 0.0500 0.6104 0.7905
vn 0.0501 0.6104 0.7905
vn 0.9372 -0.3488 -0.0000
vn 0.9372 -0.3489 -0.0000
vn 0.0799 0.9786 0.1897
vn 0.0500 0.6104 -0.7905
vn 0.0501 0.6104 -0.7905
vn 0.0799 0.9786 -0.1897
vn 0.0400 0.6107 0.7908
vn 0.0401 0.6107 0.7908
vn 0.0301 0.6110 0.7911
vn 0.9684 -0.2495 -0.0000
vn 0.9684 -0.2496 -0.0000
vn 0.0600 0.9800 0.1899
vn 0.0600 0.9799 0.1900
vn 0.0600 0.9800 0.1900
vn 0.9684 -0.2494 -0.0000
vn 0.0401 0.6107 -0.7908
vn 0.0301 0.6110 -0.7911
vn 0.0600 0.9800 -0.1900
vn 0.0600 0.9799 -0.1900
vn 0.0600 0.9800 0.1898
vn 0.0600 0.9800 -0.1899
vn 0.0600 0.9800 -0.1898
vn 0.0100 0.6112 0.7914
vn 0.9976 -0.0698 -0.0000
vn 0.0200 0.9815 0.1903
vn 0.0100 0.6113 -0.7914
vn 0.0100 0.6112 -0.7914
vn 0.0100 0.6111 -0.7915
vn 0.0200 0.9815 -0.1903
vn 0.0200 0.6111 0.7913
vn 0.0201 0.6111 0.7913
vn 0.9939 -0.1104 -0.0000
vn 0.0200 0.9815 0.1902
vn 0.0200 0.6111 -0.7913
vn 0.0200 0.9815 -0.1902
vn 0.0604 0.6038 0.7949
vn 0.9117 -0.4107 -0.0000
vn 0.0998 0.9768 0.1894
vn 0.0998 0.9768 -0.1893
vn 0.0604 0.6038 -0.7949
vn -0.0604 0.6038 0.7948
vn -0.0604 0.6038 0.7949
vn -0.0604 0.6037 0.7949
vn -0.9118 -0.4106 -0.0000
vn -0.9118 -0.4107 -0.0000
vn -0.9117 -0.4108 -0.0000
vn -0.0997 0.9768 0.1894
vn -0.0604 0.6037 -0.7949
vn -0.0604 0.6038 -0.7948
vn -0.0604 0.6038 -0.7949
vn -0.0997 0.9768 -0.1894
vn -0.0501 0.6104 0.7905
vn -0.0500 0.6104 0.7905
vn -0.9372 -0.3488 -0.0000
vn -0.0799 0.9786 0.1896
vn -0.0799 0.9786 0.1897
vn -0.9372 -0.3489 -0.0000
vn -0.0500 0.6104 -0.7905
vn -0.0502 0.6104 -0.7905
vn -0.0501 0.6104 -0.7905
vn -0.0799 0.9786 -0.1897
vn -0.0799 0.9786 -0.1896
vn -0.0301 0.6110 0.7911
vn -0.0401 0.6107 0.7908
vn -0.9684 -0.2495 -0.0000
vn -0.0600 0.9800 0.1900
vn -0.0600 0.9799 0.1900
vn -0.9684 -0.2496 -0.0000
vn -0.0301 0.6110 -0.7911
vn -0.0301 0.6109 -0.7911
vn -0.0600 0.9799 -0.1900
vn -0.0600 0.9800 -0.1900
vn -0.0400 0.6107 0.7909
vn -0.0401 0.6108 0.7908
vn -0.9684 -0.2495 -0.0020
vn -0.0400 0.6107 -0.7908
vn -0.0401 0.6107 -0.7908
vn -0.0400 0.6107 -0.7909
vn -0.0100 0.6112 0.7914
vn -0.0100 0.6113 0.7914
vn -0.9976 -0.0698 -0.0000
vn -0.0200 0.9815 0.1903
vn -0.0100 0.6112 -0.7914
vn -0.0100 0.6113 -0.7914
vn -0.0200 0.9815 -0.1903
vn -0.0200 0.6111 0.7913
vn -0.0201 0.6111 0.7913
vn -0.0200 0.6112 0.7913
vn -0.9939 -0.1104 -0.0000
vn -0.0200 0.6112 -0.7913
vn -0.0201 0.6111 -0.7913
vn -0.0200 0.6111 -0.7913
vn -0.0998 0.9768 0.1894
vn -0.0995 0.9749 0.1990
vn -0.0995 0.9749 -0.1990
vn -0.0997 0.9768 0.1893
vn -0.0997 0.9768 -0.1893
vn -0.0902 0.5911 0.8015
vn -0.0902 0.5912 0.8015
vn 0.8212 0.5707 -0.0000
vn -0.1498 0.9684 0.1996
vn -0.0902 0.5911 -0.8015
vn -0.0902 0.5912 -0.8015
vn -0.0903 0.5911 -0.8015
vn -0.0902 0.5912 -0.8014
vn -0.1498 0.9684 -0.1996
vn -0.1498 0.9683 -0.1997
vn 0.0902 0.5911 0.8015
vn 0.0902 0.5912 0.8015
vn 0.0902 0.5912 0.8014
vn -0.8212 0.5707 -0.0000
vn 0.1498 0.9683 0.1997
vn 0.1498 0.9684 0.1996
vn -0.8211 0.5707 -0.0000
vn 0.0902 0.5912 -0.8014
vn 0.0902 0.5911 -0.8015
vn 0.0902 0.5912 -0.8015
vn 0.1499 0.9683 -0.1996
vn 0.1498 0.9683 -0.1997
vn 0.1498 0.9684 -0.1996
vn -0.1596 0.0001 0.9872
vn 0.4399 -0.1200 0.8900
vn 0.4399 -0.1199 0.8900
vn 0.5708 0.8211 -0.0000
vn -0.0798 -0.9968 -0.0000
vn -0.5708 0.8211 -0.0000
vn 0.0798 -0.9968 -0.0000
vn -0.5888 -0.8083 -0.0000
vn 0.5888 -0.8083 -0.0000
vn -0.0599 0.9982 -0.0000
vn -0.1005 0.9949 -0.0000
vn 0.0599 0.9982 -0.0000
vn -0.0797 -0.9968 -0.0000
vn -0.5888 -0.8082 -0.0000
vn 0.5888 -0.8082 -0.0000
vn 0.0698 -0.9976 -0.0000
vn -0.0698 -0.9976 -0.0000
vn -0.0000 0.3698 -0.9291
vn -0.0000 -0.9659 0.2589
vn -0.0000 0.3698 0.9291
vn -0.0000 -0.9659 -0.2589
vn -0.0000 -0.3610 0.9326
vn -0.0000 -0.3610 -0.9326
vn -0.0000 -0.3610 -0.9325
vn -0.0000 0.9600 -0.2800
vn -0.0000 0.9778 0.2095
vn -0.0000 0.9372 0.3488
vn -0.0000 0.9757 -0.2190
vn -0.0000 0.9757 -0.2189
vn -0.0000 1.0000 0.0001
vn -0.0000 0.3697 0.9291
vn -0.0000 0.3697 -0.9291
vn -0.0000 -0.3611 -0.9325
vn -0.0000 -0.3612 -0.9325
vn -0.0000 -0.3610 0.9325
vn -0.0000 -0.3611 0.9325
vn -0.0000 0.9600 0.2800
vn -0.0000 0.9600 0.2799
vn -0.0000 0.9778 -0.2095
vn -0.0000 0.9372 -0.3489
vn -0.0000 0.9757 0.2190
vn -0.1104 0.9939 -0.0000
vn 0.0797 -0.9968 -0.0000
vn 0.5888 -0.8083 0.0002
vn -0.0001 -1.0000 -0.0000
vn 0.1005 0.9949 -0.0000
vn 0.0001 0.3698 -0.9291
vn -0.0001 0.3698 0.9291
vn -0.9992 0.0399 -0.0000
vn -0.9992 0.0400 -0.0000
vn -0.8671 0.4982 -0.0000
vn 0.9992 -0.0399 -0.0000
vn 0.8671 -0.4982 -0.0001
vn 0.8670 -0.4983 -0.0000
vn -0.3989 0.9170 -0.0000
vn -0.3987 0.9171 -0.0000
vn 0.4191 -0.9079 -0.0000
vn 0.4192 -0.9079 -0.0000
vn 0.3987 0.9171 -0.0001
vn 0.3989 0.9170 -0.0000
vn -0.4192 -0.9079 -0.0000
vn -0.4191 -0.9079 -0.0000
vn 0.8671 0.4982 -0.0000
vn -0.8670 -0.4983 -0.0000
vn -0.8671 -0.4982 0.0001
vn 0.9992 0.0399 -0.0000
vn 0.9992 0.0400 -0.0000
vn -0.9992 -0.0399 -0.0000
vn -0.0200 0.0499 0.9986
vn -0.9524 -0.0501 -0.3006
vn -0.9524 -0.0501 -0.3007
vn 0.0200 -0.0100 -0.9997
vn 0.9400 0.1800 0.2898
vn 0.9400 0.1800 0.2899
vn 0.9400 0.1800 0.2900
vn -0.0300 -0.0599 0.9978
vn -0.0200 -0.0599 0.9980
vn -0.0299 -0.0599 0.9978
vn -0.9615 0.0501 -0.2703
vn -0.9614 0.0501 -0.2704
vn -0.9615 0.0501 -0.2704
vn 0.0200 0.0100 -0.9997
vn 0.9571 -0.2193 0.1894
vn -0.0000 -0.9988 0.0499
vn -0.0000 0.9988 -0.0499
vn -0.0000 -0.9988 -0.0499
vn -0.0000 0.9988 0.0499
vn -0.0200 -0.9998 -0.0000
vn 0.0200 0.9998 -0.0000
vn 0.0100 1.0000 -0.0000
vn 0.0100 -0.9999 -0.0000
vn -0.0100 1.0000 -0.0000
vn -0.0200 0.0499 -0.9986
vn -0.9524 -0.0501 0.3007
vn -0.9524 -0.0501 0.3006
vn 0.0200 -0.0100 0.9997
vn 0.9400 0.1800 -0.2898
vn 0.9400 0.1800 -0.2899
vn 0.9400 0.1800 -0.2900
vn -0.0299 -0.0599 -0.9978
vn -0.0300 -0.0599 -0.9978
vn -0.9615 0.0501 0.2704
vn -0.9614 0.0501 0.2704
vn 0.0200 0.0100 0.9997
vn 0.9571 -0.2193 -0.1894
vn 0.9589 -0.2197 -0.1798
vn -0.0100 -0.9999 -0.0000
vn 0.0100 0.9999 -0.0000
vn 0.0200 -0.9998 -0.0000
vn -0.0200 0.9998 -0.0000
vn -0.0100 0.9999 -0.0000
vn 0.9927 0.1203 0.0009
vn 0.9991 0.0100 -0.0400
vn 0.9992 0.0100 -0.0400
vn 0.9927 0.1203 -0.0000
vn 0.9925 -0.1002 -0.0702
vn -0.0000 0.0100 -1.0000
vn -0.9999 0.0100 -0.0100
vn -0.9994 -0.0300 -0.0200
vn -0.0000 0.0400 0.9992
vn -0.0000 0.0100 0.9999
vn -0.0000 0.0100 1.0000
vn -0.0000 -0.0200 0.9998
vn -0.1302 -0.9915 -0.0000
vn 0.1302 0.9915 -0.0000
vn 0.1302 -0.9915 -0.0000
vn -0.1302 0.9915 -0.0000
vn 0.0698 0.9976 -0.0000
vn -0.0698 0.9976 -0.0000
vn -0.0000 -0.6712 0.7413
vn -0.0000 -0.6712 0.7412
vn -0.0000 -0.1302 0.9915
vn -0.0000 0.6712 0.7413
vn -0.0000 0.6712 0.7412
vn -0.0000 0.1302 0.9915
vn -0.0000 0.1203 0.9927
vn 0.9992 0.0100 -0.0399
vn 0.9925 -0.1003 -0.0702
vn 0.9992 0.0100 0.0400
vn 0.9992 0.0100 0.0399
vn 0.9925 -0.1002 0.0702
vn 0.9925 -0.1003 0.0702
vn -0.9992 0.0400 -0.0003
vn -0.9999 0.0100 0.0100
vn -0.9994 -0.0300 0.0200
vn -0.0000 0.0400 -0.9992
vn -0.0000 0.0102 -0.9999
vn -0.0000 0.0100 -0.9999
vn -0.0000 -0.0200 -0.9998
vn 0.9991 0.0100 0.0400
vn -0.9992 0.0399 -0.0003
vn -0.1693 0.0001 -0.9856
vn -0.4789 0.0004 -0.8779
vn 0.0799 -0.0001 -0.9968
vn 0.0799 -0.0000 -0.9968
vn -0.4789 -0.0000 -0.8778
vn 0.1693 0.0001 0.9856
vn 0.4789 0.0002 0.8779
vn -0.6005 0.5605 0.5703
vn -0.0705 0.2514 0.9653
vn 0.0705 0.2514 0.9653
vn 0.6004 0.5605 0.5704
vn 0.7267 0.0100 -0.6869
vn 0.7267 0.0068 -0.6869
vn 0.2707 0.0099 -0.9626
vn 0.0699 0.0100 -0.9975
vn 0.0799 0.0100 -0.9968
vn 0.0798 0.0108 -0.9967
vn -0.0799 0.0115 -0.9967
vn -0.0799 0.0100 -0.9968
vn -0.2708 0.0100 -0.9626
vn -0.2708 0.0083 -0.9626
vn -0.2708 0.0101 -0.9626
vn -0.2707 0.0099 -0.9626
vn -0.7267 0.0091 -0.6869
vn -0.7219 0.0101 0.6919
vn -0.7267 0.0091 0.6869
vn -0.7220 0.0100 0.6919
vn -0.2707 0.0101 0.9626
vn -0.2707 0.0082 0.9626
vn -0.0798 0.0090 0.9968
vn 0.0798 0.0083 0.9968
vn 0.2707 0.0099 0.9626
vn 0.2707 0.0101 0.9626
vn 0.7267 0.0068 0.6869
vn 0.7219 0.0100 0.6919
vn 0.2998 -0.9090 -0.2896
vn 0.0599 -0.6489 -0.7586
vn -0.1796 -0.7484 -0.6385
vn -0.1798 -0.7483 -0.6385
vn -0.1811 -0.7439 -0.6433
vn -0.1796 -0.7483 0.6386
vn -0.0599 -0.6489 0.7585
vn 0.1796 -0.7484 0.6385
vn 0.2998 -0.9090 0.2897
vn 1.0000 -0.0000 -0.0005
vn -1.0000 -0.0000 -0.0005
vn -0.4788 0.0002 0.8779
vn -0.0002 -0.0000 1.0000
vn 0.9982 -0.0000 0.0599
vn 0.0200 -0.0000 0.9998
vn 0.0200 0.6499 0.7597
vn -0.0200 -0.0000 -0.9998
vn 0.8531 -0.0000 0.5218
vn 0.9468 0.1196 0.2989
vn 0.9467 0.1196 0.2989
vn 0.9468 0.1196 0.2988
vn 0.6222 -0.0000 -0.7828
vn 0.7600 -0.1600 -0.6300
vn 0.7600 -0.1600 -0.6299
vn 0.8290 -0.0000 -0.5592
vn 0.8290 -0.0000 -0.5593
vn -0.0200 0.6606 -0.7505
vn -0.0200 0.6605 -0.7505
vn 0.7191 0.0899 -0.6891
vn 0.9591 -0.2098 0.1898
vn 0.9592 -0.2098 0.1898
vn -0.0200 -0.6391 -0.7689
vn -0.0200 -0.6391 -0.7688
vn -0.0201 -0.6391 -0.7688
vn 0.0200 -0.6391 0.7688
vn 0.0200 -0.6391 0.7689
vn 0.8531 -0.0000 0.5217
vn -0.0100 0.9855 -0.1692
vn 0.7413 -0.0000 0.6712
vn 0.7458 -0.0000 0.6662
vn 0.5408 -0.0000 -0.8412
vn 0.5407 -0.0000 -0.8412
vn 0.5408 -0.0002 -0.8412
vn 0.9573 -0.0000 -0.2892
vn 0.9536 -0.0000 -0.3011
vn 0.9536 -0.0001 -0.3010
vn 0.3087 0.9459 -0.0996
vn 0.3088 0.9459 -0.0995
vn -0.9536 -0.0000 0.3010
vn -0.9536 -0.0000 0.3011
vn -0.9573 -0.0001 0.2890
vn -0.9573 -0.0000 0.2890
vn -0.0300 -0.9995 0.0100
vn 0.0300 0.0399 -0.9988
vn 0.0300 0.0400 -0.9987
vn -0.0997 -0.0000 -0.9950
vn -0.0697 -0.0597 -0.9958
vn -0.0697 -0.0598 -0.9958
vn -0.0698 -0.0598 -0.9958
vn -0.3087 0.9459 0.0996
vn -0.3088 0.9459 0.0996
vn -0.3087 0.9459 0.0995
vn 0.0400 -0.9991 -0.0103
vn 0.0400 -0.9991 -0.0100
vn -0.0797 0.0398 -0.9960
vn -0.0798 0.0398 -0.9960
vn 0.0200 -0.0599 -0.9980
vn -0.9573 -0.0000 0.2891
vn -0.3208 -0.9418 0.1002
vn -0.3207 -0.9419 0.1002
vn 0.3207 -0.9419 -0.1002
vn 0.3208 -0.9418 -0.1002
vn 0.0357 0.9993 -0.0100
vn 0.0400 0.9991 -0.0100
vn -0.0300 0.9995 0.0100
vn -0.0996 -0.0000 -0.9950
vn -0.0500 0.9987 0.0100
vn 0.0364 0.9993 -0.0100
vn 0.0300 0.9995 -0.0100
vn 0.0300 0.9995 -0.0099
vn 0.0400 -0.9992 -0.0100
vn 0.0699 -0.0001 -0.9976
vn -0.1204 0.0001 -0.9927
vn -0.1204 -0.0000 -0.9927
vn -0.3300 -0.4499 -0.8299
vn -0.1904 -0.0000 0.9817
vn -0.3695 0.0299 -0.9288
vn -0.3696 0.0234 -0.9289
vn -0.3695 0.0300 -0.9288
vn -0.3695 0.0300 -0.9287
vn 0.1904 -0.0000 -0.9817
vn 0.1903 -0.0000 -0.9817
vn 0.0100 -0.0000 -0.9999
vn 0.9545 -0.0000 -0.2982
vn 0.9536 -0.0000 -0.3010
vn 0.3088 0.9459 -0.0996
vn 0.0299 0.0400 -0.9988
vn -0.0995 -0.0000 -0.9950
vn -0.3090 0.9468 0.0897
vn 0.0400 -0.9991 -0.0104
vn -0.0797 0.0399 -0.9960
vn 0.0200 -0.0598 -0.9980
vn -0.3208 -0.9419 0.1002
vn -0.9573 -0.0000 0.2892
vn 0.9573 -0.0000 -0.2891
vn -0.0499 0.9987 0.0100
vn 0.0363 0.9993 -0.0100
vn 0.1799 -0.3497 -0.9194
vn 0.1799 -0.3498 -0.9194
vn -0.3696 0.0002 -0.9292
vn -0.3696 -0.0027 -0.9292
vn -0.3696 -0.0000 -0.9292
vn -0.3697 -0.0000 -0.9292
vn 0.1903 0.0201 -0.9815
vn 0.1903 0.0200 -0.9815
vn 0.1904 0.0240 -0.9814
vn 0.3696 -0.0000 0.9292
vn 0.3696 0.0022 0.9292
vn -0.9982 -0.0000 -0.0599
vn -0.0200 0.6499 -0.7598
vn -0.8531 -0.0000 -0.5217
vn -0.9468 0.1196 -0.2988
vn -0.9468 0.1196 -0.2989
vn -0.6222 -0.0000 0.7828
vn -0.7600 -0.1600 0.6300
vn -0.7600 -0.1600 0.6299
vn -0.8290 -0.0000 0.5593
vn -0.8211 -0.0000 0.5708
vn 0.0200 0.6606 0.7505
vn -0.7191 0.0899 0.6891
vn -0.9592 -0.2097 -0.1898
vn -0.9592 -0.2098 -0.1898
vn -0.9591 -0.2098 -0.1898
vn 0.0200 -0.6392 0.7688
vn 0.0201 -0.6391 0.7689
vn -0.0200 -0.6392 -0.7688
vn -0.0201 -0.6391 -0.7689
vn -0.6222 0.0001 0.7828
vn -0.7458 -0.0000 -0.6662
vn -0.7458 0.0001 -0.6662
vn -0.5407 -0.0000 0.8412
vn -0.5407 -0.0002 0.8412
vn -0.3813 -0.4917 -0.7828
vn -0.4399 -0.1200 -0.8900
vn -0.4399 -0.1199 -0.8900
vn -0.1800 -0.3498 0.9194
vn -0.1799 -0.3498 0.9194
vn 0.3697 -0.0000 0.9292
vn 0.3696 -0.0017 0.9292
vn 0.3696 0.0002 0.9292
vn -0.1903 0.0200 0.9815
vn -0.1903 0.0201 0.9815
vn -0.1902 0.0254 0.9814
vn -0.3696 0.0041 -0.9292
vn -0.4400 -0.1198 0.8900
vn -0.4400 -0.1200 0.8900
vn -0.1596 -0.0010 -0.9872
vn -0.0200 0.6499 -0.7597
vn -0.8212 -0.0000 0.5707
vn -0.5408 -0.0000 0.8412
vn -0.0100 -0.0000 0.9999
vn -0.9545 -0.0000 0.2982
vn 0.9545 -0.0000 -0.2981
vn 0.9545 -0.0000 -0.2983
vn 0.0300 -0.9995 -0.0100
vn -0.0300 0.0400 0.9987
vn -0.0300 0.0399 0.9988
vn 0.0997 -0.0000 0.9950
vn 0.0697 -0.0597 0.9958
vn 0.0698 -0.0598 0.9958
vn 0.0697 -0.0598 0.9958
vn 0.3090 0.9468 -0.0897
vn -0.0400 -0.9991 0.0100
vn 0.0797 0.0398 0.9960
vn -0.0200 -0.0598 0.9980
vn -0.0357 0.9993 0.0100
vn -0.0400 0.9991 0.0100
vn 0.0499 0.9986 -0.0200
vn -0.0363 0.9993 0.0100
vn -0.0699 -0.0001 0.9976
vn 0.1204 -0.0000 0.9927
vn 0.3813 -0.4917 0.7828
vn -0.9545 -0.0001 0.2982
vn -0.0400 -0.9992 0.0098
vn 0.0798 0.0398 0.9960
vn 0.9545 -0.0001 -0.2982
vn 0.3208 -0.9419 -0.1001
vn -0.3208 -0.9419 0.1001
vn -0.3207 -0.9419 0.1001
vn 0.0500 0.9985 -0.0200
vn -0.0364 0.9993 0.0100
vn -0.0300 0.9995 0.0099
vn 0.3300 -0.4498 0.8299
vn 0.3300 -0.4499 0.8299
vn 0.3299 -0.4499 0.8299
vn 0.3695 0.0299 0.9288
vn 0.3696 0.0234 0.9289
vn 0.3695 0.0301 0.9288
vn 0.3695 0.0298 0.9288
vn 0.3695 0.0300 0.9288
vn -0.1903 -0.0000 0.9817
vn 0.0201 0.6499 0.7597
vn 0.9467 0.1196 0.2990
vn 0.9592 -0.2097 0.1898
vn -0.0201 -0.0000 -0.9998
vn 0.6222 0.0001 -0.7828
vn -0.0001 0.9856 -0.1692
vn -0.1596 0.0001 -0.9872
vn 0.4400 -0.1198 -0.8900
vn 0.4319 -0.1204 -0.8938
vn 0.1596 0.0006 0.9872
vn 0.7220 0.0002 0.6919
vn 0.2708 0.0002 0.9626
vn 0.7268 -0.0000 -0.6869
vn -0.0698 -0.0000 -0.9976
vn 0.1693 -0.0001 -0.9856
vn 0.4788 -0.0002 0.8779
vn -0.4789 -0.0002 0.8779
vn 0.7267 -0.0002 -0.6869
vn 0.1694 -0.0000 -0.9856
vn 0.4789 -0.0000 -0.8778
vn 0.4788 0.0002 0.8779
vn 0.0704 0.2515 0.9653
vn -0.7267 0.0092 -0.6869
vn -0.2708 0.0088 -0.9626
vn -0.0798 0.0087 -0.9968
vn 0.0798 0.0089 -0.9968
vn 0.0700 0.0100 -0.9975
vn 0.2707 0.0093 -0.9626
vn 0.2708 0.0100 -0.9626
vn 0.7267 0.0084 -0.6869
vn 0.7267 0.0084 0.6869
vn 0.2707 0.0082 0.9626
vn 0.0799 0.0098 0.9968
vn 0.0698 0.0100 0.9975
vn -0.0798 0.0095 0.9968
vn -0.2708 0.0077 0.9626
vn -0.7219 0.0100 0.6919
vn -0.2997 -0.9090 -0.2896
vn 0.1796 -0.7483 -0.6385
vn 0.1811 -0.7439 -0.6433
vn 0.1796 -0.7483 0.6385
vn 0.1811 -0.7439 0.6433
vn -0.1796 -0.7484 0.6385
vn -0.0005 -0.0000 -1.0000
vn 0.4788 0.0002 -0.8779
vn 1.0000 -0.0000 0.0002
vn 0.1694 -0.0000 0.9856
vn -0.0005 -0.0000 1.0000
vn -0.0201 0.6499 0.7598
vn -0.8531 -0.0000 0.5218
vn -0.9467 0.1196 0.2989
vn -0.8290 -0.0000 -0.5592
vn 0.0200 0.6605 -0.7505
vn -0.0199 -0.6391 0.7689
vn -0.7413 -0.0000 0.6712
vn -0.9573 -0.0000 -0.2892
vn -0.9536 0.0001 -0.3011
vn 0.9573 0.0001 0.2891
vn 0.9573 -0.0000 0.2890
vn -0.0199 -0.0599 -0.9980
vn -0.3208 -0.9418 -0.1002
vn 0.0995 -0.0000 -0.9950
vn 0.0996 -0.0000 -0.9950
vn 0.0500 0.9987 0.0100
vn -0.0400 -0.9992 -0.0100
vn 0.1204 -0.0001 -0.9927
vn 0.3300 -0.4498 -0.8299
vn 0.1904 -0.0001 0.9817
vn 0.1903 -0.0040 0.9817
vn 0.1905 -0.0000 0.9817
vn 0.3696 0.0238 -0.9289
vn 0.3695 0.0300 -0.9287
vn -0.1904 0.0010 -0.9817
vn -0.0299 0.0400 -0.9988
vn 0.3091 0.9468 0.0897
vn 0.3697 -0.0000 -0.9292
vn 0.3696 0.0001 -0.9292
vn -0.1904 0.0200 -0.9815
vn -0.1902 0.0253 -0.9814
vn 0.8211 -0.0000 0.5708
vn 0.7458 -0.0000 -0.6661
vn 0.3813 -0.4917 -0.7828
vn 0.1596 0.0009 0.9872
vn 0.4399 -0.1200 -0.8900
vn 0.4399 -0.1199 -0.8900
vn -0.1596 -0.0014 -0.9872
vn -0.3697 0.0001 0.9292
vn 0.1902 0.0254 0.9814
vn 0.3813 -0.4918 0.7828
vn 0.8212 -0.0000 0.5707
vn 0.0201 -0.6391 -0.7688
vn -0.9545 -0.0000 -0.2981
vn -0.3088 0.9459 -0.0997
vn -0.3207 -0.9419 -0.1001
vn 0.9545 0.0001 0.2982
vn -0.0499 0.9986 -0.0200
vn 0.0400 0.9992 0.0100
vn 0.0399 -0.9992 0.0096
vn -0.1596 -0.0008 -0.9872
vn 0.1596 0.0008 0.9872
vn -0.3088 0.9459 -0.0994
vn 0.3208 -0.9419 0.1002
vn -0.0500 0.9985 -0.0200
vn -0.0500 0.9986 -0.0200
vn 0.0400 -0.9991 0.0103
vn -0.3299 -0.4499 0.8299
vn -0.1903 -0.0025 -0.9817
vn -0.3696 0.0234 0.9289
vn 0.1903 0.0044 0.9817
vn -0.0200 -0.6392 0.7688
vn 0.1596 -0.0001 -0.9872
vn -0.4400 -0.1199 -0.8900
vn -0.2708 -0.0002 0.9626
vn -0.7268 -0.0000 -0.6869
vn 0.0698 -0.0000 -0.9976
vn 0.0798 -0.0001 -0.9968
vn -0.0799 -0.0001 0.9968
vn 0.4789 -0.0000 0.8778
vn -0.4789 0.0002 -0.8779
vn 0.6005 0.5605 -0.5703
vn 0.0705 0.2514 -0.9653
vn -0.0705 0.2514 -0.9653
vn -0.6004 0.5605 -0.5704
vn -0.7267 0.0068 0.6869
vn -0.2707 0.0099 0.9626
vn -0.0798 0.0108 0.9967
vn 0.0799 0.0115 0.9967
vn 0.0700 0.0100 0.9975
vn 0.0799 0.0100 0.9968
vn 0.2708 0.0100 0.9626
vn 0.2708 0.0083 0.9626
vn 0.2708 0.0101 0.9626
vn 0.7267 0.0091 0.6869
vn 0.7219 0.0101 -0.6919
vn 0.7220 0.0100 -0.6919
vn 0.2707 0.0101 -0.9626
vn 0.2707 0.0082 -0.9626
vn 0.0798 0.0090 -0.9968
vn -0.0798 0.0083 -0.9968
vn -0.2707 0.0101 -0.9626
vn -0.7267 0.0068 -0.6869
vn -0.0599 -0.6489 0.7586
vn 0.1798 -0.7483 0.6385
vn 0.0599 -0.6489 -0.7585
vn -0.1797 -0.7483 -0.6386
vn -0.2998 -0.9090 -0.2897
vn 0.0002 -0.0000 -1.0000
vn -0.8531 -0.0000 -0.5218
vn -0.9467 0.1196 -0.2989
vn -0.8290 -0.0000 0.5592
vn 0.0200 0.6605 0.7505
vn -0.7413 -0.0000 -0.6712
vn -0.7413 0.0002 -0.6712
vn -0.5408 -0.0002 0.8412
vn -0.9536 -0.0001 0.3010
vn -0.3088 0.9459 0.0995
vn 0.9573 -0.0001 -0.2890
vn 0.9573 -0.0000 -0.2890
vn 0.3087 0.9459 -0.0995
vn -0.0400 -0.9991 0.0103
vn 0.0996 -0.0000 0.9950
vn 0.0500 0.9987 -0.0100
vn -0.0400 -0.9992 0.0100
vn 0.1204 0.0001 0.9927
vn 0.3695 0.0300 0.9287
vn -0.0299 0.0400 0.9988
vn 0.0995 -0.0000 0.9950
vn -0.0400 -0.9991 0.0104
vn 0.0798 0.0399 0.9960
vn 0.0499 0.9987 -0.0100
vn -0.1799 -0.3497 0.9194
vn 0.3696 -0.0027 0.9292
vn 0.3697 -0.0001 0.9292
vn -0.1904 0.0240 0.9814
vn -0.3696 0.0022 -0.9292
vn 0.0200 0.6499 0.7598
vn 0.0001 -0.9927 -0.1203
vn 0.8211 -0.0000 -0.5708
vn -0.0001 0.9950 -0.0995
vn 0.0001 -0.9927 0.1203
vn -0.0001 -0.9927 0.1203
vn 0.7458 0.0001 0.6662
vn 0.5407 -0.0002 -0.8412
vn 0.1800 -0.3498 -0.9194
vn -0.3696 -0.0017 -0.9292
vn 0.1902 0.0254 -0.9814
vn 0.3696 0.0041 0.9292
vn 0.1596 -0.0010 0.9872
vn 0.8212 -0.0000 -0.5707
vn -0.9545 -0.0000 0.2981
vn -0.0499 0.9986 0.0200
vn 0.0400 0.9992 -0.0100
vn 0.0400 -0.9992 -0.0098
vn 0.3208 -0.9419 -0.1002
vn -0.0500 0.9985 0.0200
vn -0.0500 0.9986 0.0200
vn -0.3300 -0.4498 -0.8299
vn -0.3299 -0.4499 -0.8299
vn -0.3695 0.0301 -0.9288
vn -0.3695 0.0298 -0.9288
vn -0.7599 -0.1600 0.6300
vn 0.0201 -0.6391 0.7688
vn -0.4400 -0.1200 0.8899
vn -0.1596 0.0006 -0.9872
vn -0.0798 0.0001 -0.9968
vn -0.7220 0.0002 -0.6919
vn -0.2708 0.0002 -0.9626
vn -0.7268 -0.0000 0.6869
vn 0.0698 -0.0000 0.9976
vt 0.100000 0.100000
vt 0.070000 0.100000
vt 0.070000 0.010000
vt 0.100000 0.010000
vt 0.050000 0.100000
vt 0.050000 0.010000
vt 0.020000 0.100000
vt 0.020000 0.010000
vt 0.380000 0.100000
vt 0.350000 0.100000
vt 0.350000 0.010000
vt 0.380000 0.010000
vt 0.320000 0.100000
vt 0.320000 0.010000
vt 0.290000 0.100000
vt 0.290000 0.010000
vt 0.270000 0.100000
vt 0.270000 0.010000
vt 0.240000 0.100000
vt 0.240000 0.010000
vt 0.210000 0.100000
vt 0.210000 0.010000
vt 0.170000 0.100000
vt 0.170000 0.010000
vt 0.130000 0.100000
vt 0.130000 0.010000
vt 0.340000 0.560000
vt 0.370000 0.560000
vt 0.370000 0.570000
vt 0.340000 0.570000
vt 0.300000 0.560000
vt 0.300000 0.570000
vt 0.270000 0.560000
vt 0.270000 0.570000
vt 0.610000 0.560000
vt 0.640000 0.560000
vt 0.640000 0.570000
vt 0.610000 0.570000
vt 0.580000 0.560000
vt 0.580000 0.570000
vt 0.550000 0.560000
vt 0.550000 0.570000
vt 0.520000 0.560000
vt 0.520000 0.570000
vt 0.490000 0.560000
vt 0.490000 0.570000
vt 0.460000 0.560000
vt 0.460000 0.570000
vt 0.430000 0.560000
vt 0.430000 0.570000
vt 0.400000 0.560000
vt 0.400000 0.570000
vt 0.970000 0.270000
vt 0.960000 0.280000
vt 0.940000 0.270000
vt 0.930000 0.260000
vt 0.930000 0.250000
vt 0.930000 0.240000
vt 0.930000 0.230000
vt 0.940000 0.230000
vt 0.940000 0.220000
vt 0.960000 0.220000
vt 0.970000 0.230000
vt 0.970000 0.220000
vt 0.980000 0.240000
vt 0.980000 0.230000
vt 0.990000 0.250000
vt 0.980000 0.260000
vt 0.810000 0.060000
vt 0.810000 0.160000
vt 0.780000 0.160000
vt 0.780000 0.060000
vt 0.760000 0.160000
vt 0.760000 0.060000
vt 0.730000 0.160000
vt 0.730000 0.060000
vt 0.710000 0.160000
vt 0.710000 0.060000
vt 0.690000 0.160000
vt 0.690000 0.060000
vt 0.980000 0.060000
vt 0.980000 0.160000
vt 0.950000 0.160000
vt 0.950000 0.060000
vt 0.930000 0.160000
vt 0.930000 0.060000
vt 0.910000 0.160000
vt 0.910000 0.060000
vt 0.880000 0.160000
vt 0.880000 0.060000
vt 0.860000 0.160000
vt 0.860000 0.070000
vt 0.830000 0.160000
vt 0.830000 0.070000
vt 0.980000 0.280000
vt 0.960000 0.290000
vt 0.990000 0.270000
vt 1.000000 0.250000
vt 0.990000 0.230000
vt 0.980000 0.220000
vt 0.960000 0.210000
vt 0.920000 0.230000
vt 0.920000 0.250000
vt 0.930000 0.270000
vt 0.920000 0.270000
vt 0.940000 0.280000
vt 0.110000 0.230000
vt 0.090000 0.220000
vt 0.100000 0.180000
vt 0.130000 0.190000
vt 0.140000 0.240000
vt 0.150000 0.190000
vt 0.170000 0.240000
vt 0.180000 0.200000
vt 0.210000 0.240000
vt 0.200000 0.200000
vt 0.240000 0.240000
vt 0.230000 0.190000
vt 0.270000 0.230000
vt 0.250000 0.190000
vt 0.300000 0.220000
vt 0.280000 0.180000
vt 0.320000 0.210000
vt 0.300000 0.170000
vt 0.350000 0.190000
vt 0.320000 0.160000
vt 0.030000 0.190000
vt 0.010000 0.170000
vt 0.040000 0.140000
vt 0.060000 0.160000
vt 0.060000 0.210000
vt 0.080000 0.170000
vt 0.120000 0.140000
vt 0.140000 0.150000
vt 0.160000 0.150000
vt 0.180000 0.160000
vt 0.200000 0.160000
vt 0.220000 0.150000
vt 0.240000 0.150000
vt 0.260000 0.140000
vt 0.280000 0.130000
vt 0.310000 0.120000
vt 0.060000 0.110000
vt 0.080000 0.120000
vt 0.100000 0.130000
vt 0.140000 0.120000
vt 0.120000 0.120000
vt 0.120000 0.110000
vt 0.140000 0.110000
vt 0.100000 0.120000
vt 0.100000 0.110000
vt 0.350000 0.120000
vt 0.330000 0.120000
vt 0.330000 0.110000
vt 0.350000 0.110000
vt 0.310000 0.110000
vt 0.290000 0.120000
vt 0.290000 0.110000
vt 0.270000 0.120000
vt 0.270000 0.110000
vt 0.240000 0.120000
vt 0.240000 0.110000
vt 0.220000 0.120000
vt 0.220000 0.110000
vt 0.200000 0.120000
vt 0.200000 0.110000
vt 0.180000 0.120000
vt 0.180000 0.110000
vt 0.160000 0.120000
vt 0.160000 0.110000
vt 0.670000 0.060000
vt 0.640000 0.060000
vt 0.640000 0.010000
vt 0.670000 0.010000
vt 0.600000 0.060000
vt 0.600000 0.010000
vt 0.990000 0.060000
vt 0.960000 0.060000
vt 0.960000 0.010000
vt 0.990000 0.010000
vt 0.930000 0.010000
vt 0.890000 0.060000
vt 0.890000 0.010000
vt 0.860000 0.060000
vt 0.860000 0.010000
vt 0.830000 0.060000
vt 0.830000 0.010000
vt 0.800000 0.060000
vt 0.800000 0.010000
vt 0.770000 0.060000
vt 0.770000 0.010000
vt 0.730000 0.010000
vt 0.700000 0.060000
vt 0.700000 0.010000
vt 0.950000 0.870000
vt 0.930000 0.890000
vt 0.920000 0.820000
vt 0.950000 0.820000
vt 0.920000 0.790000
vt 0.900000 0.790000
vt 0.900000 0.770000
vt 0.920000 0.770000
vt 0.990000 0.560000
vt 0.980000 0.560000
vt 0.980000 0.520000
vt 0.990000 0.520000
vt 0.930000 0.780000
vt 0.960000 0.780000
vt 0.960000 0.790000
vt 0.960000 0.810000
vt 0.940000 0.810000
vt 0.930000 0.900000
vt 0.950000 0.880000
vt 0.960000 0.880000
vt 0.890000 0.790000
vt 0.890000 0.810000
vt 0.900000 0.870000
vt 0.900000 0.820000
vt 0.990000 0.600000
vt 0.980000 0.600000
vt 0.990000 0.660000
vt 0.990000 0.590000
vt 0.990000 0.460000
vt 0.920000 0.760000
vt 0.860000 0.760000
vt 0.860000 0.770000
vt 0.960000 0.830000
vt 0.950000 0.830000
vt 0.980000 0.660000
vt 0.980000 0.460000
vt 0.960000 0.760000
vt 0.920000 0.750000
vt 0.960000 0.750000
vt 0.860000 0.750000
vt 0.930000 0.770000
vt 0.960000 0.770000
vt 0.970000 0.760000
vt 0.970000 0.770000
vt 0.970000 0.750000
vt 0.970000 0.790000
vt 0.980000 0.800000
vt 0.970000 0.780000
vt 0.620000 0.900000
vt 0.630000 0.900000
vt 0.630000 0.930000
vt 0.620000 0.930000
vt 0.660000 0.900000
vt 0.640000 0.930000
vt 0.640000 0.980000
vt 0.660000 0.980000
vt 0.630000 0.990000
vt 0.620000 0.990000
vt 0.600000 0.180000
vt 0.630000 0.180000
vt 0.630000 0.200000
vt 0.600000 0.200000
vt 0.560000 0.180000
vt 0.560000 0.200000
vt 0.530000 0.180000
vt 0.530000 0.200000
vt 0.890000 0.180000
vt 0.920000 0.180000
vt 0.920000 0.200000
vt 0.890000 0.200000
vt 0.860000 0.180000
vt 0.860000 0.200000
vt 0.820000 0.180000
vt 0.820000 0.200000
vt 0.790000 0.180000
vt 0.790000 0.200000
vt 0.760000 0.180000
vt 0.760000 0.200000
vt 0.730000 0.180000
vt 0.730000 0.200000
vt 0.690000 0.180000
vt 0.690000 0.200000
vt 0.660000 0.180000
vt 0.660000 0.200000
vt 0.860000 0.880000
vt 0.830000 0.890000
vt 0.830000 0.880000
vt 0.850000 0.880000
vt 0.880000 0.870000
vt 0.870000 0.860000
vt 0.880000 0.840000
vt 0.880000 0.810000
vt 0.870000 0.820000
vt 0.860000 0.790000
vt 0.850000 0.800000
vt 0.830000 0.790000
vt 0.830000 0.800000
vt 0.810000 0.790000
vt 0.810000 0.800000
vt 0.790000 0.810000
vt 0.790000 0.820000
vt 0.780000 0.840000
vt 0.790000 0.840000
vt 0.790000 0.870000
vt 0.790000 0.860000
vt 0.810000 0.880000
vt 0.600000 0.670000
vt 0.580000 0.670000
vt 0.580000 0.660000
vt 0.610000 0.660000
vt 0.640000 0.670000
vt 0.640000 0.660000
vt 0.680000 0.670000
vt 0.680000 0.660000
vt 0.720000 0.670000
vt 0.720000 0.660000
vt 0.760000 0.670000
vt 0.760000 0.660000
vt 0.790000 0.670000
vt 0.790000 0.660000
vt 0.810000 0.670000
vt 0.810000 0.660000
vt 0.840000 0.670000
vt 0.840000 0.660000
vt 0.880000 0.670000
vt 0.880000 0.660000
vt 0.530000 0.670000
vt 0.490000 0.670000
vt 0.500000 0.660000
vt 0.530000 0.660000
vt 0.560000 0.670000
vt 0.560000 0.660000
vt 0.660000 0.160000
vt 0.630000 0.170000
vt 0.630000 0.120000
vt 0.680000 0.140000
vt 0.680000 0.120000
vt 0.680000 0.090000
vt 0.660000 0.070000
vt 0.630000 0.070000
vt 0.610000 0.070000
vt 0.590000 0.090000
vt 0.590000 0.120000
vt 0.590000 0.140000
vt 0.610000 0.160000
vt 0.600000 0.210000
vt 0.560000 0.210000
vt 0.640000 0.680000
vt 0.600000 0.680000
vt 0.920000 0.210000
vt 0.890000 0.210000
vt 0.720000 0.680000
vt 0.680000 0.680000
vt 0.860000 0.210000
vt 0.820000 0.210000
vt 0.790000 0.680000
vt 0.760000 0.680000
vt 0.790000 0.210000
vt 0.760000 0.210000
vt 0.840000 0.680000
vt 0.810000 0.680000
vt 0.730000 0.210000
vt 0.690000 0.210000
vt 0.530000 0.680000
vt 0.490000 0.680000
vt 0.660000 0.210000
vt 0.630000 0.210000
vt 0.580000 0.680000
vt 0.560000 0.680000
vt 0.240000 0.620000
vt 0.000000 0.620000
vt 0.050000 0.710000
vt 0.190000 0.710000
vt 0.000000 0.410000
vt 0.280000 0.410000
vt 0.240000 0.490000
vt 0.050000 0.490000
vt 0.010000 0.520000
vt 0.290000 0.520000
vt 0.240000 0.590000
vt 0.050000 0.590000
vt 0.380000 0.320000
vt 0.530000 0.320000
vt 0.530000 0.420000
vt 0.380000 0.420000
vt 0.670000 0.210000
vt 0.490000 0.210000
vt 0.490000 0.300000
vt 0.670000 0.300000
vt 0.460000 0.890000
vt 0.270000 0.890000
vt 0.270000 0.990000
vt 0.460000 0.990000
vt 0.620000 0.800000
vt 0.770000 0.800000
vt 0.770000 0.880000
vt 0.620000 0.880000
vt 0.240000 0.730000
vt 0.320000 0.730000
vt 0.310000 0.720000
vt 0.240000 0.720000
vt 0.320000 0.630000
vt 0.310000 0.640000
vt 0.240000 0.630000
vt 0.240000 0.640000
vt 0.190000 0.330000
vt 0.190000 0.250000
vt 0.200000 0.270000
vt 0.200000 0.310000
vt 0.310000 0.250000
vt 0.300000 0.270000
vt 0.310000 0.330000
vt 0.300000 0.310000
vt 0.140000 0.260000
vt 0.140000 0.400000
vt 0.180000 0.340000
vt 0.180000 0.260000
vt 0.360000 0.400000
vt 0.320000 0.340000
vt 0.360000 0.260000
vt 0.320000 0.260000
vt 0.490000 0.150000
vt 0.490000 0.250000
vt 0.360000 0.250000
vt 0.360000 0.150000
vt 0.410000 0.010000
vt 0.580000 0.010000
vt 0.580000 0.140000
vt 0.410000 0.140000
vt 0.580000 0.420000
vt 0.580000 0.540000
vt 0.450000 0.530000
vt 0.450000 0.450000
vt 0.710000 0.950000
vt 0.660000 0.890000
vt 0.140000 0.940000
vt 0.010000 0.950000
vt 0.760000 0.890000
vt 0.320000 0.410000
vt 0.320000 0.530000
vt 0.270000 0.950000
vt 0.800000 0.980000
vt 0.800000 0.930000
vt 0.810000 0.930000
vt 0.810000 0.980000
vt 0.780000 0.980000
vt 0.780000 0.930000
vt 0.770000 0.930000
vt 0.770000 0.980000
vt 0.770000 0.990000
vt 0.780000 0.990000
vt 0.730000 0.930000
vt 0.740000 0.930000
vt 0.740000 0.980000
vt 0.730000 0.980000
vt 0.760000 0.980000
vt 0.860000 0.480000
vt 0.860000 0.450000
vt 0.940000 0.450000
vt 0.940000 0.480000
vt 0.950000 0.400000
vt 0.990000 0.400000
vt 0.990000 0.450000
vt 0.950000 0.450000
vt 0.990000 0.350000
vt 0.900000 0.350000
vt 0.900000 0.390000
vt 0.990000 0.390000
vt 0.680000 0.240000
vt 0.710000 0.240000
vt 0.710000 0.620000
vt 0.680000 0.620000
vt 0.610000 0.690000
vt 0.800000 0.690000
vt 0.800000 0.760000
vt 0.610000 0.760000
vt 0.870000 0.950000
vt 0.860000 0.970000
vt 0.860000 0.910000
vt 0.870000 0.910000
vt 0.900000 0.940000
vt 0.900000 0.910000
vt 0.910000 0.910000
vt 0.910000 0.940000
vt 0.980000 0.830000
vt 0.980000 0.760000
vt 0.890000 0.940000
vt 0.890000 0.910000
vt 0.950000 0.930000
vt 0.970000 0.930000
vt 0.970000 0.940000
vt 0.970000 0.970000
vt 0.970000 0.990000
vt 0.960000 0.990000
vt 0.860000 0.980000
vt 0.870000 0.970000
vt 0.880000 0.970000
vt 0.860000 0.990000
vt 0.900000 0.990000
vt 0.900000 0.970000
vt 0.910000 0.990000
vt 0.930000 0.970000
vt 0.930000 0.980000
vt 0.850000 0.950000
vt 0.850000 0.910000
vt 0.980000 0.900000
vt 0.930000 0.930000
vt 0.840000 0.970000
vt 0.850000 0.970000
vt 0.990000 0.780000
vt 0.990000 0.670000
vt 0.990000 0.830000
vt 0.990000 0.890000
vt 0.990000 0.990000
vt 0.930000 0.950000
vt 0.930000 0.960000
vt 0.900000 0.960000
vt 0.900000 0.950000
vt 0.960000 0.950000
vt 0.960000 0.960000
vt 0.840000 0.920000
vt 0.850000 0.920000
vt 0.980000 0.990000
vt 0.980000 0.670000
vt 0.880000 0.920000
vt 0.970000 0.950000
vt 0.890000 0.950000
vt 0.950000 0.920000
vt 0.970000 0.920000
vt 0.930000 0.920000
vt 0.980000 0.950000
vt 0.980000 0.960000
vt 0.970000 0.960000
vt 0.980000 0.940000
vt 0.890000 0.990000
vt 0.890000 0.970000
vt 0.880000 0.960000
vt 0.880000 0.950000
vt 0.890000 0.960000
vt 0.040000 0.350000
vt 0.040000 0.250000
vt 0.070000 0.250000
vt 0.070000 0.360000
vt 0.130000 0.330000
vt 0.100000 0.350000
vt 0.100000 0.250000
vt 0.130000 0.250000
vt 0.010000 0.330000
vt 0.010000 0.250000
vt 0.930000 0.520000
vt 0.940000 0.520000
vt 0.940000 0.580000
vt 0.930000 0.580000
vt 0.920000 0.490000
vt 0.910000 0.490000
vt 0.910000 0.540000
vt 0.920000 0.550000
vt 0.970000 0.520000
vt 0.950000 0.520000
vt 0.950000 0.580000
vt 0.970000 0.580000
vt 0.940000 0.640000
vt 0.930000 0.640000
vt 0.890000 0.580000
vt 0.890000 0.590000
vt 0.950000 0.640000
vt 0.970000 0.640000
vt 0.940000 0.690000
vt 0.930000 0.690000
vt 0.860000 0.590000
vt 0.860000 0.610000
vt 0.950000 0.690000
vt 0.970000 0.690000
vt 0.830000 0.580000
vt 0.830000 0.590000
vt 0.810000 0.540000
vt 0.800000 0.550000
vt 0.810000 0.490000
vt 0.800000 0.490000
vt 0.820000 0.220000
vt 0.850000 0.220000
vt 0.840000 0.390000
vt 0.810000 0.390000
vt 0.760000 0.220000
vt 0.800000 0.220000
vt 0.790000 0.380000
vt 0.760000 0.380000
vt 0.820000 0.520000
vt 0.850000 0.520000
vt 0.800000 0.510000
vt 0.760000 0.530000
vt 0.180000 0.920000
vt 0.090000 0.920000
vt 0.090000 0.930000
vt 0.180000 0.930000
vt 0.000000 0.900000
vt 0.100000 0.890000
vt 0.100000 0.900000
vt 0.000000 0.910000
vt 0.000000 0.920000
vt 0.000000 0.930000
vt 0.200000 0.900000
vt 0.200000 0.910000
vt 0.200000 0.930000
vt 0.230000 0.900000
vt 0.230000 0.930000
vt 0.260000 0.760000
vt 0.260000 0.900000
vt 0.220000 0.840000
vt 0.220000 0.760000
vt 0.110000 0.810000
vt 0.110000 0.870000
vt 0.020000 0.880000
vt 0.020000 0.810000
vt 0.310000 0.840000
vt 0.310000 0.760000
vt 0.110000 0.740000
vt 0.110000 0.800000
vt 0.010000 0.800000
vt 0.010000 0.740000
vt 0.200000 0.810000
vt 0.200000 0.880000
vt 0.200000 0.740000
vt 0.200000 0.800000
vt 0.360000 0.650000
vt 0.360000 0.750000
vt 0.340000 0.750000
vt 0.330000 0.650000
vt 0.360000 0.890000
vt 0.330000 0.870000
vt 0.450000 0.670000
vt 0.450000 0.760000
vt 0.430000 0.760000
vt 0.420000 0.670000
vt 0.450000 0.890000
vt 0.420000 0.890000
vt 0.410000 0.660000
vt 0.380000 0.660000
vt 0.390000 0.770000
vt 0.410000 0.770000
vt 0.380000 0.880000
vt 0.410000 0.880000
vt 0.720000 0.620000
vt 0.720000 0.520000
vt 0.730000 0.520000
vt 0.730000 0.620000
vt 0.740000 0.620000
vt 0.740000 0.430000
vt 0.730000 0.430000
vt 0.590000 0.580000
vt 0.640000 0.580000
vt 0.640000 0.630000
vt 0.590000 0.630000
vt 0.750000 0.420000
vt 0.730000 0.420000
vt 0.730000 0.360000
vt 0.750000 0.360000
vt 0.920000 0.710000
vt 0.970000 0.710000
vt 0.920000 0.730000
vt 0.730000 0.290000
vt 0.730000 0.240000
vt 0.750000 0.240000
vt 0.750000 0.290000
vt 0.860000 0.720000
vt 0.860000 0.730000
vt 0.810000 0.720000
vt 0.810000 0.700000
vt 0.730000 0.330000
vt 0.750000 0.330000
vt 0.890000 0.740000
vt 0.890000 0.720000
vt 0.830000 0.620000
vt 0.920000 0.620000
vt 0.920000 0.610000
vt 0.830000 0.610000
vt 0.830000 0.630000
vt 0.920000 0.630000
vt 0.710000 0.650000
vt 0.710000 0.660000
vt 0.750000 0.660000
vt 0.750000 0.650000
vt 0.710000 0.640000
vt 0.750000 0.640000
vt 0.580000 0.640000
vt 0.620000 0.660000
vt 0.620000 0.640000
vt 0.920000 0.640000
vt 0.830000 0.640000
vt 0.750000 0.610000
vt 0.750000 0.620000
vt 0.750000 0.630000
vt 0.670000 0.660000
vt 0.670000 0.640000
vt 0.410000 0.650000
vt 0.410000 0.570000
vt 0.440000 0.570000
vt 0.440000 0.660000
vt 0.480000 0.650000
vt 0.480000 0.570000
s 1
f 2/1/1 4/2/2 5/3/3
f 5/3/3 6/4/1 2/1/1
f 4/2/2 8/5/4 9/6/4
f 9/6/4 5/3/3 4/2/2
f 8/5/4 11/7/5 13/8/5
f 13/8/5 9/6/4 8/5/4
f 12/9/5 16/10/6 17/11/7
f 17/11/7 14/12/5 12/9/5
f 16/10/6 19/13/8 20/14/8
f 20/14/8 17/11/7 16/10/6
f 19/13/8 22/15/9 23/16/9
f 23/16/9 20/14/8 19/13/8
f 22/15/9 25/17/10 26/18/11
f 26/18/11 23/16/9 22/15/9
f 25/17/10 28/19/12 29/20/12
f 29/20/12 26/18/11 25/17/10
f 28/19/12 31/21/13 32/22/13
f 32/22/13 29/20/12 28/19/12
f 31/21/13 34/23/14 35/24/14
f 35/24/14 32/22/13 31/21/13
f 34/23/14 37/25/15 38/26/16
f 38/26/16 35/24/14 34/23/14
f 37/25/15 2/1/1 6/4/1
f 6/4/1 38/26/16 37/25/15
f 41/27/17 44/28/17 47/29/17
f 47/29/17 50/30/17 41/27/17
f 53/31/18 40/27/18 49/30/18
f 49/30/18 56/32/18 53/31/18
f 59/33/19 52/31/19 55/32/19
f 55/32/19 62/34/19 59/33/19
f 64/35/20 58/36/20 61/37/20
f 61/37/20 67/38/20 64/35/20
f 70/39/21 65/35/21 68/38/21
f 68/38/21 73/40/21 70/39/21
f 77/41/22 71/39/22 74/40/23
f 74/40/23 80/42/22 77/41/22
f 83/43/24 76/41/24 79/42/24
f 79/42/24 86/44/24 83/43/24
f 89/45/25 82/43/25 85/44/25
f 85/44/25 92/46/25 89/45/25
f 94/47/26 88/45/26 91/46/26
f 91/46/26 97/48/26 94/47/26
f 100/49/27 95/47/27 98/48/27
f 98/48/27 103/50/27 100/49/27
f 106/51/28 101/49/28 104/50/28
f 104/50/28 109/52/28 106/51/28
f 43/28/29 107/51/30 110/52/31
f 110/52/31 46/29/29 43/28/29
s 0
f 3/53/32 1/54/32 42/54/32
f 42/54/32 39/53/32 3/53/32
f 1/54/32 36/55/32 105/55/32
f 105/55/32 42/54/32 1/54/32
f 36/55/32 33/56/32 99/56/32
f 99/56/32 105/55/32 36/55/32
f 33/56/32 30/57/32 93/57/32
f 93/57/32 99/56/32 33/56/32
f 30/57/32 27/58/32 87/59/32
f 87/59/32 93/57/32 30/57/32
f 27/58/32 24/60/32 81/61/32
f 81/61/32 87/59/32 27/58/32
f 24/60/32 21/62/32 75/62/32
f 75/62/32 81/61/32 24/60/32
f 21/62/32 18/63/32 69/64/32
f 69/64/32 75/62/32 21/62/32
f 18/63/32 15/65/32 63/66/32
f 63/66/32 69/64/32 18/63/32
f 15/65/32 10/67/32 57/67/32
f 57/67/32 63/66/32 15/65/32
f 10/67/32 7/68/32 51/68/32
f 51/68/32 57/67/32 10/67/32
f 7/68/32 3/53/32 39/53/32
f 39/53/32 51/68/32 7/68/32
f 111/54/33 113/53/33 48/53/33
f 48/53/33 45/54/33 111/54/33
f 113/53/33 115/68/33 54/68/33
f 54/68/33 48/53/33 113/53/33
f 115/68/33 118/67/33 60/67/33
f 60/67/33 54/68/33 115/68/33
f 118/67/33 121/65/33 66/66/33
f 66/66/33 60/67/33 118/67/33
f 121/65/33 123/63/33 72/64/33
f 72/64/33 66/66/33 121/65/33
f 123/63/33 126/62/33 78/62/33
f 78/62/33 72/64/33 123/63/33
f 126/62/33 128/60/33 84/61/33
f 84/61/33 78/62/33 126/62/33
f 128/60/33 130/58/33 90/59/33
f 90/59/33 84/61/33 128/60/33
f 130/58/33 132/57/33 96/57/33
f 96/57/33 90/59/33 130/58/33
f 132/57/33 134/56/33 102/56/33
f 102/56/33 96/57/33 132/57/33
f 134/56/33 136/55/33 108/55/33
f 108/55/33 102/56/33 134/56/33
f 136/55/33 111/54/33 45/54/33
f 45/54/33 108/55/33 136/55/33
s 1
f 112/69/1 140/70/1 143/71/3
f 143/71/3 114/72/3 112/69/1
f 114/72/3 143/71/3 147/73/18
f 147/73/18 117/74/18 114/72/3
f 116/74/34 145/73/34 151/75/34
f 151/75/34 120/76/34 116/74/34
f 119/76/35 149/75/35 153/77/36
f 153/77/36 122/78/7 119/76/35
f 122/78/7 153/77/36 157/79/8
f 157/79/8 124/80/37 122/78/7
f 125/81/38 158/82/38 161/83/9
f 161/83/9 127/84/9 125/81/38
f 127/84/9 161/83/9 164/85/11
f 164/85/11 129/86/39 127/84/9
f 129/86/39 164/85/11 166/87/12
f 166/87/12 131/88/40 129/86/39
f 131/88/40 166/87/12 168/89/13
f 168/89/13 133/90/13 131/88/40
f 133/90/13 168/89/13 172/91/14
f 172/91/14 135/92/14 133/90/13
f 135/92/14 172/91/14 176/93/41
f 176/93/41 137/94/15 135/92/14
f 137/94/15 176/93/41 140/70/1
f 140/70/1 112/69/1 137/94/15
s 0
f 177/95/32 179/96/32 181/96/32
f 181/96/32 184/95/32 177/95/32
f 187/97/32 177/95/32 184/95/32
f 184/95/32 190/97/32 187/97/32
f 193/67/32 187/97/32 190/97/32
f 190/97/32 195/98/32 193/67/32
f 198/99/32 193/67/32 195/98/32
f 195/98/32 200/99/32 198/99/32
f 203/100/32 198/99/32 200/99/32
f 200/99/32 205/100/32 203/100/32
f 208/101/32 203/100/32 205/100/32
f 205/100/32 210/101/32 208/101/32
f 213/61/32 208/101/32 210/101/32
f 210/101/32 215/61/32 213/61/32
f 218/59/32 213/61/32 215/61/32
f 215/61/32 220/102/32 218/59/32
f 223/103/32 218/59/32 220/102/32
f 220/102/32 225/103/32 223/103/32
f 228/104/32 223/103/32 225/103/32
f 225/103/32 230/105/32 228/104/32
f 233/106/32 228/104/32 230/105/32
f 230/105/32 235/106/32 233/106/32
f 179/96/32 233/106/32 235/106/32
f 235/106/32 181/96/32 179/96/32
s 1
f 186/107/42 183/108/42 239/109/42
f 239/109/42 244/110/43 186/107/42
f 192/111/44 185/107/45 242/110/45
f 242/110/45 248/112/44 192/111/44
f 197/113/46 191/111/46 246/112/46
f 246/112/46 252/114/46 197/113/46
f 201/115/47 196/113/47 250/114/47
f 250/114/47 254/116/47 201/115/47
f 206/117/48 202/115/48 256/116/48
f 256/116/48 258/118/49 206/117/48
f 212/119/50 207/117/51 260/118/50
f 260/118/50 263/120/50 212/119/50
f 217/121/52 211/119/52 262/120/53
f 262/120/53 268/122/53 217/121/52
f 222/123/54 216/121/55 266/122/54
f 266/122/54 272/124/54 222/123/54
f 226/125/56 221/123/56 270/124/56
f 270/124/56 274/126/57 226/125/56
f 231/127/58 227/128/58 276/129/58
f 276/129/58 278/130/58 231/127/58
f 236/131/59 232/127/59 280/130/60
f 280/130/60 282/132/59 236/131/59
f 182/108/61 237/131/62 284/132/61
f 284/132/61 238/109/61 182/108/61
f 245/110/63 240/109/63 287/133/64
f 287/133/64 289/134/65 245/110/63
f 249/112/66 243/110/66 288/134/67
f 288/134/67 291/135/66 249/112/66
f 253/114/68 247/112/68 290/135/69
f 290/135/69 293/136/70 253/114/68
f 255/116/71 251/114/72 292/136/72
f 292/136/72 294/137/73 255/116/71
f 259/118/74 257/116/75 295/137/75
f 295/137/75 296/138/76 259/118/74
f 265/120/77 261/118/78 297/138/79
f 297/138/79 298/139/79 265/120/77
f 269/122/80 264/120/81 299/139/82
f 299/139/82 301/140/83 269/122/80
f 273/124/84 267/122/84 300/140/85
f 300/140/85 303/141/84 273/124/84
f 275/126/86 271/124/86 302/141/87
f 302/141/87 304/142/86 275/126/86
f 279/130/88 277/129/89 305/143/90
f 305/143/90 306/144/89 279/130/88
f 283/132/91 281/130/92 307/144/92
f 307/144/92 308/145/92 283/132/91
f 241/109/93 285/132/94 309/145/95
f 309/145/95 286/133/95 241/109/93
f 311/146/96 314/147/97 142/148/97
f 142/148/97 138/149/97 311/146/96
f 313/147/98 319/150/99 146/151/99
f 146/151/99 141/148/98 313/147/98
f 316/152/100 322/153/100 150/154/100
f 150/154/100 144/155/100 316/152/100
f 320/153/101 323/142/101 152/156/101
f 152/156/101 148/154/101 320/153/101
f 325/142/102 326/157/103 155/158/102
f 155/158/102 154/156/104 325/142/102
f 327/157/105 330/159/105 160/160/106
f 160/160/106 156/158/105 327/157/105
f 329/159/107 333/161/107 163/162/107
f 163/162/107 159/160/107 329/159/107
f 332/161/108 337/163/109 167/164/110
f 167/164/110 162/162/111 332/161/108
f 335/163/112 338/165/112 169/166/112
f 169/166/112 165/164/112 335/163/112
f 340/165/113 341/167/113 171/168/113
f 171/168/113 170/166/113 340/165/113
f 343/167/114 344/169/115 174/170/116
f 174/170/116 173/168/117 343/167/114
f 345/169/118 310/146/118 139/149/119
f 139/149/119 175/170/118 345/169/118
f 180/171/120 178/172/2 315/173/3
f 315/173/3 312/174/120 180/171/120
f 178/172/2 188/175/4 317/176/4
f 317/176/4 315/173/3 178/172/2
f 189/177/4 194/178/121 321/179/121
f 321/179/121 318/180/4 189/177/4
f 194/178/121 199/86/122 324/181/36
f 324/181/36 321/179/121 194/178/121
f 199/86/122 204/182/38 328/183/38
f 328/183/38 324/181/36 199/86/122
f 204/182/38 209/184/123 331/185/124
f 331/185/124 328/183/38 204/182/38
f 209/184/123 214/186/11 334/187/11
f 334/187/11 331/185/124 209/184/123
f 214/186/11 219/188/12 336/189/125
f 336/189/125 334/187/11 214/186/11
f 219/188/12 224/190/126 339/191/126
f 339/191/126 336/189/125 219/188/12
f 224/190/126 229/76/14 342/192/14
f 342/192/14 339/191/126 224/190/126
f 229/76/14 234/193/16 346/194/15
f 346/194/15 342/192/14 229/76/14
f 234/193/16 180/171/120 312/174/120
f 312/174/120 346/194/15 234/193/16
f 349/195/127 353/196/127 357/197/127
f 357/197/127 360/198/127 349/195/127
f 362/199/128 364/200/128 366/201/128
f 366/201/128 368/202/128 362/199/128
f 370/203/129 372/204/130 375/205/129
f 375/205/129 379/206/129 370/203/129
f 382/202/131 384/201/131 386/200/131
f 386/200/131 388/199/131 382/202/131
f 390/207/132 392/207/132 394/208/132
f 394/208/132 396/209/132 390/207/132
f 400/209/133 405/210/133 408/211/133
f 374/212/134 413/196/135 417/213/134
f 417/213/134 378/214/136 374/212/134
f 421/210/137 425/209/137 429/211/137
f 433/215/138 437/216/138 430/211/138
f 430/211/138 426/209/138 433/215/138
f 441/217/139 444/218/140 356/197/140
f 356/197/140 352/196/139 441/217/139
f 446/219/141 448/220/141 371/204/142
f 371/204/142 369/203/141 446/219/141
f 452/209/143 454/208/143 391/207/143
f 391/207/143 389/207/143 452/209/143
f 373/212/144 450/214/145 458/213/145
f 458/213/145 412/196/145 373/212/144
f 434/215/146 401/209/146 409/211/147
f 409/211/147 438/216/147 434/215/146
f 461/221/131 415/222/131 348/222/131
f 348/222/131 359/221/131 461/221/131
f 414/222/148 410/203/149 350/203/149
f 350/203/149 347/222/148 414/222/148
f 411/203/150 455/206/150 439/206/151
f 439/206/151 351/203/152 411/203/150
f 456/206/128 465/223/128 443/223/128
f 443/223/128 440/206/128 456/206/128
f 464/224/153 467/225/153 354/226/153
f 354/226/153 442/224/153 464/224/153
f 468/225/154 459/224/154 358/224/154
f 358/224/154 355/226/154 468/225/154
f 449/214/137 472/227/137 466/228/137
f 466/228/137 457/213/137 449/214/137
f 471/229/131 447/220/131 445/219/131
f 445/219/131 474/221/131 471/229/131
f 380/206/128 376/205/128 477/230/128
f 477/230/128 480/223/128 380/206/128
f 478/227/155 377/214/155 416/213/155
f 416/213/155 462/228/155 478/227/155
f 366/201/128 364/200/128 482/199/128
f 482/199/128 485/202/128 366/201/128
f 476/231/156 460/224/156 407/232/156
f 407/232/156 403/233/157 476/231/156
f 459/224/154 468/225/154 436/234/154
f 436/234/154 406/232/154 459/224/154
f 467/225/153 464/224/153 428/232/153
f 428/232/153 435/234/153 467/225/153
f 463/224/158 470/231/158 419/233/158
f 419/233/158 427/232/158 463/224/158
f 386/200/131 384/201/131 488/202/131
f 488/202/131 491/199/131 386/200/131
f 394/208/132 392/207/132 432/235/132
f 432/235/132 423/236/132 394/208/132
f 391/207/143 454/208/143 398/236/143
f 398/236/143 431/235/143 391/207/143
s 0
f 479/236/33 475/231/33 363/237/33
f 363/237/33 361/238/33 479/236/33
f 475/231/33 402/233/33 481/239/33
f 481/239/33 363/237/33 475/231/33
s 1
f 404/210/159 399/209/159 486/240/160
f 486/240/160 483/241/160 404/210/159
s 0
f 397/236/32 453/208/32 365/242/32
f 365/242/32 484/238/32 397/236/32
f 453/208/32 451/209/32 367/240/32
f 367/240/32 365/242/32 453/208/32
f 395/209/32 393/208/32 383/242/32
f 383/242/32 381/240/32 395/209/32
f 393/208/32 422/236/32 487/238/32
f 487/238/32 383/242/32 393/208/32
s 1
f 424/209/161 420/210/161 492/241/161
f 492/241/161 489/240/162 424/209/161
s 0
f 418/233/33 469/231/33 385/237/33
f 385/237/33 490/239/33 418/233/33
f 469/231/33 473/236/33 387/238/33
f 387/238/33 385/237/33 469/231/33
f 493/195/5 496/196/5 500/197/5
f 500/197/5 504/198/5 493/195/5
s 1
f 508/199/163 510/200/164 512/201/164
f 512/201/164 514/202/163 508/199/163
f 516/203/165 520/204/165 524/205/166
f 523/205/165 526/206/165 516/203/165
f 529/202/167 531/201/168 533/200/169
f 533/200/169 535/199/170 529/202/167
f 536/207/171 538/207/171 541/208/171
f 541/208/171 543/209/171 536/207/171
f 547/209/172 551/210/172 556/211/172
f 519/212/173 559/196/173 563/213/174
f 563/213/174 521/214/174 519/212/173
f 566/210/175 572/209/175 575/211/175
f 578/215/176 582/216/176 574/211/177
f 574/211/177 571/209/178 578/215/176
f 585/217/179 588/218/179 502/197/179
f 502/197/179 497/196/179 585/217/179
f 591/219/180 595/220/180 518/204/180
f 518/204/180 515/203/181 591/219/180
f 598/209/182 600/208/182 539/207/182
f 539/207/182 537/207/182 598/209/182
f 517/212/183 593/214/184 601/213/183
f 601/213/183 557/196/183 517/212/183
f 579/215/185 545/209/185 555/211/185
f 555/211/185 583/216/186 579/215/185
f 607/221/170 562/222/170 495/222/187
f 495/222/187 506/221/187 607/221/170
f 561/222/188 558/203/188 498/203/188
f 498/203/188 494/222/188 561/222/188
f 560/203/189 603/206/190 586/206/189
f 586/206/189 499/203/189 560/203/189
f 604/206/164 611/223/164 590/223/164
f 590/223/164 587/206/164 604/206/164
f 610/224/191 613/225/192 503/226/192
f 503/226/192 589/224/192 610/224/191
f 612/225/193 605/224/193 505/224/193
f 505/224/193 501/226/193 612/225/193
f 594/214/194 615/227/195 609/228/195
f 609/228/195 602/213/194 594/214/194
f 616/229/170 596/220/170 592/219/170
f 592/219/170 619/221/170 616/229/170
f 527/206/164 525/205/164 623/230/164
f 623/230/164 625/223/164 527/206/164
f 622/227/172 522/214/172 564/213/172
f 564/213/172 608/228/172 622/227/172
f 512/201/164 510/200/164 628/199/163
f 628/199/163 631/202/163 512/201/164
f 621/231/196 606/224/196 554/232/196
f 554/232/196 550/233/196 621/231/196
f 605/224/193 612/225/193 581/234/193
f 581/234/193 553/232/193 605/224/193
f 613/225/192 610/224/191 576/232/197
f 576/232/197 584/234/192 613/225/192
f 610/224/191 617/231/198 568/233/198
f 568/233/198 576/232/197 610/224/191
f 533/200/169 531/201/168 634/202/170
f 634/202/170 637/199/170 533/200/169
f 541/208/171 538/207/171 577/235/171
f 577/235/171 570/236/171 541/208/171
f 539/207/182 600/208/182 546/236/182
f 546/236/182 580/235/199 539/207/182
s 0
f 624/236/33 620/231/33 509/237/33
f 509/237/33 507/238/33 624/236/33
f 620/231/33 549/233/33 626/239/33
f 626/239/33 509/237/33 620/231/33
s 1
f 552/210/200 548/209/201 630/240/200
f 630/240/200 627/241/200 552/210/200
s 0
f 544/236/32 599/208/32 511/242/32
f 511/242/32 629/238/32 544/236/32
f 599/208/32 597/209/32 513/240/32
f 513/240/32 511/242/32 599/208/32
f 542/209/32 540/208/32 530/242/32
f 530/242/32 528/240/32 542/209/32
f 540/208/32 569/236/32 632/238/32
f 632/238/32 530/242/32 540/208/32
s 1
f 573/209/202 567/210/203 636/241/202
f 636/241/202 633/240/202 573/209/202
s 0
f 565/233/33 614/231/33 532/237/33
f 532/237/33 635/239/33 565/233/33
f 614/231/33 618/236/33 534/238/33
f 534/238/33 532/237/33 614/231/33
s 1
f 640/243/204 641/244/205 643/245/204
f 643/245/204 647/246/204 640/243/204
f 638/247/206 646/248/207 650/249/207
f 649/249/208 652/250/209 639/247/207
f 648/246/210 644/245/211 653/251/212
f 653/251/212 651/252/213 648/246/210
f 645/248/214 642/247/214 655/250/215
f 655/250/215 654/249/216 645/248/214
f 658/195/217 661/196/217 665/197/217
f 665/197/217 669/198/217 658/195/217
f 671/199/218 673/200/219 675/201/164
f 675/201/164 677/202/218 671/199/218
f 679/203/220 684/204/220 687/205/220
f 687/205/165 689/206/165 680/203/221
f 692/202/167 694/201/187 696/200/187
f 697/200/187 699/199/170 692/202/170
f 700/207/171 702/207/171 705/208/171
f 705/208/171 707/209/171 700/207/171
f 711/209/172 715/210/172 720/211/172
f 683/212/222 723/196/173 727/213/174
f 727/213/174 685/214/174 683/212/222
f 730/210/175 736/209/175 739/211/194
f 742/215/223 746/216/176 738/211/177
f 738/211/177 735/209/178 742/215/223
f 749/217/179 752/218/179 664/197/179
f 664/197/179 659/196/179 749/217/179
f 755/219/224 759/220/224 682/204/225
f 682/204/225 678/203/225 755/219/224
f 763/209/182 765/208/182 703/207/182
f 703/207/182 701/207/182 762/209/182
f 681/212/183 757/214/183 766/213/183
f 766/213/183 721/196/183 681/212/183
f 743/215/185 709/209/185 719/211/185
f 719/211/185 747/216/226 743/215/185
f 772/221/167 726/222/170 657/222/170
f 657/222/170 668/221/167 772/221/167
f 725/222/188 722/203/188 660/203/188
f 660/203/188 656/222/227 725/222/188
f 724/203/189 768/206/189 750/206/189
f 750/206/189 662/203/189 724/203/189
f 769/206/164 776/223/164 754/223/164
f 754/223/164 751/206/164 769/206/164
f 775/224/191 778/225/192 666/226/192
f 666/226/192 753/224/192 775/224/191
f 777/225/193 770/224/193 667/224/193
f 667/224/193 663/226/193 777/225/193
f 758/214/175 780/227/194 774/228/175
f 774/228/175 767/213/175 758/214/175
f 781/229/187 760/220/187 756/219/187
f 756/219/187 784/221/187 781/229/187
f 690/206/164 688/205/163 788/230/228
f 788/230/228 790/223/219 690/206/164
f 787/227/172 686/214/172 728/213/172
f 728/213/172 773/228/172 787/227/172
f 675/201/164 673/200/219 793/199/163
f 793/199/163 796/202/163 675/201/164
f 786/231/196 771/224/196 718/232/196
f 718/232/196 714/233/196 786/231/196
f 770/224/193 777/225/193 745/234/193
f 745/234/193 717/232/193 770/224/193
f 778/225/192 775/224/191 740/232/229
f 740/232/229 748/234/192 778/225/192
f 775/224/191 782/231/198 732/233/198
f 732/233/198 740/232/229 775/224/191
f 696/200/187 694/201/187 799/202/170
f 799/202/170 802/199/170 696/200/187
f 705/208/171 702/207/171 741/235/171
f 741/235/171 734/236/171 705/208/171
f 703/207/182 765/208/182 710/236/182
f 710/236/182 744/235/182 703/207/182
s 0
f 789/236/33 785/231/33 672/237/33
f 672/237/33 670/238/33 789/236/33
f 785/231/33 713/233/33 791/239/33
f 791/239/33 672/237/33 785/231/33
s 1
f 716/210/200 712/209/200 795/240/200
f 795/240/200 792/241/200 716/210/200
s 0
f 708/236/32 764/208/32 674/242/32
f 674/242/32 794/238/32 708/236/32
f 764/208/32 761/209/32 676/240/32
f 676/240/32 674/242/32 764/208/32
f 706/209/32 704/208/32 693/242/32
f 693/242/32 691/240/32 706/209/32
f 704/208/32 733/236/32 797/238/32
f 797/238/32 693/242/32 704/208/32
s 1
f 737/209/202 731/210/202 801/241/202
f 801/241/202 798/240/202 737/209/202
s 0
f 729/233/33 779/231/33 695/237/33
f 695/237/33 800/239/33 729/233/33
f 779/231/33 783/236/33 698/238/33
f 698/238/33 695/237/33 779/231/33
s 1
f 805/243/230 806/244/230 808/245/230
f 808/245/230 812/246/230 805/243/230
f 804/247/231 811/248/231 815/249/232
f 814/249/232 817/250/233 803/247/234
f 813/246/235 809/245/236 818/251/237
f 818/251/237 816/252/238 813/246/235
f 810/248/239 807/247/239 820/250/239
f 820/250/239 819/249/239 810/248/239
f 821/195/240 826/196/240 831/197/240
f 831/197/240 833/198/240 821/195/240
f 836/199/131 838/200/131 840/201/131
f 840/201/131 842/202/131 836/199/131
f 843/203/241 845/204/241 849/205/241
f 849/205/241 853/206/241 843/203/241
f 856/202/128 858/201/128 860/200/128
f 860/200/128 862/199/128 856/202/128
f 863/207/143 865/207/143 868/208/143
f 868/208/143 870/209/242 863/207/143
f 874/209/243 879/210/243 882/211/243
f 847/212/244 886/196/244 889/213/245
f 889/213/245 852/214/245 847/212/244
f 895/210/246 899/209/246 903/211/246
f 907/215/247 911/216/247 904/211/248
f 904/211/248 900/209/247 907/215/247
f 915/217/249 918/218/249 830/197/250
f 830/197/250 825/196/250 915/217/249
f 920/219/251 924/220/251 848/204/251
f 848/204/251 844/203/251 920/219/251
f 926/209/132 928/208/132 866/207/132
f 866/207/132 864/207/132 926/209/132
f 846/212/252 922/214/253 932/213/253
f 932/213/253 885/196/253 846/212/252
f 908/215/254 875/209/255 883/211/256
f 883/211/256 912/216/256 908/215/254
f 936/221/128 891/222/128 823/222/128
f 823/222/128 834/221/128 936/221/128
f 890/222/150 887/203/151 827/203/150
f 827/203/150 822/222/151 890/222/150
f 884/203/148 929/206/149 913/206/149
f 913/206/149 824/203/148 884/203/148
f 930/206/131 939/223/131 917/223/131
f 917/223/131 914/206/131 930/206/131
f 938/224/257 942/225/257 829/226/257
f 829/226/257 916/224/257 938/224/257
f 941/225/258 933/224/258 832/224/258
f 832/224/258 828/226/258 941/225/258
f 921/214/246 945/227/246 940/228/246
f 940/228/246 931/213/246 921/214/246
f 946/229/128 923/220/128 919/219/128
f 919/219/128 948/221/128 946/229/128
f 854/206/131 850/205/131 951/230/131
f 951/230/131 954/223/131 854/206/131
f 952/227/243 851/214/243 888/213/243
f 888/213/243 935/228/243 952/227/243
f 840/201/131 838/200/131 956/199/131
f 956/199/131 959/202/131 840/201/131
f 950/231/259 934/224/259 881/232/259
f 881/232/259 877/233/259 950/231/259
f 933/224/258 941/225/258 909/234/258
f 909/234/258 880/232/258 933/224/258
f 942/225/257 938/224/257 902/232/257
f 902/232/257 910/234/257 942/225/257
f 937/224/260 944/231/260 893/233/260
f 893/233/260 901/232/260 937/224/260
f 860/200/128 858/201/128 963/202/128
f 963/202/128 966/199/128 860/200/128
f 868/208/143 865/207/143 905/235/143
f 905/235/143 897/236/143 868/208/143
f 866/207/132 928/208/132 872/236/132
f 872/236/132 906/235/132 866/207/132
s 0
f 953/236/33 949/231/33 837/237/33
f 837/237/33 835/238/33 953/236/33
f 949/231/33 876/233/33 955/239/33
f 955/239/33 837/237/33 949/231/33
s 1
f 878/210/261 873/209/261 960/240/261
f 960/240/261 957/241/261 878/210/261
s 0
f 871/236/32 927/208/32 839/242/32
f 839/242/32 958/238/32 871/236/32
f 927/208/32 925/209/32 841/240/32
f 841/240/32 839/242/32 927/208/32
f 869/209/32 867/208/32 857/242/32
f 857/242/32 855/240/32 869/209/32
f 867/208/32 896/236/32 961/238/32
f 961/238/32 857/242/32 867/208/32
s 1
f 898/209/262 894/210/262 965/241/262
f 965/241/262 962/240/262 898/209/262
s 0
f 892/233/33 943/231/33 859/237/33
f 859/237/33 964/239/33 892/233/33
f 943/231/33 947/236/33 861/238/33
f 861/238/33 859/237/33 943/231/33
s 1
f 967/243/263 969/244/263 971/245/263
f 971/245/263 974/246/263 967/243/263
s 0
f 968/247/1 976/248/1 978/249/1
f 978/249/1 979/250/1 968/247/1
s 1
f 975/246/264 972/245/264 980/251/264
f 980/251/264 977/252/264 975/246/264
s 0
f 973/248/9 970/247/9 982/250/9
f 982/250/9 981/249/9 973/248/9
s 1
f 984/243/265 985/244/266 987/245/267
f 987/245/267 991/246/266 984/243/265
f 983/247/268 990/248/268 994/249/269
f 993/249/270 996/250/268 983/247/268
f 992/246/271 988/245/271 997/251/272
f 997/251/272 995/252/271 992/246/271
f 989/248/273 986/247/273 999/250/274
f 999/250/274 998/249/273 989/248/273
f 1000/243/275 1002/244/275 1004/245/275
f 1004/245/275 1007/246/275 1000/243/275
s 0
f 1001/247/9 1009/248/9 1011/249/9
f 1011/249/9 1012/250/9 1001/247/9
s 1
f 1008/246/276 1005/245/276 1013/251/276
f 1013/251/276 1010/252/276 1008/246/276
s 0
f 1006/248/1 1003/247/1 1015/250/1
f 1015/250/1 1014/249/1 1006/248/1
s 1
f 1016/243/277 1019/244/277 1021/245/277
f 1021/245/277 1024/246/277 1016/243/277
f 1017/247/239 1026/248/239 1028/249/278
f 1029/249/239 1030/250/279 1018/247/239
f 1025/246/280 1022/245/281 1031/251/282
f 1031/251/282 1027/252/281 1025/246/280
f 1023/248/231 1020/247/234 1033/250/231
f 1033/250/231 1032/249/231 1023/248/231
f 1034/243/283 1037/244/284 1039/245/283
f 1039/245/283 1041/246/285 1034/243/283
f 1035/247/286 1043/248/286 1045/249/287
f 1045/249/287 1046/250/286 1035/247/286
f 1042/246/288 1040/245/288 1048/251/288
f 1048/251/288 1044/252/288 1042/246/288
f 1038/248/289 1036/247/289 1049/250/290
f 1049/250/290 1047/249/289 1038/248/289
f 1050/195/240 1055/196/240 1060/197/240
f 1060/197/240 1062/198/240 1050/195/240
f 1065/199/131 1067/200/131 1069/201/131
f 1069/201/131 1071/202/131 1065/199/131
f 1072/203/291 1074/204/241 1078/205/241
f 1078/205/241 1082/206/291 1072/203/291
f 1085/202/128 1087/201/128 1089/200/128
f 1089/200/128 1091/199/128 1085/202/128
f 1092/207/143 1094/207/143 1097/208/143
f 1097/208/143 1099/209/143 1092/207/143
f 1103/209/243 1108/210/243 1111/211/243
f 1076/212/245 1115/196/244 1118/213/245
f 1118/213/245 1081/214/245 1076/212/245
f 1124/210/246 1128/209/246 1132/211/246
f 1136/215/247 1140/216/247 1133/211/247
f 1133/211/247 1129/209/247 1136/215/247
f 1144/217/249 1147/218/249 1059/197/292
f 1059/197/292 1054/196/292 1144/217/249
f 1149/219/251 1153/220/251 1077/204/251
f 1077/204/251 1073/203/251 1149/219/251
f 1155/209/132 1157/208/132 1095/207/132
f 1095/207/132 1093/207/132 1155/209/132
f 1075/212/252 1151/214/253 1161/213/253
f 1161/213/253 1114/196/253 1075/212/252
f 1137/215/256 1104/209/255 1112/211/256
f 1112/211/256 1141/216/256 1137/215/256
f 1165/221/128 1120/222/128 1051/222/128
f 1051/222/128 1063/221/128 1165/221/128
f 1119/222/150 1116/203/151 1056/203/150
f 1056/203/150 1052/222/293 1119/222/150
f 1113/203/149 1158/206/149 1142/206/149
f 1142/206/149 1053/203/148 1113/203/149
f 1159/206/131 1168/223/131 1146/223/131
f 1146/223/131 1143/206/131 1159/206/131
f 1167/224/257 1171/225/257 1058/226/257
f 1058/226/257 1145/224/257 1167/224/257
f 1170/225/258 1162/224/258 1061/224/258
f 1061/224/258 1057/226/258 1170/225/258
f 1150/214/246 1174/227/246 1169/228/246
f 1169/228/246 1160/213/246 1150/214/246
f 1175/229/128 1152/220/128 1148/219/128
f 1148/219/128 1177/221/128 1175/229/128
f 1083/206/131 1079/205/131 1180/230/131
f 1180/230/131 1183/223/131 1083/206/131
f 1181/227/243 1080/214/243 1117/213/243
f 1117/213/243 1164/228/243 1181/227/243
f 1069/201/131 1067/200/131 1185/199/131
f 1185/199/131 1188/202/131 1069/201/131
f 1179/231/259 1163/224/259 1110/232/259
f 1110/232/259 1106/233/259 1179/231/259
f 1162/224/258 1170/225/258 1138/234/258
f 1138/234/258 1109/232/258 1162/224/258
f 1171/225/257 1167/224/257 1131/232/257
f 1131/232/257 1139/234/257 1171/225/257
f 1166/224/260 1173/231/260 1122/233/260
f 1122/233/260 1130/232/260 1166/224/260
f 1089/200/128 1087/201/128 1192/202/128
f 1192/202/128 1195/199/128 1089/200/128
f 1097/208/143 1094/207/143 1134/235/143
f 1134/235/143 1126/236/143 1097/208/143
f 1095/207/132 1157/208/132 1101/236/132
f 1101/236/132 1135/235/132 1095/207/132
s 0
f 1182/236/33 1178/231/33 1066/237/33
f 1066/237/33 1064/238/33 1182/236/33
f 1178/231/33 1105/233/33 1184/239/33
f 1184/239/33 1066/237/33 1178/231/33
s 1
f 1107/210/261 1102/209/261 1189/240/261
f 1189/240/261 1186/241/261 1107/210/261
s 0
f 1100/236/32 1156/208/32 1068/242/32
f 1068/242/32 1187/238/32 1100/236/32
f 1156/208/32 1154/209/32 1070/240/32
f 1070/240/32 1068/242/32 1156/208/32
f 1098/209/32 1096/208/32 1086/242/32
f 1086/242/32 1084/240/32 1098/209/32
f 1096/208/32 1125/236/32 1190/238/32
f 1190/238/32 1086/242/32 1096/208/32
s 1
f 1127/209/262 1123/210/262 1194/241/262
f 1194/241/262 1191/240/294 1127/209/262
s 0
f 1121/233/33 1172/231/33 1088/237/33
f 1088/237/33 1193/239/33 1121/233/33
f 1172/231/33 1176/236/33 1090/238/33
f 1090/238/33 1088/237/33 1172/231/33
s 1
f 1196/195/295 1199/196/13 1203/197/13
f 1203/197/13 1207/198/295 1196/195/295
f 1211/199/296 1213/200/296 1215/201/296
f 1215/201/296 1217/202/296 1211/199/296
f 1218/203/225 1222/204/297 1227/205/225
f 1227/205/225 1229/206/225 1219/203/181
f 1232/202/298 1234/201/218 1236/200/218
f 1236/200/218 1238/199/298 1232/202/298
f 1240/207/299 1242/207/299 1244/208/299
f 1244/208/299 1246/209/299 1240/207/299
f 1250/209/300 1253/210/300 1257/211/300
f 1221/212/301 1260/196/301 1264/213/302
f 1264/213/302 1225/214/302 1221/212/301
f 1270/210/303 1275/209/303 1279/211/303
f 1283/215/304 1287/216/305 1278/211/306
f 1278/211/306 1274/209/307 1283/215/304
f 1290/217/308 1293/218/308 1206/197/308
f 1206/197/308 1201/196/308 1290/217/308
f 1294/219/309 1298/220/220 1224/204/220
f 1224/204/220 1220/203/166 1294/219/309
f 1301/209/310 1303/208/310 1241/207/310
f 1241/207/310 1239/207/310 1301/209/310
f 1223/212/311 1296/214/311 1306/213/311
f 1306/213/311 1262/196/311 1223/212/311
f 1280/215/312 1248/209/312 1256/211/312
f 1256/211/312 1284/216/313 1280/215/312
f 1311/221/218 1267/222/218 1198/222/218
f 1198/222/218 1209/221/218 1311/221/218
f 1266/222/189 1263/203/189 1202/203/189
f 1202/203/189 1197/222/314 1266/222/189
f 1261/203/188 1304/206/188 1288/206/188
f 1288/206/188 1200/203/188 1261/203/188
f 1305/206/296 1313/223/296 1292/223/296
f 1292/223/296 1289/206/296 1305/206/296
f 1312/224/315 1315/225/316 1204/226/316
f 1204/226/316 1291/224/316 1312/224/315
f 1316/225/198 1309/224/198 1208/224/198
f 1208/224/198 1205/226/198 1316/225/198
f 1297/214/303 1319/227/303 1314/228/303
f 1314/228/303 1307/213/303 1297/214/303
f 1320/229/218 1299/220/218 1295/219/218
f 1295/219/218 1322/221/218 1320/229/218
f 1230/206/296 1228/205/296 1325/230/296
f 1325/230/296 1328/223/296 1230/206/296
f 1324/227/300 1226/214/300 1265/213/300
f 1265/213/300 1308/228/300 1324/227/300
f 1215/201/296 1213/200/296 1331/199/296
f 1331/199/296 1334/202/317 1215/201/296
f 1326/231/318 1310/224/318 1259/232/318
f 1259/232/318 1255/233/318 1326/231/318
f 1309/224/198 1316/225/198 1286/234/198
f 1286/234/198 1258/232/198 1309/224/198
f 1315/225/316 1312/224/315 1277/232/319
f 1277/232/319 1285/234/316 1315/225/316
f 1312/224/315 1318/231/193 1269/233/193
f 1269/233/193 1277/232/319 1312/224/315
f 1236/200/218 1234/201/218 1337/202/218
f 1337/202/218 1340/199/298 1236/200/218
f 1244/208/299 1242/207/299 1282/235/299
f 1282/235/299 1273/236/299 1244/208/299
f 1241/207/310 1303/208/310 1249/236/320
f 1249/236/320 1281/235/310 1241/207/310
s 0
f 1327/236/33 1323/231/33 1212/237/33
f 1212/237/33 1210/238/33 1327/236/33
f 1323/231/33 1252/233/33 1329/239/33
f 1329/239/33 1212/237/33 1323/231/33
s 1
f 1254/210/321 1251/209/322 1333/240/321
f 1333/240/321 1330/241/321 1254/210/321
s 0
f 1247/236/32 1302/208/32 1214/242/32
f 1214/242/32 1332/238/32 1247/236/32
f 1302/208/32 1300/209/32 1216/240/32
f 1216/240/32 1214/242/32 1302/208/32
f 1245/209/32 1243/208/32 1233/242/32
f 1233/242/32 1231/240/32 1245/209/32
f 1243/208/32 1272/236/32 1335/238/32
f 1335/238/32 1233/242/32 1243/208/32
s 1
f 1276/209/323 1271/210/323 1339/241/323
f 1339/241/323 1336/240/323 1276/209/323
s 0
f 1268/233/33 1317/231/33 1235/237/33
f 1235/237/33 1338/239/33 1268/233/33
f 1317/231/33 1321/236/33 1237/238/33
f 1237/238/33 1235/237/33 1317/231/33
s 1
f 1342/243/324 1344/244/325 1346/245/325
f 1346/245/325 1349/246/326 1342/243/324
f 1341/247/273 1348/248/273 1352/249/273
f 1351/249/327 1354/250/273 1341/247/273
f 1350/246/328 1347/245/328 1356/251/328
f 1356/251/328 1353/252/329 1350/246/328
f 1345/248/268 1343/247/268 1357/250/330
f 1357/250/330 1355/249/268 1345/248/268
f 1358/195/13 1361/196/13 1365/197/13
f 1365/197/13 1369/198/13 1358/195/13
f 1373/199/296 1375/200/296 1377/201/296
f 1377/201/296 1379/202/296 1373/199/296
f 1380/203/225 1383/204/181 1388/205/180
f 1388/205/180 1390/206/180 1380/203/225
f 1393/202/298 1395/201/218 1397/200/218
f 1397/200/218 1399/199/298 1393/202/298
f 1401/207/299 1403/207/299 1405/208/299
f 1405/208/299 1407/209/299 1401/207/299
f 1411/209/300 1414/210/300 1418/211/300
f 1382/212/301 1421/196/301 1425/213/302
f 1425/213/302 1386/214/302 1382/212/301
f 1431/210/303 1436/209/303 1440/211/303
f 1444/215/305 1448/216/305 1439/211/306
f 1439/211/306 1435/209/306 1444/215/305
f 1451/217/308 1454/218/308 1368/197/308
f 1368/197/308 1363/196/308 1451/217/308
f 1455/219/220 1459/220/220 1385/204/309
f 1385/204/309 1381/203/166 1455/219/220
f 1462/209/310 1464/208/310 1402/207/310
f 1402/207/310 1400/207/310 1462/209/310
f 1384/212/311 1457/214/331 1467/213/311
f 1467/213/311 1423/196/311 1384/212/311
f 1441/215/312 1409/209/312 1417/211/312
f 1417/211/312 1445/216/313 1441/215/312
f 1472/221/218 1428/222/218 1360/222/218
f 1360/222/218 1371/221/218 1472/221/218
f 1427/222/189 1424/203/189 1364/203/189
f 1364/203/189 1359/222/190 1427/222/189
f 1422/203/332 1465/206/188 1449/206/188
f 1449/206/188 1362/203/188 1422/203/332
f 1466/206/296 1474/223/296 1453/223/296
f 1453/223/296 1450/206/296 1466/206/296
f 1473/224/315 1476/225/333 1366/226/316
f 1366/226/316 1452/224/316 1473/224/315
f 1477/225/198 1470/224/198 1370/224/198
f 1370/224/198 1367/226/198 1477/225/198
f 1458/214/303 1480/227/303 1475/228/303
f 1475/228/303 1468/213/303 1458/214/303
f 1481/229/218 1460/220/218 1456/219/218
f 1456/219/218 1483/221/218 1481/229/218
f 1391/206/296 1389/205/296 1486/230/296
f 1486/230/296 1489/223/296 1391/206/296
f 1485/227/300 1387/214/300 1426/213/300
f 1426/213/300 1469/228/300 1485/227/300
f 1377/201/296 1375/200/296 1492/199/296
f 1492/199/296 1495/202/296 1377/201/296
f 1487/231/334 1471/224/334 1420/232/334
f 1420/232/334 1416/233/334 1487/231/334
f 1470/224/198 1477/225/198 1447/234/198
f 1447/234/198 1419/232/198 1470/224/198
f 1476/225/333 1473/224/315 1438/232/335
f 1438/232/335 1446/234/316 1476/225/333
f 1473/224/315 1479/231/193 1430/233/193
f 1430/233/193 1438/232/335 1473/224/315
f 1397/200/218 1395/201/218 1498/202/298
f 1498/202/298 1501/199/298 1397/200/218
f 1405/208/299 1403/207/299 1443/235/299
f 1443/235/299 1434/236/299 1405/208/299
f 1402/207/310 1464/208/310 1410/236/336
f 1410/236/336 1442/235/310 1402/207/310
s 0
f 1488/236/33 1484/231/33 1374/237/33
f 1374/237/33 1372/238/33 1488/236/33
f 1484/231/33 1413/233/33 1490/239/33
f 1490/239/33 1374/237/33 1484/231/33
s 1
f 1415/210/321 1412/209/321 1494/240/321
f 1494/240/321 1491/241/321 1415/210/321
s 0
f 1408/236/32 1463/208/32 1376/242/32
f 1376/242/32 1493/238/32 1408/236/32
f 1463/208/32 1461/209/32 1378/240/32
f 1378/240/32 1376/242/32 1463/208/32
f 1406/209/32 1404/208/32 1394/242/32
f 1394/242/32 1392/240/32 1406/209/32
f 1404/208/32 1433/236/32 1496/238/32
f 1496/238/32 1394/242/32 1404/208/32
s 1
f 1437/209/323 1432/210/323 1500/241/323
f 1500/241/323 1497/240/323 1437/209/323
s 0
f 1429/233/33 1478/231/33 1396/237/33
f 1396/237/33 1499/239/33 1429/233/33
f 1478/231/33 1482/236/33 1398/238/33
f 1398/238/33 1396/237/33 1478/231/33
s 1
f 1504/243/337 1506/244/337 1508/245/337
f 1508/245/337 1511/246/338 1504/243/337
f 1503/247/214 1510/248/214 1514/249/214
f 1513/249/339 1516/250/216 1502/247/216
f 1512/246/340 1509/245/341 1518/251/342
f 1518/251/342 1515/252/341 1512/246/340
f 1507/248/207 1505/247/343 1519/250/344
f 1519/250/344 1517/249/207 1507/248/207
f 1522/195/127 1526/196/127 1530/197/127
f 1530/197/127 1533/198/127 1522/195/127
f 1535/199/128 1537/200/128 1539/201/128
f 1539/201/128 1541/202/128 1535/199/128
f 1543/203/129 1545/204/129 1548/205/129
f 1548/205/129 1552/206/129 1543/203/129
f 1555/202/131 1557/201/131 1559/200/131
f 1559/200/131 1561/199/131 1555/202/131
f 1563/207/132 1565/207/132 1567/208/132
f 1567/208/132 1569/209/132 1563/207/132
f 1573/209/133 1578/210/133 1581/211/155
f 1547/212/135 1586/196/135 1590/213/135
f 1590/213/135 1551/214/136 1547/212/135
f 1594/210/137 1598/209/137 1602/211/137
f 1606/215/138 1610/216/138 1603/211/345
f 1603/211/345 1599/209/138 1606/215/138
f 1614/217/139 1617/218/140 1529/197/140
f 1529/197/140 1525/196/139 1614/217/139
f 1619/219/141 1621/220/141 1544/204/141
f 1544/204/141 1542/203/141 1619/219/141
f 1625/209/143 1627/208/143 1564/207/143
f 1564/207/143 1562/207/143 1625/209/143
f 1546/212/144 1623/214/145 1631/213/145
f 1631/213/145 1585/196/145 1546/212/144
f 1607/215/346 1574/209/146 1582/211/146
f 1582/211/146 1611/216/147 1607/215/346
f 1634/221/131 1588/222/131 1521/222/131
f 1521/222/131 1532/221/347 1634/221/131
f 1587/222/148 1583/203/149 1523/203/148
f 1523/203/148 1520/222/148 1587/222/148
f 1584/203/293 1628/206/151 1612/206/151
f 1612/206/151 1524/203/150 1584/203/293
f 1629/206/128 1638/223/128 1616/223/128
f 1616/223/128 1613/206/128 1629/206/128
f 1637/224/153 1640/225/153 1527/226/153
f 1527/226/153 1615/224/153 1637/224/153
f 1641/225/154 1632/224/154 1531/224/154
f 1531/224/154 1528/226/154 1641/225/154
f 1622/214/137 1645/227/137 1639/228/137
f 1639/228/137 1630/213/137 1622/214/137
f 1644/229/131 1620/220/131 1618/219/131
f 1618/219/131 1647/221/131 1644/229/131
f 1553/206/128 1549/205/128 1650/230/128
f 1650/230/128 1653/223/128 1553/206/128
f 1651/227/155 1550/214/155 1589/213/155
f 1589/213/155 1635/228/155 1651/227/155
f 1539/201/128 1537/200/128 1655/199/128
f 1655/199/128 1658/202/128 1539/201/128
f 1649/231/156 1633/224/156 1580/232/156
f 1580/232/156 1576/233/156 1649/231/156
f 1632/224/154 1641/225/154 1609/234/154
f 1609/234/154 1579/232/154 1632/224/154
f 1640/225/153 1637/224/153 1601/232/153
f 1601/232/153 1608/234/153 1640/225/153
f 1636/224/158 1643/231/158 1592/233/158
f 1592/233/158 1600/232/158 1636/224/158
f 1559/200/131 1557/201/131 1661/202/131
f 1661/202/131 1664/199/131 1559/200/131
f 1567/208/132 1565/207/132 1605/235/132
f 1605/235/132 1596/236/132 1567/208/132
f 1564/207/143 1627/208/143 1571/236/143
f 1571/236/143 1604/235/143 1564/207/143
s 0
f 1652/236/33 1648/231/33 1536/237/33
f 1536/237/33 1534/238/33 1652/236/33
f 1648/231/33 1575/233/33 1654/239/33
f 1654/239/33 1536/237/33 1648/231/33
s 1
f 1577/210/160 1572/209/160 1659/240/160
f 1659/240/160 1656/241/160 1577/210/160
s 0
f 1570/236/32 1626/208/32 1538/242/32
f 1538/242/32 1657/238/32 1570/236/32
f 1626/208/32 1624/209/32 1540/240/32
f 1540/240/32 1538/242/32 1626/208/32
f 1568/209/32 1566/208/32 1556/242/32
f 1556/242/32 1554/240/32 1568/209/32
f 1566/208/32 1595/236/32 1660/238/32
f 1660/238/32 1556/242/32 1566/208/32
s 1
f 1597/209/162 1593/210/162 1665/241/162
f 1665/241/162 1662/240/162 1597/209/162
s 0
f 1591/233/33 1642/231/33 1558/237/33
f 1558/237/33 1663/239/33 1591/233/33
f 1642/231/33 1646/236/33 1560/238/33
f 1560/238/33 1558/237/33 1642/231/33
s 1
f 1667/243/348 1669/244/349 1671/245/348
f 1671/245/348 1674/246/349 1667/243/348
f 1666/247/289 1673/248/289 1676/249/289
f 1677/249/350 1679/250/289 1666/247/289
f 1675/246/351 1672/245/352 1681/251/353
f 1681/251/353 1678/252/352 1675/246/351
f 1670/248/286 1668/247/287 1682/250/286
f 1682/250/286 1680/249/286 1670/248/286
f 1684/253/17 1686/254/17 1690/255/17
f 1690/255/17 1694/256/17 1684/253/17
f 1696/257/18 1683/253/18 1693/256/18
f 1693/256/18 1700/258/18 1696/257/18
f 1702/259/201 1695/257/200 1699/258/200
f 1699/258/200 1705/260/19 1702/259/201
f 1707/261/35 1701/262/35 1704/263/35
f 1704/263/35 1710/264/35 1707/261/35
f 1713/265/21 1708/261/21 1711/264/21
f 1711/264/21 1716/266/21 1713/265/21
f 1720/267/22 1714/265/22 1717/266/22
f 1717/266/22 1724/268/22 1720/267/22
f 1726/269/354 1719/267/24 1723/268/24
f 1723/268/24 1730/270/354 1726/269/354
f 1732/271/25 1725/269/25 1729/270/25
f 1729/270/25 1735/272/25 1732/271/25
f 1737/273/355 1731/271/355 1734/272/355
f 1734/272/355 1740/274/355 1737/273/355
f 1743/275/356 1738/273/356 1742/274/27
f 1742/274/27 1746/276/356 1743/275/356
f 1749/277/28 1744/275/28 1747/276/28
f 1747/276/28 1753/278/28 1749/277/28
f 1685/254/29 1750/277/30 1754/278/30
f 1754/278/30 1689/255/29 1685/254/29
s 0
f 1691/279/33 1687/280/33 1755/281/33
f 1755/281/33 1759/282/33 1691/279/33
f 1763/283/33 1766/279/33 1769/282/33
f 1769/282/33 1772/284/33 1763/283/33
f 1703/285/33 1697/283/33 1775/284/33
f 1775/284/33 1779/285/33 1703/285/33
f 1783/286/33 1786/285/33 1789/285/33
f 1789/285/33 1792/287/33 1783/286/33
f 1715/288/33 1709/286/33 1795/287/33
f 1795/287/33 1799/289/33 1715/288/33
f 1803/290/33 1806/288/33 1809/289/33
f 1809/289/33 1812/291/33 1803/290/33
f 1727/292/33 1721/290/33 1815/291/33
f 1815/291/33 1819/293/33 1727/292/33
f 1823/294/33 1826/292/33 1829/293/33
f 1829/293/33 1832/295/33 1823/294/33
f 1739/296/33 1733/294/33 1835/295/33
f 1835/295/33 1839/297/33 1739/296/33
f 1843/298/33 1846/296/33 1849/297/33
f 1849/297/33 1852/299/33 1843/298/33
f 1751/300/33 1745/298/33 1855/299/33
f 1855/299/33 1859/300/33 1751/300/33
f 1863/280/33 1866/300/33 1869/300/33
f 1869/300/33 1872/281/33 1863/280/33
s 1
f 1761/301/24 1757/302/24 1876/303/24
f 1876/303/24 1880/304/24 1761/301/24
f 1777/305/25 1760/301/25 1879/304/25
f 1879/304/25 1883/306/25 1777/305/25
f 1780/307/26 1776/305/26 1882/306/26
f 1882/306/26 1885/308/26 1780/307/26
f 1797/309/27 1781/307/27 1886/308/27
f 1886/308/27 1888/310/27 1797/309/27
f 1801/311/357 1798/309/28 1889/310/28
f 1889/310/28 1891/312/28 1801/311/357
f 1817/313/29 1802/311/29 1892/312/29
f 1892/312/29 1894/314/29 1817/313/29
f 1822/315/358 1818/313/359 1895/314/359
f 1895/314/359 1898/316/358 1822/315/358
f 1837/317/18 1821/315/18 1897/316/18
f 1897/316/18 1901/318/18 1837/317/18
f 1842/319/34 1836/317/34 1900/318/34
f 1900/318/34 1904/320/34 1842/319/34
f 1856/321/20 1840/322/20 1903/323/360
f 1903/323/360 1906/324/20 1856/321/20
f 1861/325/21 1857/321/21 1907/324/21
f 1907/324/21 1909/326/21 1861/325/21
f 1758/302/22 1862/325/361 1910/326/361
f 1910/326/361 1877/303/22 1758/302/22
s 0
f 1878/327/33 1875/328/33 1911/329/33
f 1881/330/33 1878/327/33 1911/329/33
f 1884/331/33 1881/330/33 1911/329/33
f 1887/332/33 1884/331/33 1911/329/33
f 1890/333/33 1887/332/33 1911/329/33
f 1893/334/33 1890/333/33 1911/329/33
f 1896/335/33 1893/334/33 1911/329/33
f 1899/336/33 1896/335/33 1911/329/33
f 1902/337/33 1899/336/33 1911/329/33
f 1905/338/33 1902/337/33 1911/329/33
f 1908/339/33 1905/338/33 1911/329/33
f 1875/328/33 1908/339/33 1911/329/33
s 1
f 1700/258/18 1693/256/18 1768/340/18
f 1768/340/18 1765/341/18 1700/258/18
f 1692/279/286 1762/282/287 1771/282/286
f 1771/282/286 1767/279/286 1692/279/286
f 1760/301/25 1777/305/25 1773/342/25
f 1773/342/25 1770/343/25 1760/301/25
f 1778/284/362 1698/283/362 1764/283/362
f 1764/283/362 1774/284/362 1778/284/362
f 1710/264/35 1704/263/35 1787/344/363
f 1787/344/363 1784/345/35 1710/264/35
s 0
f 1706/285/1 1782/285/1 1791/285/1
f 1791/285/1 1788/285/1 1706/285/1
s 1
f 1781/307/27 1797/309/27 1794/346/27
f 1794/346/27 1790/347/27 1781/307/27
f 1796/287/364 1712/286/364 1785/286/364
f 1785/286/364 1793/287/364 1796/287/364
f 1724/268/22 1717/266/22 1807/348/22
f 1807/348/22 1805/349/22 1724/268/22
f 1718/288/273 1800/289/273 1810/289/273
f 1810/289/273 1808/288/365 1718/288/273
f 1802/311/29 1817/313/29 1814/350/29
f 1814/350/29 1811/351/29 1802/311/29
s 0
f 1816/291/13 1722/290/13 1804/290/13
f 1804/290/13 1813/291/13 1816/291/13
s 1
f 1735/272/25 1729/270/25 1828/352/25
f 1828/352/25 1824/353/25 1735/272/25
f 1728/292/290 1820/293/289 1830/293/290
f 1830/293/290 1827/292/290 1728/292/290
f 1821/315/18 1837/317/18 1833/354/18
f 1833/354/18 1831/355/18 1821/315/18
f 1838/295/366 1736/294/366 1825/294/366
f 1825/294/366 1834/295/366 1838/295/366
f 1746/276/356 1742/274/27 1848/356/27
f 1848/356/27 1844/357/27 1746/276/356
s 0
f 1741/296/9 1841/297/9 1851/297/9
f 1851/297/9 1847/296/9 1741/296/9
s 1
f 1840/322/20 1856/321/20 1853/358/367
f 1853/358/367 1850/359/20 1840/322/20
f 1858/299/368 1748/298/368 1845/298/368
f 1845/298/368 1854/299/368 1858/299/368
f 1689/255/29 1754/278/30 1868/360/29
f 1868/360/29 1865/361/29 1689/255/29
f 1752/300/269 1860/300/269 1870/300/269
f 1870/300/269 1867/300/268 1752/300/269
f 1862/325/361 1758/302/22 1874/362/22
f 1874/362/22 1871/363/361 1862/325/361
s 0
f 1756/281/5 1688/280/5 1864/280/5
f 1864/280/5 1873/281/5 1756/281/5
s 1
f 1914/364/369 1917/365/369 1920/366/369
f 1920/366/369 1923/367/370 1914/364/369
f 1916/368/371 1925/369/371 1928/370/371
f 1928/370/371 1919/371/371 1916/368/371
f 1926/365/372 1932/364/372 1935/367/372
f 1935/367/372 1929/366/373 1926/365/372
f 1931/372/374 1913/373/374 1922/374/374
f 1922/374/374 1934/375/374 1931/372/374
s 0
f 1937/376/9 1939/377/9 1942/378/9
f 1942/378/9 1945/379/9 1937/376/9
f 1938/380/5 1946/381/5 1949/382/5
f 1949/382/5 1941/383/5 1938/380/5
f 1952/384/1 1954/385/1 1957/386/1
f 1957/386/1 1960/387/1 1952/384/1
f 1961/388/13 1936/389/13 1944/390/13
f 1944/390/13 1964/391/13 1961/388/13
f 1930/392/32 1924/393/32 1948/394/32
f 1948/394/32 1963/395/32 1930/392/32
f 1948/394/32 1924/393/32 1915/396/32
f 1915/396/32 1940/397/32 1948/394/32
f 1940/397/32 1915/396/32 1912/398/32
f 1912/398/32 1943/399/32 1940/397/32
f 1943/399/32 1912/398/32 1930/392/32
f 1930/392/32 1963/395/32 1943/399/32
f 1921/400/33 1918/401/33 1966/402/33
f 1966/402/33 1969/403/33 1921/400/33
f 1918/401/33 1927/404/33 1972/405/33
f 1972/405/33 1966/402/33 1918/401/33
f 1927/404/33 1933/406/33 1975/407/33
f 1975/407/33 1972/405/33 1927/404/33
f 1933/406/33 1921/400/33 1969/403/33
f 1969/403/33 1975/407/33 1933/406/33
f 1962/408/1 1965/409/1 1980/410/1
f 1980/410/1 1982/411/1 1962/408/1
f 1965/409/1 1950/412/1 1985/413/1
f 1985/413/1 1980/410/1 1965/409/1
f 1950/412/1 1947/414/1 1987/415/1
f 1987/415/1 1985/413/1 1950/412/1
f 1981/416/13 1979/417/13 1956/418/13
f 1956/418/13 1953/419/13 1981/416/13
f 1978/420/33 1983/421/33 1958/422/33
f 1958/422/33 1955/423/33 1978/420/33
f 1984/417/5 1986/416/5 1951/419/5
f 1951/419/5 1959/418/5 1984/417/5
s 1
f 1989/243/375 1991/246/265 1996/245/375
f 1995/245/376 1999/244/375 1988/243/265
f 1990/247/365 2000/250/377 2002/249/273
f 2002/249/273 1993/248/273 1990/247/365
f 1992/246/271 2001/252/272 2004/251/271
f 2004/251/271 1997/245/271 1992/246/271
f 1994/248/268 2003/249/378 2005/250/268
f 2005/250/268 1998/247/268 1994/248/268
f 2006/424/379 2009/425/380 2011/426/381
f 2011/426/381 2014/427/33 2006/424/379
s 0
f 2015/428/1 2017/429/1 2010/429/1
f 2010/429/1 2007/428/1 2015/428/1
s 1
f 2018/430/382 2012/430/382 2008/431/382
f 2008/431/382 2016/431/382 2018/430/382
f 2006/424/379 2014/427/33 2020/426/383
f 2020/426/383 2024/425/384 2006/424/379
s 0
f 2015/428/1 2007/428/1 2025/432/1
f 2025/432/1 2027/432/1 2015/428/1
s 1
f 2023/431/385 2021/430/385 2028/430/385
f 2028/430/385 2026/431/385 2023/431/385
f 2031/433/386 2014/427/33 2011/426/381
f 2011/426/381 2034/434/387 2031/433/386
s 0
f 2035/428/9 2030/428/9 2032/429/9
f 2032/429/9 2036/429/9 2035/428/9
s 1
f 2033/435/388 2013/430/388 2019/430/388
f 2019/430/388 2037/435/388 2033/435/388
f 2031/433/386 2040/434/389 2020/426/383
f 2020/426/383 2014/427/33 2031/433/386
s 0
f 2035/428/9 2041/432/9 2038/432/9
f 2038/432/9 2030/428/9 2035/428/9
s 1
f 2029/430/390 2022/430/390 2039/435/390
f 2039/435/390 2042/435/390 2029/430/390
s 0
f 2043/436/5 2046/437/5 2049/438/5
f 2049/438/5 2050/439/5 2043/436/5
s 1
f 2047/437/391 2044/436/391 2053/440/392
f 2052/440/391 2056/441/391 2048/437/392
f 2045/436/393 2051/439/393 2059/440/394
f 2059/440/394 2055/440/393 2045/436/393
f 2061/442/395 2057/441/396 2054/440/395
f 2054/440/395 2063/443/395 2061/442/395
f 2065/444/394 2064/443/397 2055/440/393
f 2055/440/393 2058/445/397 2065/444/394
s 0
f 2066/446/13 2067/447/13 2069/448/13
f 2069/448/13 2072/449/13 2066/446/13
s 1
f 2068/447/398 2074/442/399 2076/443/398
f 2076/443/398 2070/448/399 2068/447/398
f 2071/448/393 2078/443/394 2079/450/394
f 2079/450/394 2073/449/393 2071/448/393
f 2077/443/400 2075/442/401 2060/442/402
f 2060/442/402 2062/443/402 2077/443/400
f 2065/444/394 2080/444/397 2078/443/394
f 2078/443/394 2064/443/397 2065/444/394
s 0
f 2081/436/5 2084/437/5 2087/438/5
f 2087/438/5 2088/439/5 2081/436/5
s 1
f 2085/437/403 2082/436/403 2091/440/404
f 2090/440/403 2094/441/403 2086/437/404
f 2083/436/405 2089/439/406 2097/440/406
f 2097/440/406 2093/440/405 2083/436/405
f 2099/442/407 2095/441/407 2092/440/407
f 2092/440/407 2101/443/407 2099/442/407
f 2103/444/405 2102/443/406 2093/440/406
f 2093/440/406 2096/445/405 2103/444/405
s 0
f 2104/446/13 2105/447/13 2107/448/13
f 2107/448/13 2110/449/13 2104/446/13
s 1
f 2106/447/408 2112/442/408 2114/443/409
f 2114/443/409 2108/448/408 2106/447/408
f 2109/448/405 2116/443/405 2117/450/406
f 2117/450/406 2111/449/406 2109/448/405
f 2115/443/410 2113/442/410 2098/442/410
f 2098/442/410 2100/443/410 2115/443/410
f 2103/444/405 2118/444/405 2116/443/406
f 2116/443/406 2102/443/406 2103/444/405
s 0
f 2119/436/5 2122/437/5 2125/438/5
f 2125/438/5 2126/439/5 2119/436/5
s 1
f 2123/437/411 2120/436/412 2129/440/412
f 2128/440/411 2132/441/413 2124/437/412
f 2121/436/414 2127/439/414 2135/440/414
f 2135/440/414 2131/440/415 2121/436/414
f 2137/442/416 2133/441/417 2130/440/418
f 2130/440/418 2139/443/418 2137/442/416
f 2141/444/419 2140/443/419 2131/440/414
f 2131/440/414 2134/445/414 2141/444/419
s 0
f 2142/446/13 2143/447/13 2145/448/13
f 2145/448/13 2148/449/13 2142/446/13
s 1
f 2144/447/420 2150/442/421 2152/443/420
f 2152/443/420 2146/448/421 2144/447/420
f 2147/448/414 2154/443/415 2155/450/414
f 2155/450/414 2149/449/414 2147/448/414
f 2153/443/422 2151/442/423 2136/442/422
f 2136/442/422 2138/443/422 2153/443/422
f 2141/444/419 2156/444/414 2154/443/414
f 2154/443/414 2140/443/419 2141/444/419
s 0
f 2157/436/5 2160/437/5 2163/438/5
f 2163/438/5 2164/439/5 2157/436/5
s 1
f 2161/437/411 2158/436/413 2166/440/413
f 2166/440/413 2169/441/413 2162/437/412
f 2159/436/414 2165/439/414 2172/440/414
f 2172/440/414 2168/440/415 2159/436/414
f 2174/442/418 2170/441/418 2167/440/424
f 2167/440/424 2177/443/416 2174/442/418
f 2179/444/415 2178/443/415 2168/440/415
f 2168/440/415 2171/445/414 2179/444/415
s 0
f 2180/446/13 2181/447/13 2183/448/13
f 2183/448/13 2186/449/13 2180/446/13
s 1
f 2182/447/420 2188/442/421 2190/443/421
f 2190/443/421 2184/448/420 2182/447/420
f 2185/448/414 2193/443/415 2194/450/414
f 2194/450/414 2187/449/414 2185/448/414
f 2191/443/422 2189/442/422 2173/442/422
f 2175/442/425 2176/443/425 2192/443/426
f 2179/444/415 2195/444/414 2193/443/415
f 2193/443/415 2178/443/415 2179/444/415
s 0
f 2196/436/5 2199/437/5 2202/438/5
f 2202/438/5 2203/439/5 2196/436/5
s 1
f 2201/437/427 2197/436/427 2206/440/427
f 2205/440/427 2209/441/427 2200/437/427
f 2198/436/428 2204/439/428 2212/440/428
f 2212/440/428 2208/440/428 2198/436/428
f 2214/442/429 2210/441/429 2207/440/429
f 2207/440/429 2216/443/429 2214/442/429
f 2218/444/428 2217/443/428 2208/440/428
f 2208/440/428 2211/445/428 2218/444/428
s 0
f 2219/446/13 2220/447/13 2222/448/13
f 2222/448/13 2225/449/13 2219/446/13
s 1
f 2221/447/430 2227/442/431 2229/443/432
f 2229/443/432 2223/448/431 2221/447/430
f 2224/448/428 2231/443/428 2232/450/428
f 2232/450/428 2226/449/428 2224/448/428
f 2230/443/433 2228/442/433 2213/442/433
f 2213/442/433 2215/443/433 2230/443/433
f 2218/444/428 2233/444/428 2231/443/428
f 2231/443/428 2217/443/428 2218/444/428
s 0
f 2234/436/5 2237/437/5 2239/438/5
f 2239/438/5 2240/439/5 2234/436/5
s 1
f 2238/437/434 2235/436/434 2242/440/434
f 2244/440/435 2246/441/434 2238/437/434
f 2236/436/436 2241/439/436 2249/440/436
f 2249/440/436 2245/440/436 2236/436/436
f 2251/442/437 2247/441/429 2243/440/429
f 2243/440/429 2253/443/437 2251/442/437
f 2255/444/436 2254/443/436 2245/440/436
f 2245/440/436 2248/445/436 2255/444/436
s 0
f 2256/446/13 2257/447/13 2259/448/13
f 2259/448/13 2262/449/13 2256/446/13
s 1
f 2258/447/438 2264/442/438 2266/443/438
f 2266/443/438 2260/448/438 2258/447/438
f 2261/448/436 2268/443/436 2269/450/436
f 2269/450/436 2263/449/436 2261/448/436
f 2267/443/433 2265/442/433 2250/442/439
f 2250/442/439 2252/443/433 2267/443/433
f 2255/444/436 2270/444/436 2268/443/436
f 2268/443/436 2254/443/436 2255/444/436
s 0
f 2271/436/5 2274/437/5 2277/438/5
f 2277/438/5 2278/439/5 2271/436/5
s 1
f 2276/437/392 2272/436/392 2281/440/392
f 2280/440/391 2284/441/440 2275/437/391
f 2273/436/394 2279/439/394 2287/440/394
f 2287/440/394 2283/440/441 2273/436/394
f 2289/442/396 2285/441/442 2282/440/395
f 2282/440/395 2291/443/395 2289/442/396
f 2293/444/397 2292/443/397 2283/440/393
f 2283/440/393 2286/445/397 2293/444/397
s 0
f 2294/446/13 2295/447/13 2297/448/13
f 2297/448/13 2300/449/13 2294/446/13
s 1
f 2296/447/398 2302/442/399 2304/443/398
f 2304/443/398 2298/448/398 2296/447/398
f 2299/448/394 2306/443/441 2307/450/394
f 2307/450/394 2301/449/394 2299/448/394
f 2305/443/402 2303/442/443 2288/442/402
f 2288/442/402 2290/443/402 2305/443/402
f 2293/444/397 2308/444/394 2306/443/393
f 2306/443/393 2292/443/397 2293/444/397
s 0
f 2309/436/5 2312/437/5 2315/438/5
f 2315/438/5 2316/439/5 2309/436/5
s 1
f 2313/437/391 2310/436/440 2318/440/440
f 2318/440/391 2321/441/392 2314/437/392
f 2311/436/394 2317/439/394 2324/440/394
f 2324/440/394 2320/440/393 2311/436/394
f 2326/442/395 2322/441/395 2319/440/395
f 2319/440/395 2328/443/395 2326/442/395
f 2330/444/393 2329/443/394 2320/440/393
f 2320/440/393 2323/445/394 2330/444/393
s 0
f 2331/446/13 2332/447/13 2334/448/13
f 2334/448/13 2337/449/13 2331/446/13
s 1
f 2333/447/399 2339/442/444 2341/443/399
f 2341/443/399 2335/448/399 2333/447/399
f 2336/448/394 2343/443/393 2344/450/394
f 2344/450/394 2338/449/394 2336/448/394
f 2342/443/402 2340/442/402 2325/442/402
f 2325/442/402 2327/443/402 2342/443/402
f 2330/444/393 2345/444/394 2343/443/393
f 2343/443/393 2329/443/394 2330/444/393
s 0
f 2346/438/5 2347/437/5 2349/436/5
f 2349/436/5 2352/439/5 2346/438/5
s 1
f 2354/440/445 2350/436/445 2348/437/446
f 2348/437/446 2357/441/447 2354/440/445
f 2360/440/448 2353/439/449 2351/436/448
f 2351/436/448 2356/440/450 2360/440/448
f 2355/440/451 2358/441/451 2362/442/451
f 2362/442/451 2364/443/451 2355/440/451
f 2366/444/448 2359/445/449 2356/440/450
f 2356/440/450 2365/443/450 2366/444/448
s 0
f 2367/448/13 2370/447/13 2372/446/13
f 2372/446/13 2373/449/13 2367/448/13
s 1
f 2376/443/452 2379/442/452 2371/447/453
f 2371/447/453 2368/448/454 2375/443/454
f 2381/450/448 2378/443/449 2369/448/448
f 2369/448/448 2374/449/449 2381/450/448
f 2361/442/455 2380/442/455 2377/443/455
f 2377/443/455 2363/443/455 2361/442/455
f 2366/444/448 2365/443/450 2378/443/449
f 2378/443/449 2382/444/449 2366/444/448
s 0
f 2383/438/5 2384/437/5 2386/436/5
f 2386/436/5 2389/439/5 2383/438/5
s 1
f 2391/440/456 2387/436/457 2385/437/456
f 2385/437/456 2394/441/456 2391/440/456
f 2397/440/458 2390/439/458 2388/436/458
f 2388/436/458 2393/440/458 2397/440/458
f 2392/440/459 2395/441/460 2399/442/460
f 2399/442/460 2401/443/459 2392/440/459
f 2403/444/458 2396/445/461 2393/440/461
f 2393/440/461 2402/443/461 2403/444/458
s 0
f 2404/448/13 2407/447/13 2410/446/13
f 2410/446/13 2411/449/13 2404/448/13
s 1
f 2413/443/462 2417/442/463 2409/447/464
f 2408/447/462 2405/448/464 2414/443/464
f 2419/450/458 2416/443/458 2406/448/458
f 2406/448/458 2412/449/458 2419/450/458
f 2398/442/465 2418/442/465 2415/443/466
f 2415/443/466 2400/443/466 2398/442/465
f 2403/444/458 2402/443/461 2416/443/461
f 2416/443/461 2420/444/458 2403/444/458
s 0
f 2421/438/5 2422/437/5 2424/436/5
f 2424/436/5 2427/439/5 2421/438/5
s 1
f 2429/440/467 2425/436/468 2423/437/467
f 2423/437/467 2432/441/467 2429/440/467
f 2435/440/469 2428/439/469 2426/436/469
f 2426/436/469 2431/440/469 2435/440/469
f 2430/440/470 2433/441/471 2437/442/471
f 2437/442/471 2439/443/470 2430/440/470
f 2441/444/472 2434/445/469 2431/440/469
f 2431/440/469 2440/443/472 2441/444/472
s 0
f 2442/448/13 2445/447/13 2447/446/13
f 2447/446/13 2448/449/13 2442/448/13
s 1
f 2450/443/473 2453/442/473 2446/447/473
f 2446/447/473 2443/448/474 2450/443/473
f 2455/450/469 2452/443/469 2444/448/469
f 2444/448/469 2449/449/469 2455/450/469
f 2436/442/475 2454/442/475 2451/443/476
f 2451/443/476 2438/443/476 2436/442/475
f 2441/444/472 2440/443/472 2452/443/469
f 2452/443/469 2456/444/469 2441/444/472
s 0
f 2457/438/5 2458/437/5 2460/436/5
f 2460/436/5 2463/439/5 2457/438/5
s 1
f 2465/440/468 2461/436/477 2459/437/478
f 2459/437/478 2468/441/467 2465/440/468
f 2471/440/469 2464/439/472 2462/436/469
f 2462/436/469 2467/440/479 2471/440/469
f 2466/440/471 2469/441/470 2473/442/470
f 2473/442/470 2475/443/471 2466/440/471
f 2477/444/469 2470/445/472 2467/440/469
f 2467/440/469 2476/443/469 2477/444/469
s 0
f 2478/448/13 2481/447/13 2483/446/13
f 2483/446/13 2484/449/13 2478/448/13
s 1
f 2486/443/480 2490/442/473 2482/447/481
f 2482/447/481 2479/448/482 2487/443/481
f 2492/450/469 2489/443/469 2480/448/469
f 2480/448/469 2485/449/472 2492/450/469
f 2472/442/476 2491/442/476 2488/443/475
f 2488/443/475 2474/443/475 2472/442/476
f 2477/444/469 2476/443/469 2489/443/469
f 2489/443/469 2493/444/472 2477/444/469
s 0
f 2494/438/5 2495/437/5 2497/436/5
f 2497/436/5 2500/439/5 2494/438/5
s 1
f 2502/440/483 2498/436/484 2496/437/483
f 2496/437/483 2505/441/483 2502/440/483
f 2508/440/485 2501/439/485 2499/436/485
f 2499/436/485 2504/440/485 2508/440/485
f 2503/440/486 2506/441/486 2510/442/486
f 2510/442/486 2512/443/486 2503/440/486
f 2514/444/485 2507/445/485 2504/440/485
f 2504/440/485 2513/443/485 2514/444/485
s 0
f 2515/448/13 2518/447/13 2520/446/13
f 2520/446/13 2521/449/13 2515/448/13
s 1
f 2523/443/487 2526/442/487 2519/447/487
f 2519/447/487 2516/448/488 2523/443/487
f 2528/450/485 2525/443/485 2517/448/485
f 2517/448/485 2522/449/485 2528/450/485
f 2509/442/489 2527/442/489 2524/443/489
f 2524/443/489 2511/443/489 2509/442/489
f 2514/444/485 2513/443/485 2525/443/485
f 2525/443/485 2529/444/485 2514/444/485
s 0
f 2530/438/5 2531/437/5 2533/436/5
f 2533/436/5 2536/439/5 2530/438/5
s 1
f 2538/440/490 2534/436/491 2532/437/490
f 2532/437/490 2541/441/492 2538/440/490
f 2544/440/493 2537/439/493 2535/436/493
f 2535/436/493 2540/440/493 2544/440/493
f 2539/440/486 2542/441/486 2546/442/486
f 2546/442/486 2548/443/486 2539/440/486
f 2550/444/493 2543/445/493 2540/440/493
f 2540/440/493 2549/443/493 2550/444/493
s 0
f 2551/448/13 2554/447/13 2557/446/13
f 2557/446/13 2558/449/13 2551/448/13
s 1
f 2560/443/494 2563/442/494 2556/447/495
f 2555/447/496 2552/448/495 2560/443/494
f 2565/450/493 2562/443/493 2553/448/493
f 2553/448/493 2559/449/493 2565/450/493
f 2545/442/489 2564/442/489 2561/443/489
f 2561/443/489 2547/443/489 2545/442/489
f 2550/444/493 2549/443/493 2562/443/493
f 2562/443/493 2566/444/493 2550/444/493
s 0
f 2567/438/5 2568/437/5 2570/436/5
f 2570/436/5 2573/439/5 2567/438/5
s 1
f 2575/440/447 2571/436/447 2569/437/447
f 2569/437/447 2578/441/447 2575/440/447
f 2581/440/449 2574/439/449 2572/436/449
f 2572/436/449 2577/440/449 2581/440/449
f 2576/440/451 2579/441/497 2583/442/498
f 2583/442/498 2585/443/451 2576/440/451
f 2587/444/450 2580/445/449 2577/440/448
f 2577/440/448 2586/443/450 2587/444/450
s 0
f 2588/448/13 2591/447/13 2594/446/13
f 2594/446/13 2595/449/13 2588/448/13
s 1
f 2597/443/452 2600/442/452 2592/447/453
f 2593/447/452 2589/448/452 2597/443/452
f 2602/450/449 2599/443/449 2590/448/449
f 2590/448/449 2596/449/449 2602/450/449
f 2582/442/499 2601/442/455 2598/443/455
f 2598/443/455 2584/443/455 2582/442/499
f 2587/444/450 2586/443/450 2599/443/448
f 2599/443/448 2603/444/448 2587/444/450
s 0
f 2604/438/5 2605/437/5 2607/436/5
f 2607/436/5 2610/439/5 2604/438/5
s 1
f 2612/440/445 2608/436/447 2606/437/446
f 2606/437/446 2615/441/447 2612/440/445
f 2618/440/449 2611/439/450 2609/436/450
f 2609/436/450 2614/440/449 2618/440/449
f 2613/440/451 2616/441/500 2620/442/451
f 2620/442/451 2622/443/500 2613/440/451
f 2624/444/450 2617/445/449 2614/440/449
f 2614/440/449 2623/443/449 2624/444/450
s 0
f 2625/448/13 2628/447/13 2631/446/13
f 2631/446/13 2632/449/13 2625/448/13
s 1
f 2634/443/452 2637/442/452 2629/447/453
f 2630/447/452 2626/448/452 2634/443/452
f 2639/450/449 2636/443/449 2627/448/450
f 2627/448/450 2633/449/450 2639/450/449
f 2619/442/501 2638/442/455 2635/443/501
f 2635/443/501 2621/443/455 2619/442/501
f 2624/444/450 2623/443/449 2636/443/449
f 2636/443/449 2640/444/449 2624/444/450
s 0
f 2641/436/5 2644/437/5 2647/438/5
f 2647/438/5 2648/439/5 2641/436/5
s 1
f 2646/437/502 2642/436/502 2651/440/502
f 2650/440/503 2654/441/503 2645/437/503
f 2643/436/504 2649/439/504 2657/440/504
f 2657/440/504 2653/440/504 2643/436/504
f 2659/442/505 2655/441/505 2652/440/505
f 2652/440/505 2661/443/505 2659/442/505
f 2663/444/504 2662/443/504 2653/440/504
f 2653/440/504 2656/445/504 2663/444/504
s 0
f 2664/446/13 2665/447/13 2667/448/13
f 2667/448/13 2670/449/13 2664/446/13
s 1
f 2666/447/506 2672/442/507 2674/443/508
f 2674/443/508 2668/448/509 2666/447/506
f 2669/448/504 2676/443/504 2677/450/504
f 2677/450/504 2671/449/504 2669/448/504
f 2675/443/510 2673/442/510 2658/442/510
f 2658/442/510 2660/443/511 2675/443/510
f 2663/444/504 2678/444/504 2676/443/504
f 2676/443/504 2662/443/504 2663/444/504
s 0
f 2679/438/5 2680/437/5 2682/436/5
f 2682/436/5 2685/439/5 2679/438/5
s 1
f 2688/440/512 2684/436/513 2681/437/513
f 2681/437/513 2691/441/514 2688/440/512
f 2694/440/515 2686/439/515 2683/436/515
f 2683/436/515 2687/440/515 2694/440/515
f 2689/440/516 2692/441/516 2695/442/516
f 2697/442/517 2700/443/517 2690/440/517
f 2701/444/518 2693/445/515 2687/440/515
f 2687/440/515 2698/443/518 2701/444/518
s 0
f 2702/448/13 2705/447/13 2707/446/13
f 2707/446/13 2708/449/13 2702/448/13
s 1
f 2711/443/519 2713/442/520 2706/447/521
f 2706/447/521 2704/448/520 2711/443/519
f 2715/450/515 2710/443/515 2703/448/518
f 2703/448/518 2709/449/515 2715/450/515
f 2696/442/522 2714/442/523 2712/443/524
f 2712/443/524 2699/443/524 2696/442/522
f 2701/444/518 2698/443/518 2710/443/515
f 2710/443/515 2716/444/515 2701/444/518
f 2718/243/348 2720/244/349 2722/245/348
f 2722/245/348 2725/246/349 2718/243/348
f 2717/247/289 2724/248/289 2727/249/289
f 2728/249/525 2730/250/289 2717/247/289
f 2726/246/526 2723/245/526 2732/251/526
f 2732/251/526 2729/252/527 2726/246/526
f 2721/248/286 2719/247/286 2733/250/286
f 2733/250/286 2731/249/286 2721/248/286
s 0
f 2734/451/33 2737/452/33 2740/453/33
f 2740/453/33 2743/454/33 2734/451/33
f 2747/455/9 2749/456/9 2739/457/9
f 2739/457/9 2736/458/9 2747/455/9
f 2748/459/5 2750/460/5 2741/461/5
f 2741/461/5 2738/462/5 2748/459/5
f 2751/456/1 2753/455/1 2745/458/1
f 2745/458/1 2742/457/1 2751/456/1
f 2752/460/13 2746/459/13 2735/462/13
f 2735/462/13 2744/461/13 2752/460/13
f 2754/451/33 2757/452/33 2760/453/33
f 2760/453/33 2763/454/33 2754/451/33
f 2767/455/9 2769/456/9 2759/457/9
f 2759/457/9 2756/458/9 2767/455/9
f 2768/459/5 2770/460/5 2761/461/5
f 2761/461/5 2758/462/5 2768/459/5
f 2771/456/1 2773/455/1 2765/458/1
f 2765/458/1 2762/457/1 2771/456/1
f 2772/460/13 2766/459/13 2755/462/13
f 2755/462/13 2764/461/13 2772/460/13
f 2774/451/33 2777/452/33 2780/453/33
f 2780/453/33 2783/454/33 2774/451/33
f 2787/455/9 2789/456/9 2779/457/9
f 2779/457/9 2776/458/9 2787/455/9
f 2788/459/5 2790/460/5 2781/461/5
f 2781/461/5 2778/462/5 2788/459/5
f 2791/456/1 2793/455/1 2785/458/1
f 2785/458/1 2782/457/1 2791/456/1
f 2792/460/13 2786/459/13 2775/462/13
f 2775/462/13 2784/461/13 2792/460/13
f 2794/451/33 2797/452/33 2800/453/33
f 2800/453/33 2803/454/33 2794/451/33
f 2806/455/13 2808/456/13 2798/457/13
f 2798/457/13 2795/458/13 2806/455/13
f 2809/459/9 2811/460/9 2802/461/9
f 2802/461/9 2799/462/9 2809/459/9
f 2810/456/5 2812/455/5 2804/458/5
f 2804/458/5 2801/457/5 2810/456/5
f 2813/460/1 2807/459/1 2796/462/1
f 2796/462/1 2805/461/1 2813/460/1
f 2814/451/33 2817/452/33 2820/453/33
f 2820/453/33 2823/454/33 2814/451/33
f 2826/455/13 2828/456/13 2818/457/13
f 2818/457/13 2815/458/13 2826/455/13
f 2829/459/9 2831/460/9 2822/461/9
f 2822/461/9 2819/462/9 2829/459/9
f 2830/456/5 2832/455/5 2824/458/5
f 2824/458/5 2821/457/5 2830/456/5
f 2833/460/1 2827/459/1 2816/462/1
f 2816/462/1 2825/461/1 2833/460/1
f 2834/451/33 2837/452/33 2840/453/33
f 2840/453/33 2843/454/33 2834/451/33
f 2846/455/13 2848/456/13 2838/457/13
f 2838/457/13 2835/458/13 2846/455/13
f 2849/459/9 2851/460/9 2842/461/9
f 2842/461/9 2839/462/9 2849/459/9
f 2850/456/5 2852/455/5 2844/458/5
f 2844/458/5 2841/457/5 2850/456/5
f 2853/460/1 2847/459/1 2836/462/1
f 2836/462/1 2845/461/1 2853/460/1
f 2854/451/33 2857/452/33 2860/453/33
f 2860/453/33 2863/454/33 2854/451/33
f 2866/455/13 2868/456/13 2858/457/13
f 2858/457/13 2855/458/13 2866/455/13
f 2869/459/9 2871/460/9 2862/461/9
f 2862/461/9 2859/462/9 2869/459/9
f 2870/456/5 2872/455/5 2864/458/5
f 2864/458/5 2861/457/5 2870/456/5
f 2873/460/1 2867/459/1 2856/462/1
f 2856/462/1 2865/461/1 2873/460/1
f 2874/451/33 2877/452/33 2880/453/33
f 2880/453/33 2883/454/33 2874/451/33
f 2887/455/9 2889/456/9 2879/457/9
f 2879/457/9 2876/458/9 2887/455/9
f 2888/459/5 2890/460/5 2881/461/5
f 2881/461/5 2878/462/5 2888/459/5
f 2891/456/1 2893/455/1 2885/458/1
f 2885/458/1 2882/457/1 2891/456/1
f 2892/460/13 2886/459/13 2875/462/13
f 2875/462/13 2884/461/13 2892/460/13
f 2894/451/33 2897/452/33 2900/453/33
f 2900/453/33 2903/454/33 2894/451/33
f 2907/455/9 2909/456/9 2899/457/9
f 2899/457/9 2896/458/9 2907/455/9
f 2908/459/5 2910/460/5 2901/461/5
f 2901/461/5 2898/462/5 2908/459/5
f 2911/456/1 2913/455/1 2905/458/1
f 2905/458/1 2902/457/1 2911/456/1
f 2912/460/13 2906/459/13 2895/462/13
f 2895/462/13 2904/461/13 2912/460/13
f 2914/451/33 2917/452/33 2920/453/33
f 2920/453/33 2923/454/33 2914/451/33
f 2927/455/9 2929/456/9 2919/457/9
f 2919/457/9 2916/458/9 2927/455/9
f 2928/459/5 2930/460/5 2921/461/5
f 2921/461/5 2918/462/5 2928/459/5
f 2931/456/1 2933/455/1 2925/458/1
f 2925/458/1 2922/457/1 2931/456/1
f 2932/460/13 2926/459/13 2915/462/13
f 2915/462/13 2924/461/13 2932/460/13
f 2934/451/33 2937/452/33 2940/453/33
f 2940/453/33 2943/454/33 2934/451/33
f 2947/455/9 2949/456/9 2939/457/9
f 2939/457/9 2936/458/9 2947/455/9
f 2948/459/5 2950/460/5 2941/461/5
f 2941/461/5 2938/462/5 2948/459/5
f 2951/456/1 2953/455/1 2945/458/1
f 2945/458/1 2942/457/1 2951/456/1
f 2952/460/13 2946/459/13 2935/462/13
f 2935/462/13 2944/461/13 2952/460/13
f 2954/451/33 2957/452/33 2960/453/33
f 2960/453/33 2963/454/33 2954/451/33
f 2967/455/9 2969/456/9 2959/457/9
f 2959/457/9 2956/458/9 2967/455/9
f 2968/459/5 2970/460/5 2961/461/5
f 2961/461/5 2958/462/5 2968/459/5
f 2971/456/1 2973/455/1 2965/458/1
f 2965/458/1 2962/457/1 2971/456/1
f 2972/460/13 2966/459/13 2955/462/13
f 2955/462/13 2964/461/13 2972/460/13
f 2974/451/33 2977/452/33 2980/453/33
f 2980/453/33 2983/454/33 2974/451/33
f 2987/455/9 2989/456/9 2979/457/9
f 2979/457/9 2976/458/9 2987/455/9
f 2988/459/5 2990/460/5 2981/461/5
f 2981/461/5 2978/462/5 2988/459/5
f 2991/456/1 2993/455/1 2985/458/1
f 2985/458/1 2982/457/1 2991/456/1
f 2992/460/13 2986/459/13 2975/462/13
f 2975/462/13 2984/461/13 2992/460/13
f 2994/451/33 2997/452/33 3000/453/33
f 3000/453/33 3003/454/33 2994/451/33
f 3007/455/9 3009/456/9 2999/457/9
f 2999/457/9 2996/458/9 3007/455/9
f 3008/459/5 3010/460/5 3001/461/5
f 3001/461/5 2998/462/5 3008/459/5
f 3011/456/1 3013/455/1 3005/458/1
f 3005/458/1 3002/457/1 3011/456/1
f 3012/460/13 3006/459/13 2995/462/13
f 2995/462/13 3004/461/13 3012/460/13
f 3014/451/33 3017/452/33 3020/453/33
f 3020/453/33 3023/454/33 3014/451/33
f 3027/455/9 3029/456/9 3019/457/9
f 3019/457/9 3016/458/9 3027/455/9
f 3028/459/5 3030/460/5 3021/461/5
f 3021/461/5 3018/462/5 3028/459/5
f 3031/456/1 3033/455/1 3025/458/1
f 3025/458/1 3022/457/1 3031/456/1
f 3032/460/13 3026/459/13 3015/462/13
f 3015/462/13 3024/461/13 3032/460/13
f 3034/451/33 3037/452/33 3040/453/33
f 3040/453/33 3043/454/33 3034/451/33
f 3047/455/9 3049/456/9 3039/457/9
f 3039/457/9 3036/458/9 3047/455/9
f 3048/459/5 3050/460/5 3041/461/5
f 3041/461/5 3038/462/5 3048/459/5
f 3051/456/1 3053/455/1 3045/458/1
f 3045/458/1 3042/457/1 3051/456/1
f 3052/460/13 3046/459/13 3035/462/13
f 3035/462/13 3044/461/13 3052/460/13
f 3054/451/33 3057/452/33 3060/453/33
f 3060/453/33 3063/454/33 3054/451/33
f 3067/455/9 3069/456/9 3059/457/9
f 3059/457/9 3056/458/9 3067/455/9
f 3068/459/5 3070/460/5 3061/461/5
f 3061/461/5 3058/462/5 3068/459/5
f 3071/456/1 3073/455/1 3065/458/1
f 3065/458/1 3062/457/1 3071/456/1
f 3072/460/13 3066/459/13 3055/462/13
f 3055/462/13 3064/461/13 3072/460/13
f 3074/451/33 3077/452/33 3080/453/33
f 3080/453/33 3083/454/33 3074/451/33
f 3087/455/9 3089/456/9 3079/457/9
f 3079/457/9 3076/458/9 3087/455/9
f 3088/459/5 3090/460/5 3081/461/5
f 3081/461/5 3078/462/5 3088/459/5
f 3091/456/1 3093/455/1 3085/458/1
f 3085/458/1 3082/457/1 3091/456/1
f 3092/460/13 3086/459/13 3075/462/13
f 3075/462/13 3084/461/13 3092/460/13
f 3094/451/33 3097/452/33 3100/453/33
f 3100/453/33 3103/454/33 3094/451/33
f 3107/455/9 3109/456/9 3099/457/9
f 3099/457/9 3096/458/9 3107/455/9
f 3108/459/5 3110/460/5 3101/461/5
f 3101/461/5 3098/462/5 3108/459/5
f 3111/456/1 3113/455/1 3105/458/1
f 3105/458/1 3102/457/1 3111/456/1
f 3112/460/13 3106/459/13 3095/462/13
f 3095/462/13 3104/461/13 3112/460/13
f 3114/451/33 3117/452/33 3120/453/33
f 3120/453/33 3123/454/33 3114/451/33
f 3127/455/9 3129/456/9 3119/457/9
f 3119/457/9 3116/458/9 3127/455/9
f 3128/459/5 3130/460/5 3121/461/5
f 3121/461/5 3118/462/5 3128/459/5
f 3131/456/1 3133/455/1 3125/458/1
f 3125/458/1 3122/457/1 3131/456/1
f 3132/460/13 3126/459/13 3115/462/13
f 3115/462/13 3124/461/13 3132/460/13
f 3134/451/33 3137/452/33 3140/453/33
f 3140/453/33 3143/454/33 3134/451/33
f 3147/455/9 3149/456/9 3139/457/9
f 3139/457/9 3136/458/9 3147/455/9
f 3148/459/5 3150/460/5 3141/461/5
f 3141/461/5 3138/462/5 3148/459/5
f 3151/456/1 3153/455/1 3145/458/1
f 3145/458/1 3142/457/1 3151/456/1
f 3152/460/13 3146/459/13 3135/462/13
f 3135/462/13 3144/461/13 3152/460/13
f 3154/451/33 3157/452/33 3160/453/33
f 3160/453/33 3163/454/33 3154/451/33
f 3167/455/9 3169/456/9 3159/457/9
f 3159/457/9 3156/458/9 3167/455/9
f 3168/459/5 3170/460/5 3161/461/5
f 3161/461/5 3158/462/5 3168/459/5
f 3171/456/1 3173/455/1 3165/458/1
f 3165/458/1 3162/457/1 3171/456/1
f 3172/460/13 3166/459/13 3155/462/13
f 3155/462/13 3164/461/13 3172/460/13
f 3174/451/33 3177/452/33 3180/453/33
f 3180/453/33 3183/454/33 3174/451/33
f 3187/455/9 3189/456/9 3179/457/9
f 3179/457/9 3176/458/9 3187/455/9
f 3188/459/5 3190/460/5 3181/461/5
f 3181/461/5 3178/462/5 3188/459/5
f 3191/456/1 3193/455/1 3185/458/1
f 3185/458/1 3182/457/1 3191/456/1
f 3192/460/13 3186/459/13 3175/462/13
f 3175/462/13 3184/461/13 3192/460/13
f 3194/451/33 3197/452/33 3200/453/33
f 3200/453/33 3203/454/33 3194/451/33
f 3207/455/9 3209/456/9 3199/457/9
f 3199/457/9 3196/458/9 3207/455/9
f 3208/459/5 3210/460/5 3201/461/5
f 3201/461/5 3198/462/5 3208/459/5
f 3211/456/1 3213/455/1 3205/458/1
f 3205/458/1 3202/457/1 3211/456/1
f 3212/460/13 3206/459/13 3195/462/13
f 3195/462/13 3204/461/13 3212/460/13
f 3214/451/33 3217/452/33 3220/453/33
f 3220/453/33 3223/454/33 3214/451/33
f 3226/455/5 3228/456/5 3218/457/5
f 3218/457/5 3215/458/5 3226/455/5
f 3229/459/1 3231/460/1 3222/461/1
f 3222/461/1 3219/462/1 3229/459/1
f 3230/456/13 3232/455/13 3224/458/13
f 3224/458/13 3221/457/13 3230/456/13
f 3233/460/9 3227/459/9 3216/462/9
f 3216/462/9 3225/461/9 3233/460/9
f 3234/451/33 3237/452/33 3240/453/33
f 3240/453/33 3243/454/33 3234/451/33
f 3246/455/5 3248/456/5 3238/457/5
f 3238/457/5 3235/458/5 3246/455/5
f 3249/459/1 3251/460/1 3242/461/1
f 3242/461/1 3239/462/1 3249/459/1
f 3250/456/13 3252/455/13 3244/458/13
f 3244/458/13 3241/457/13 3250/456/13
f 3253/460/9 3247/459/9 3236/462/9
f 3236/462/9 3245/461/9 3253/460/9
f 3254/451/33 3257/452/33 3260/453/33
f 3260/453/33 3263/454/33 3254/451/33
f 3266/455/5 3268/456/5 3258/457/5
f 3258/457/5 3255/458/5 3266/455/5
f 3269/459/1 3271/460/1 3262/461/1
f 3262/461/1 3259/462/1 3269/459/1
f 3270/456/13 3272/455/13 3264/458/13
f 3264/458/13 3261/457/13 3270/456/13
f 3273/460/9 3267/459/9 3256/462/9
f 3256/462/9 3265/461/9 3273/460/9
f 3274/451/33 3277/452/33 3280/453/33
f 3280/453/33 3283/454/33 3274/451/33
f 3286/455/5 3288/456/5 3278/457/5
f 3278/457/5 3275/458/5 3286/455/5
f 3289/459/1 3291/460/1 3282/461/1
f 3282/461/1 3279/462/1 3289/459/1
f 3290/456/13 3292/455/13 3284/458/13
f 3284/458/13 3281/457/13 3290/456/13
f 3293/460/9 3287/459/9 3276/462/9
f 3276/462/9 3285/461/9 3293/460/9
f 3294/451/33 3297/452/33 3300/453/33
f 3300/453/33 3303/454/33 3294/451/33
f 3307/455/9 3309/456/9 3299/457/9
f 3299/457/9 3296/458/9 3307/455/9
f 3308/459/5 3310/460/5 3301/461/5
f 3301/461/5 3298/462/5 3308/459/5
f 3311/456/1 3313/455/1 3305/458/1
f 3305/458/1 3302/457/1 3311/456/1
f 3312/460/13 3306/459/13 3295/462/13
f 3295/462/13 3304/461/13 3312/460/13
f 3314/451/33 3317/452/33 3320/453/33
f 3320/453/33 3323/454/33 3314/451/33
f 3327/455/9 3329/456/9 3319/457/9
f 3319/457/9 3316/458/9 3327/455/9
f 3328/459/5 3330/460/5 3321/461/5
f 3321/461/5 3318/462/5 3328/459/5
f 3331/456/1 3333/455/1 3325/458/1
f 3325/458/1 3322/457/1 3331/456/1
f 3332/460/13 3326/459/13 3315/462/13
f 3315/462/13 3324/461/13 3332/460/13
f 3334/451/33 3337/452/33 3340/453/33
f 3340/453/33 3343/454/33 3334/451/33
f 3347/455/9 3349/456/9 3339/457/9
f 3339/457/9 3336/458/9 3347/455/9
f 3348/459/5 3350/460/5 3341/461/5
f 3341/461/5 3338/462/5 3348/459/5
f 3351/456/1 3353/455/1 3345/458/1
f 3345/458/1 3342/457/1 3351/456/1
f 3352/460/13 3346/459/13 3335/462/13
f 3335/462/13 3344/461/13 3352/460/13
f 3354/451/33 3357/452/33 3360/453/33
f 3360/453/33 3363/454/33 3354/451/33
f 3367/455/9 3369/456/9 3359/457/9
f 3359/457/9 3356/458/9 3367/455/9
f 3368/459/5 3370/460/5 3361/461/5
f 3361/461/5 3358/462/5 3368/459/5
f 3371/456/1 3373/455/1 3365/458/1
f 3365/458/1 3362/457/1 3371/456/1
f 3372/460/13 3366/459/13 3355/462/13
f 3355/462/13 3364/461/13 3372/460/13
f 3374/451/33 3377/452/33 3380/453/33
f 3380/453/33 3383/454/33 3374/451/33
f 3387/455/9 3389/456/9 3379/457/9
f 3379/457/9 3376/458/9 3387/455/9
f 3388/459/5 3390/460/5 3381/461/5
f 3381/461/5 3378/462/5 3388/459/5
f 3391/456/1 3393/455/1 3385/458/1
f 3385/458/1 3382/457/1 3391/456/1
f 3392/460/13 3386/459/13 3375/462/13
f 3375/462/13 3384/461/13 3392/460/13
f 3394/451/33 3397/452/33 3400/453/33
f 3400/453/33 3403/454/33 3394/451/33
f 3407/455/9 3409/456/9 3399/457/9
f 3399/457/9 3396/458/9 3407/455/9
f 3408/459/5 3410/460/5 3401/461/5
f 3401/461/5 3398/462/5 3408/459/5
f 3411/456/1 3413/455/1 3405/458/1
f 3405/458/1 3402/457/1 3411/456/1
f 3412/460/13 3406/459/13 3395/462/13
f 3395/462/13 3404/461/13 3412/460/13
f 3414/451/33 3417/452/33 3420/453/33
f 3420/453/33 3423/454/33 3414/451/33
f 3427/455/9 3429/456/9 3419/457/9
f 3419/457/9 3416/458/9 3427/455/9
f 3428/459/5 3430/460/5 3421/461/5
f 3421/461/5 3418/462/5 3428/459/5
f 3431/456/1 3433/455/1 3425/458/1
f 3425/458/1 3422/457/1 3431/456/1
f 3432/460/13 3426/459/13 3415/462/13
f 3415/462/13 3424/461/13 3432/460/13
f 3434/451/33 3437/452/33 3440/453/33
f 3440/453/33 3443/454/33 3434/451/33
f 3446/455/5 3448/456/5 3438/457/5
f 3438/457/5 3435/458/5 3446/455/5
f 3449/459/1 3451/460/1 3442/461/1
f 3442/461/1 3439/462/1 3449/459/1
f 3450/456/13 3452/455/13 3444/458/13
f 3444/458/13 3441/457/13 3450/456/13
f 3453/460/9 3447/459/9 3436/462/9
f 3436/462/9 3445/461/9 3453/460/9
f 3454/451/33 3457/452/33 3460/453/33
f 3460/453/33 3463/454/33 3454/451/33
f 3466/455/5 3468/456/5 3458/457/5
f 3458/457/5 3455/458/5 3466/455/5
f 3469/459/1 3471/460/1 3462/461/1
f 3462/461/1 3459/462/1 3469/459/1
f 3470/456/13 3472/455/13 3464/458/13
f 3464/458/13 3461/457/13 3470/456/13
f 3473/460/9 3467/459/9 3456/462/9
f 3456/462/9 3465/461/9 3473/460/9
f 3474/451/33 3477/452/33 3480/453/33
f 3480/453/33 3483/454/33 3474/451/33
f 3486/455/5 3488/456/5 3478/457/5
f 3478/457/5 3475/458/5 3486/455/5
f 3489/459/1 3491/460/1 3482/461/1
f 3482/461/1 3479/462/1 3489/459/1
f 3490/456/13 3492/455/13 3484/458/13
f 3484/458/13 3481/457/13 3490/456/13
f 3493/460/9 3487/459/9 3476/462/9
f 3476/462/9 3485/461/9 3493/460/9
f 3494/451/33 3497/452/33 3500/453/33
f 3500/453/33 3503/454/33 3494/451/33
f 3506/455/5 3508/456/5 3498/457/5
f 3498/457/5 3495/458/5 3506/455/5
f 3509/459/1 3511/460/1 3502/461/1
f 3502/461/1 3499/462/1 3509/459/1
f 3510/456/13 3512/455/13 3504/458/13
f 3504/458/13 3501/457/13 3510/456/13
f 3513/460/9 3507/459/9 3496/462/9
f 3496/462/9 3505/461/9 3513/460/9
f 3514/451/33 3517/452/33 3520/453/33
f 3520/453/33 3523/454/33 3514/451/33
f 3526/455/5 3528/456/5 3518/457/5
f 3518/457/5 3515/458/5 3526/455/5
f 3529/459/1 3531/460/1 3522/461/1
f 3522/461/1 3519/462/1 3529/459/1
f 3530/456/13 3532/455/13 3524/458/13
f 3524/458/13 3521/457/13 3530/456/13
f 3533/460/9 3527/459/9 3516/462/9
f 3516/462/9 3525/461/9 3533/460/9
f 3534/463/33 3535/464/33 3537/465/33
f 3537/465/33 3539/466/33 3534/463/33
f 3540/467/5 3541/468/5 3538/469/5
f 3538/469/5 3536/470/5 3540/467/5
f 3542/471/5 3545/472/5 3548/473/5
f 3548/473/5 3551/474/5 3542/471/5
f 3555/475/1 3557/476/1 3559/477/1
f 3559/477/1 3561/478/1 3555/475/1
s 1
f 3562/479/33 3565/480/528 3567/480/528
f 3567/480/528 3569/479/33 3562/479/33
s 0
f 3571/476/9 3573/475/9 3575/481/9
f 3575/481/9 3577/482/9 3571/476/9
s 1
f 3578/483/32 3582/484/529 3584/485/529
f 3584/485/529 3585/483/32 3578/483/32
s 0
f 3587/486/5 3590/487/5 3592/488/5
f 3595/489/5 3598/490/5 3564/491/5
f 3564/491/5 3563/492/5 3595/489/5
f 3602/493/5 3605/494/5 3607/495/5
f 3610/496/5 3613/497/5 3607/495/5
f 3607/495/5 3605/494/5 3610/496/5
f 3616/498/5 3619/499/5 3548/473/5
f 3548/473/5 3545/472/5 3616/498/5
s 1
f 3623/500/530 3562/479/33 3569/479/33
f 3569/479/33 3625/500/530 3623/500/530
f 3628/501/531 3578/483/32 3585/483/32
f 3585/483/32 3630/501/531 3628/501/531
s 0
f 3622/502/5 3631/503/5 3595/489/5
f 3595/489/5 3563/492/5 3622/502/5
f 3610/496/5 3587/486/5 3592/488/5
f 3592/488/5 3613/497/5 3610/496/5
f 3600/504/9 3544/504/9 3553/505/9
f 3553/505/9 3637/505/9 3600/504/9
s 1
f 3596/506/532 3546/506/532 3543/504/532
f 3543/504/532 3599/504/532 3596/506/532
f 3632/507/533 3617/507/533 3547/506/533
f 3547/506/533 3597/506/533 3632/507/533
s 0
f 3641/508/1 3621/508/1 3618/507/1
f 3618/507/1 3633/507/1 3641/508/1
s 1
f 3643/509/386 3550/510/386 3620/511/386
f 3620/511/386 3640/512/386 3643/509/386
f 3635/513/534 3552/514/534 3549/510/534
f 3549/510/534 3642/509/534 3635/513/534
s 0
f 3645/515/5 3638/516/5 3631/503/5
f 3631/503/5 3622/502/5 3645/515/5
f 3624/500/9 3626/500/9 3649/517/9
f 3649/517/9 3646/517/9 3624/500/9
f 3566/480/1 3653/518/1 3655/518/1
f 3655/518/1 3568/480/1 3566/480/1
f 3651/519/5 3564/491/5 3598/490/5
f 3598/490/5 3634/474/5 3651/519/5
f 3555/475/1 3658/481/1 3661/482/1
f 3661/482/1 3557/476/1 3555/475/1
s 1
f 3636/513/535 3594/513/535 3591/485/535
f 3591/485/535 3652/520/535 3636/513/535
f 3642/509/534 3614/509/534 3593/513/534
f 3593/513/534 3635/513/534 3642/509/534
f 3640/512/386 3609/512/386 3615/509/386
f 3615/509/386 3643/509/386 3640/512/386
f 3647/521/536 3603/521/536 3608/512/536
f 3608/512/536 3639/512/536 3647/521/536
s 0
f 3571/476/9 3664/477/9 3667/478/9
f 3667/478/9 3573/475/9 3571/476/9
s 1
f 3579/483/529 3611/522/529 3606/523/529
f 3606/523/529 3582/484/529 3579/483/529
f 3628/501/531 3588/524/531 3612/522/531
f 3612/522/531 3580/483/531 3628/501/531
s 0
f 3650/520/33 3554/525/33 3560/526/33
f 3560/526/33 3654/527/33 3650/520/33
f 3589/485/33 3656/528/33 3554/525/33
f 3554/525/33 3650/520/33 3589/485/33
f 3587/486/5 3660/486/5 3657/487/5
f 3657/487/5 3590/487/5 3587/486/5
f 3627/501/32 3556/501/32 3659/524/32
f 3659/524/32 3586/524/32 3627/501/32
f 3629/501/32 3558/501/32 3556/501/32
f 3556/501/32 3627/501/32 3629/501/32
f 3581/484/32 3570/484/32 3576/485/32
f 3576/485/32 3583/485/32 3581/484/32
f 3604/523/32 3662/523/32 3570/484/32
f 3570/484/32 3581/484/32 3604/523/32
f 3602/493/5 3666/529/5 3663/530/5
f 3663/530/5 3605/494/5 3602/493/5
f 3644/521/33 3572/531/33 3665/532/33
f 3665/532/33 3601/521/33 3644/521/33
f 3648/533/33 3574/531/33 3572/531/33
f 3572/531/33 3644/521/33 3648/533/33
f 3668/471/5 3671/472/5 3674/473/5
f 3674/473/5 3677/474/5 3668/471/5
f 3681/475/1 3683/476/1 3685/477/1
f 3685/477/1 3687/478/1 3681/475/1
s 1
f 3688/479/33 3691/480/528 3693/480/528
f 3693/480/528 3695/479/33 3688/479/33
s 0
f 3697/476/9 3699/475/9 3701/481/9
f 3701/481/9 3703/482/9 3697/476/9
s 1
f 3704/483/32 3708/484/529 3710/485/537
f 3710/485/537 3711/483/32 3704/483/32
s 0
f 3713/486/5 3716/487/5 3718/488/5
f 3721/489/5 3724/490/5 3690/491/5
f 3690/491/5 3689/492/5 3721/489/5
f 3728/493/5 3731/494/5 3733/495/5
f 3736/496/5 3739/497/5 3733/495/5
f 3733/495/5 3731/494/5 3736/496/5
f 3742/498/5 3745/499/5 3674/473/5
f 3674/473/5 3671/472/5 3742/498/5
s 1
f 3749/500/530 3688/479/33 3695/479/33
f 3695/479/33 3751/500/530 3749/500/530
f 3754/501/531 3704/483/32 3711/483/32
f 3711/483/32 3756/501/531 3754/501/531
s 0
f 3748/502/5 3757/503/5 3721/489/5
f 3721/489/5 3689/492/5 3748/502/5
f 3736/496/5 3713/486/5 3718/488/5
f 3718/488/5 3739/497/5 3736/496/5
f 3726/504/9 3670/504/9 3679/505/9
f 3679/505/9 3763/505/9 3726/504/9
s 1
f 3722/506/532 3672/506/532 3669/504/538
f 3669/504/538 3725/504/538 3722/506/532
f 3758/507/533 3743/507/533 3673/506/533
f 3673/506/533 3723/506/533 3758/507/533
s 0
f 3767/508/1 3747/508/1 3744/507/1
f 3744/507/1 3759/507/1 3767/508/1
s 1
f 3769/509/386 3676/510/386 3746/511/386
f 3746/511/386 3766/512/386 3769/509/386
f 3761/513/534 3678/514/534 3675/510/534
f 3675/510/534 3768/509/534 3761/513/534
s 0
f 3771/515/5 3764/516/5 3757/503/5
f 3757/503/5 3748/502/5 3771/515/5
f 3750/500/9 3752/500/9 3775/517/9
f 3775/517/9 3772/517/9 3750/500/9
f 3692/480/1 3779/518/1 3781/518/1
f 3781/518/1 3694/480/1 3692/480/1
f 3777/519/5 3690/491/5 3724/490/5
f 3724/490/5 3760/474/5 3777/519/5
f 3681/475/1 3784/481/1 3787/482/1
f 3787/482/1 3683/476/1 3681/475/1
s 1
f 3762/513/535 3720/513/535 3717/485/535
f 3717/485/535 3778/520/535 3762/513/535
f 3768/509/534 3740/509/534 3719/513/534
f 3719/513/534 3761/513/534 3768/509/534
f 3766/512/386 3735/512/386 3741/509/386
f 3741/509/386 3769/509/386 3766/512/386
f 3773/521/536 3729/521/536 3734/512/536
f 3734/512/536 3765/512/536 3773/521/536
s 0
f 3697/476/9 3790/477/9 3793/478/9
f 3793/478/9 3699/475/9 3697/476/9
s 1
f 3705/483/529 3737/522/529 3732/523/529
f 3732/523/529 3708/484/529 3705/483/529
f 3754/501/531 3714/524/531 3738/522/531
f 3738/522/531 3706/483/531 3754/501/531
s 0
f 3776/520/33 3680/525/33 3686/526/33
f 3686/526/33 3780/527/33 3776/520/33
f 3715/485/33 3782/528/33 3680/525/33
f 3680/525/33 3776/520/33 3715/485/33
f 3713/486/5 3786/486/5 3783/487/5
f 3783/487/5 3716/487/5 3713/486/5
f 3753/501/32 3682/501/32 3785/524/32
f 3785/524/32 3712/524/32 3753/501/32
f 3755/501/32 3684/501/32 3682/501/32
f 3682/501/32 3753/501/32 3755/501/32
f 3707/484/32 3696/484/32 3702/485/32
f 3702/485/32 3709/485/32 3707/484/32
f 3730/523/32 3788/523/32 3696/484/32
f 3696/484/32 3707/484/32 3730/523/32
f 3728/493/5 3792/529/5 3789/530/5
f 3789/530/5 3731/494/5 3728/493/5
f 3770/521/33 3698/531/33 3791/532/33
f 3791/532/33 3727/521/33 3770/521/33
f 3774/533/33 3700/531/33 3698/531/33
f 3698/531/33 3770/521/33 3774/533/33
f 3794/471/5 3797/472/5 3800/473/5
f 3800/473/5 3803/474/5 3794/471/5
f 3807/475/1 3809/476/1 3811/477/1
f 3811/477/1 3813/478/1 3807/475/1
s 1
f 3814/479/33 3817/480/528 3819/480/528
f 3819/480/528 3821/479/33 3814/479/33
s 0
f 3823/476/9 3825/475/9 3827/481/9
f 3827/481/9 3829/482/9 3823/476/9
s 1
f 3830/483/32 3834/484/529 3836/485/529
f 3836/485/529 3837/483/32 3830/483/32
s 0
f 3839/486/5 3842/487/5 3844/488/5
f 3847/489/5 3850/490/5 3816/491/5
f 3816/491/5 3815/492/5 3847/489/5
f 3854/493/5 3857/494/5 3859/495/5
f 3862/496/5 3865/497/5 3859/495/5
f 3859/495/5 3857/494/5 3862/496/5
f 3868/498/5 3871/499/5 3800/473/5
f 3800/473/5 3797/472/5 3868/498/5
s 1
f 3875/500/530 3814/479/33 3821/479/33
f 3821/479/33 3877/500/530 3875/500/530
f 3880/501/531 3830/483/32 3837/483/32
f 3837/483/32 3882/501/531 3880/501/531
s 0
f 3874/502/5 3883/503/5 3847/489/5
f 3847/489/5 3815/492/5 3874/502/5
f 3862/496/5 3839/486/5 3844/488/5
f 3844/488/5 3865/497/5 3862/496/5
f 3852/504/9 3796/504/9 3805/505/9
f 3805/505/9 3889/505/9 3852/504/9
s 1
f 3848/506/532 3798/506/532 3795/504/532
f 3795/504/532 3851/504/532 3848/506/532
f 3884/507/533 3869/507/539 3799/506/533
f 3799/506/533 3849/506/533 3884/507/533
s 0
f 3893/508/1 3873/508/1 3870/507/1
f 3870/507/1 3885/507/1 3893/508/1
s 1
f 3895/509/386 3802/510/386 3872/511/386
f 3872/511/386 3892/512/386 3895/509/386
f 3887/513/534 3804/514/534 3801/510/534
f 3801/510/534 3894/509/534 3887/513/534
s 0
f 3897/515/5 3890/516/5 3883/503/5
f 3883/503/5 3874/502/5 3897/515/5
f 3876/500/9 3878/500/9 3901/517/9
f 3901/517/9 3898/517/9 3876/500/9
f 3818/480/1 3905/518/1 3907/518/1
f 3907/518/1 3820/480/1 3818/480/1
f 3903/519/5 3816/491/5 3850/490/5
f 3850/490/5 3886/474/5 3903/519/5
f 3807/475/1 3910/481/1 3913/482/1
f 3913/482/1 3809/476/1 3807/475/1
s 1
f 3888/513/535 3846/513/535 3843/485/535
f 3843/485/535 3904/520/535 3888/513/535
f 3894/509/534 3866/509/534 3845/513/534
f 3845/513/534 3887/513/534 3894/509/534
f 3892/512/386 3861/512/386 3867/509/386
f 3867/509/386 3895/509/386 3892/512/386
f 3899/521/536 3855/521/536 3860/512/536
f 3860/512/536 3891/512/536 3899/521/536
s 0
f 3823/476/9 3916/477/9 3919/478/9
f 3919/478/9 3825/475/9 3823/476/9
s 1
f 3831/483/529 3863/522/529 3858/523/529
f 3858/523/529 3834/484/529 3831/483/529
f 3880/501/531 3840/524/531 3864/522/531
f 3864/522/531 3832/483/531 3880/501/531
s 0
f 3902/520/33 3806/525/33 3812/526/33
f 3812/526/33 3906/527/33 3902/520/33
f 3841/485/33 3908/528/33 3806/525/33
f 3806/525/33 3902/520/33 3841/485/33
f 3839/486/5 3912/486/5 3909/487/5
f 3909/487/5 3842/487/5 3839/486/5
f 3879/501/32 3808/501/32 3911/524/32
f 3911/524/32 3838/524/32 3879/501/32
f 3881/501/32 3810/501/32 3808/501/32
f 3808/501/32 3879/501/32 3881/501/32
f 3833/484/32 3822/484/32 3828/485/32
f 3828/485/32 3835/485/32 3833/484/32
f 3856/523/32 3914/523/32 3822/484/32
f 3822/484/32 3833/484/32 3856/523/32
f 3854/493/5 3918/529/5 3915/530/5
f 3915/530/5 3857/494/5 3854/493/5
f 3896/521/33 3824/531/33 3917/532/33
f 3917/532/33 3853/521/33 3896/521/33
f 3900/533/33 3826/531/33 3824/531/33
f 3824/531/33 3896/521/33 3900/533/33
f 3920/471/5 3923/472/5 3926/473/5
f 3926/473/5 3929/474/5 3920/471/5
f 3933/475/1 3935/476/1 3937/477/1
f 3937/477/1 3939/478/1 3933/475/1
s 1
f 3940/479/33 3943/480/528 3945/480/528
f 3945/480/528 3947/479/33 3940/479/33
s 0
f 3949/476/9 3951/475/9 3953/481/9
f 3953/481/9 3955/482/9 3949/476/9
s 1
f 3956/483/32 3960/484/529 3962/485/529
f 3962/485/529 3963/483/32 3956/483/32
s 0
f 3965/486/5 3968/487/5 3970/488/5
f 3973/489/5 3976/490/5 3942/491/5
f 3942/491/5 3941/492/5 3973/489/5
f 3980/493/5 3983/494/5 3985/495/5
f 3988/496/5 3991/497/5 3985/495/5
f 3985/495/5 3983/494/5 3988/496/5
f 3994/498/5 3997/499/5 3926/473/5
f 3926/473/5 3923/472/5 3994/498/5
s 1
f 4001/500/530 3940/479/33 3947/479/33
f 3947/479/33 4003/500/530 4001/500/530
f 4006/501/531 3956/483/32 3963/483/32
f 3963/483/32 4008/501/531 4006/501/531
s 0
f 4000/502/5 4009/503/5 3973/489/5
f 3973/489/5 3941/492/5 4000/502/5
f 3988/496/5 3965/486/5 3970/488/5
f 3970/488/5 3991/497/5 3988/496/5
f 3978/504/9 3922/504/9 3931/505/9
f 3931/505/9 4015/505/9 3978/504/9
s 1
f 3974/506/532 3924/506/532 3921/504/532
f 3921/504/532 3977/504/532 3974/506/532
f 4010/507/533 3995/507/533 3925/506/533
f 3925/506/533 3975/506/533 4010/507/533
s 0
f 4019/508/1 3999/508/1 3996/507/1
f 3996/507/1 4011/507/1 4019/508/1
s 1
f 4021/509/386 3928/510/386 3998/511/386
f 3998/511/386 4018/512/386 4021/509/386
f 4013/513/534 3930/514/534 3927/510/534
f 3927/510/534 4020/509/534 4013/513/534
s 0
f 4023/515/5 4016/516/5 4009/503/5
f 4009/503/5 4000/502/5 4023/515/5
f 4002/500/9 4004/500/9 4027/517/9
f 4027/517/9 4024/517/9 4002/500/9
f 3944/480/1 4031/518/1 4033/518/1
f 4033/518/1 3946/480/1 3944/480/1
f 4029/519/5 3942/491/5 3976/490/5
f 3976/490/5 4012/474/5 4029/519/5
f 3933/475/1 4036/481/1 4039/482/1
f 4039/482/1 3935/476/1 3933/475/1
s 1
f 4014/513/535 3972/513/535 3969/485/535
f 3969/485/535 4030/520/535 4014/513/535
f 4020/509/534 3992/509/534 3971/513/534
f 3971/513/534 4013/513/534 4020/509/534
f 4018/512/386 3987/512/386 3993/509/386
f 3993/509/386 4021/509/386 4018/512/386
f 4025/521/536 3981/521/536 3986/512/536
f 3986/512/536 4017/512/536 4025/521/536
s 0
f 3949/476/9 4042/477/9 4045/478/9
f 4045/478/9 3951/475/9 3949/476/9
s 1
f 3957/483/529 3989/522/529 3984/523/529
f 3984/523/529 3960/484/529 3957/483/529
f 4006/501/531 3966/524/531 3990/522/531
f 3990/522/531 3958/483/531 4006/501/531
s 0
f 4028/520/33 3932/525/33 3938/526/33
f 3938/526/33 4032/527/33 4028/520/33
f 3967/485/33 4034/528/33 3932/525/33
f 3932/525/33 4028/520/33 3967/485/33
f 3965/486/5 4038/486/5 4035/487/5
f 4035/487/5 3968/487/5 3965/486/5
f 4005/501/32 3934/501/32 4037/524/32
f 4037/524/32 3964/524/32 4005/501/32
f 4007/501/32 3936/501/32 3934/501/32
f 3934/501/32 4005/501/32 4007/501/32
f 3959/484/32 3948/484/32 3954/485/32
f 3954/485/32 3961/485/32 3959/484/32
f 3982/523/32 4040/523/32 3948/484/32
f 3948/484/32 3959/484/32 3982/523/32
f 3980/493/5 4044/529/5 4041/530/5
f 4041/530/5 3983/494/5 3980/493/5
f 4022/521/33 3950/531/33 4043/532/33
f 4043/532/33 3979/521/33 4022/521/33
f 4026/533/33 3952/531/33 3950/531/33
f 3950/531/33 4022/521/33 4026/533/33
f 4046/471/5 4049/472/5 4052/473/5
f 4052/473/5 4055/474/5 4046/471/5
f 4059/475/1 4061/476/1 4063/477/1
f 4063/477/1 4065/478/1 4059/475/1
s 1
f 4066/479/33 4069/480/528 4071/480/528
f 4071/480/528 4073/479/33 4066/479/33
s 0
f 4075/476/9 4077/475/9 4079/481/9
f 4079/481/9 4081/482/9 4075/476/9
s 1
f 4082/483/32 4086/484/529 4088/485/537
f 4088/485/537 4089/483/32 4082/483/32
s 0
f 4091/486/5 4094/487/5 4096/488/5
f 4099/489/5 4102/490/5 4068/491/5
f 4068/491/5 4067/492/5 4099/489/5
f 4106/493/5 4109/494/5 4111/495/5
f 4114/496/5 4117/497/5 4111/495/5
f 4111/495/5 4109/494/5 4114/496/5
f 4120/498/5 4123/499/5 4052/473/5
f 4052/473/5 4049/472/5 4120/498/5
s 1
f 4127/500/530 4066/479/33 4073/479/33
f 4073/479/33 4129/500/530 4127/500/530
f 4132/501/531 4082/483/32 4089/483/32
f 4089/483/32 4134/501/531 4132/501/531
s 0
f 4126/502/5 4135/503/5 4099/489/5
f 4099/489/5 4067/492/5 4126/502/5
f 4114/496/5 4091/486/5 4096/488/5
f 4096/488/5 4117/497/5 4114/496/5
f 4104/504/9 4048/504/9 4057/505/9
f 4057/505/9 4141/505/9 4104/504/9
s 1
f 4100/506/532 4050/506/532 4047/504/532
f 4047/504/532 4103/504/532 4100/506/532
f 4136/507/533 4121/507/533 4051/506/533
f 4051/506/533 4101/506/533 4136/507/533
s 0
f 4145/508/1 4125/508/1 4122/507/1
f 4122/507/1 4137/507/1 4145/508/1
s 1
f 4147/509/386 4054/510/386 4124/511/386
f 4124/511/386 4144/512/386 4147/509/386
f 4139/513/534 4056/514/534 4053/510/534
f 4053/510/534 4146/509/534 4139/513/534
s 0
f 4149/515/5 4142/516/5 4135/503/5
f 4135/503/5 4126/502/5 4149/515/5
f 4128/500/9 4130/500/9 4153/517/9
f 4153/517/9 4150/517/9 4128/500/9
f 4070/480/1 4157/518/1 4159/518/1
f 4159/518/1 4072/480/1 4070/480/1
f 4155/519/5 4068/491/5 4102/490/5
f 4102/490/5 4138/474/5 4155/519/5
f 4059/475/1 4162/481/1 4165/482/1
f 4165/482/1 4061/476/1 4059/475/1
s 1
f 4140/513/535 4098/513/535 4095/485/535
f 4095/485/535 4156/520/535 4140/513/535
f 4146/509/534 4118/509/534 4097/513/534
f 4097/513/534 4139/513/534 4146/509/534
f 4144/512/386 4113/512/386 4119/509/386
f 4119/509/386 4147/509/386 4144/512/386
f 4151/521/536 4107/521/536 4112/512/536
f 4112/512/536 4143/512/536 4151/521/536
s 0
f 4075/476/9 4168/477/9 4171/478/9
f 4171/478/9 4077/475/9 4075/476/9
s 1
f 4083/483/529 4115/522/529 4110/523/529
f 4110/523/529 4086/484/529 4083/483/529
f 4132/501/531 4092/524/531 4116/522/531
f 4116/522/531 4084/483/531 4132/501/531
s 0
f 4154/520/33 4058/525/33 4064/526/33
f 4064/526/33 4158/527/33 4154/520/33
f 4093/485/33 4160/528/33 4058/525/33
f 4058/525/33 4154/520/33 4093/485/33
f 4091/486/5 4164/486/5 4161/487/5
f 4161/487/5 4094/487/5 4091/486/5
f 4131/501/32 4060/501/32 4163/524/32
f 4163/524/32 4090/524/32 4131/501/32
f 4133/501/32 4062/501/32 4060/501/32
f 4060/501/32 4131/501/32 4133/501/32
f 4085/484/32 4074/484/32 4080/485/32
f 4080/485/32 4087/485/32 4085/484/32
f 4108/523/32 4166/523/32 4074/484/32
f 4074/484/32 4085/484/32 4108/523/32
f 4106/493/5 4170/529/5 4167/530/5
f 4167/530/5 4109/494/5 4106/493/5
f 4148/521/33 4076/531/33 4169/532/33
f 4169/532/33 4105/521/33 4148/521/33
f 4152/533/33 4078/531/33 4076/531/33
f 4076/531/33 4148/521/33 4152/533/33
f 4172/471/5 4175/472/5 4178/473/5
f 4178/473/5 4181/474/5 4172/471/5
f 4185/475/1 4187/476/1 4189/477/1
f 4189/477/1 4191/478/1 4185/475/1
s 1
f 4192/479/33 4195/480/528 4197/480/528
f 4197/480/528 4199/479/33 4192/479/33
s 0
f 4201/476/9 4203/475/9 4205/481/9
f 4205/481/9 4207/482/9 4201/476/9
s 1
f 4208/483/32 4212/484/529 4214/485/529
f 4214/485/529 4215/483/32 4208/483/32
s 0
f 4217/486/5 4220/487/5 4222/488/5
f 4225/489/5 4228/490/5 4194/491/5
f 4194/491/5 4193/492/5 4225/489/5
f 4232/493/5 4235/494/5 4237/495/5
f 4240/496/5 4243/497/5 4237/495/5
f 4237/495/5 4235/494/5 4240/496/5
f 4246/498/5 4249/499/5 4178/473/5
f 4178/473/5 4175/472/5 4246/498/5
s 1
f 4253/500/530 4192/479/33 4199/479/33
f 4199/479/33 4255/500/530 4253/500/530
f 4258/501/531 4208/483/32 4215/483/32
f 4215/483/32 4260/501/531 4258/501/531
s 0
f 4252/502/5 4261/503/5 4225/489/5
f 4225/489/5 4193/492/5 4252/502/5
f 4240/496/5 4217/486/5 4222/488/5
f 4222/488/5 4243/497/5 4240/496/5
f 4230/504/9 4174/504/9 4183/505/9
f 4183/505/9 4267/505/9 4230/504/9
s 1
f 4226/506/532 4176/506/532 4173/504/532
f 4173/504/532 4229/504/532 4226/506/532
f 4262/507/533 4247/507/533 4177/506/533
f 4177/506/533 4227/506/533 4262/507/533
s 0
f 4271/508/1 4251/508/1 4248/507/1
f 4248/507/1 4263/507/1 4271/508/1
s 1
f 4273/509/386 4180/510/386 4250/511/386
f 4250/511/386 4270/512/386 4273/509/386
f 4265/513/534 4182/514/534 4179/510/534
f 4179/510/534 4272/509/534 4265/513/534
s 0
f 4275/515/5 4268/516/5 4261/503/5
f 4261/503/5 4252/502/5 4275/515/5
f 4254/500/9 4256/500/9 4279/517/9
f 4279/517/9 4276/517/9 4254/500/9
f 4196/480/1 4283/518/1 4285/518/1
f 4285/518/1 4198/480/1 4196/480/1
f 4281/519/5 4194/491/5 4228/490/5
f 4228/490/5 4264/474/5 4281/519/5
f 4185/475/1 4288/481/1 4291/482/1
f 4291/482/1 4187/476/1 4185/475/1
s 1
f 4266/513/535 4224/513/535 4221/485/535
f 4221/485/535 4282/520/535 4266/513/535
f 4272/509/534 4244/509/534 4223/513/534
f 4223/513/534 4265/513/534 4272/509/534
f 4270/512/386 4239/512/386 4245/509/386
f 4245/509/386 4273/509/386 4270/512/386
f 4277/521/536 4233/521/536 4238/512/536
f 4238/512/536 4269/512/536 4277/521/536
s 0
f 4201/476/9 4294/477/9 4297/478/9
f 4297/478/9 4203/475/9 4201/476/9
s 1
f 4209/483/529 4241/522/529 4236/523/529
f 4236/523/529 4212/484/529 4209/483/529
f 4258/501/531 4218/524/531 4242/522/540
f 4242/522/540 4210/483/540 4258/501/531
s 0
f 4280/520/33 4184/525/33 4190/526/33
f 4190/526/33 4284/527/33 4280/520/33
f 4219/485/33 4286/528/33 4184/525/33
f 4184/525/33 4280/520/33 4219/485/33
f 4217/486/5 4290/486/5 4287/487/5
f 4287/487/5 4220/487/5 4217/486/5
f 4257/501/32 4186/501/32 4289/524/32
f 4289/524/32 4216/524/32 4257/501/32
f 4259/501/32 4188/501/32 4186/501/32
f 4186/501/32 4257/501/32 4259/501/32
f 4211/484/32 4200/484/32 4206/485/32
f 4206/485/32 4213/485/32 4211/484/32
f 4234/523/32 4292/523/32 4200/484/32
f 4200/484/32 4211/484/32 4234/523/32
f 4232/493/5 4296/529/5 4293/530/5
f 4293/530/5 4235/494/5 4232/493/5
f 4274/521/33 4202/531/33 4295/532/33
f 4295/532/33 4231/521/33 4274/521/33
f 4278/533/33 4204/531/33 4202/531/33
f 4202/531/33 4274/521/33 4278/533/33
f 4298/471/5 4301/472/5 4304/473/5
f 4304/473/5 4307/474/5 4298/471/5
f 4311/475/1 4313/476/1 4315/477/1
f 4315/477/1 4317/478/1 4311/475/1
s 1
f 4318/479/33 4321/480/528 4323/480/528
f 4323/480/528 4325/479/33 4318/479/33
s 0
f 4327/476/9 4329/475/9 4331/481/9
f 4331/481/9 4333/482/9 4327/476/9
s 1
f 4334/483/32 4338/484/529 4340/485/529
f 4340/485/529 4341/483/32 4334/483/32
s 0
f 4343/486/5 4346/487/5 4348/488/5
f 4351/489/5 4354/490/5 4320/491/5
f 4320/491/5 4319/492/5 4351/489/5
f 4358/493/5 4361/494/5 4363/495/5
f 4366/496/5 4369/497/5 4363/495/5
f 4363/495/5 4361/494/5 4366/496/5
f 4372/498/5 4375/499/5 4304/473/5
f 4304/473/5 4301/472/5 4372/498/5
s 1
f 4379/500/530 4318/479/33 4325/479/33
f 4325/479/33 4381/500/530 4379/500/530
f 4384/501/531 4334/483/32 4341/483/32
f 4341/483/32 4386/501/531 4384/501/531
s 0
f 4378/502/5 4387/503/5 4351/489/5
f 4351/489/5 4319/492/5 4378/502/5
f 4366/496/5 4343/486/5 4348/488/5
f 4348/488/5 4369/497/5 4366/496/5
f 4356/504/9 4300/504/9 4309/505/9
f 4309/505/9 4393/505/9 4356/504/9
s 1
f 4352/506/532 4302/506/532 4299/504/532
f 4299/504/532 4355/504/532 4352/506/532
f 4388/507/533 4373/507/533 4303/506/533
f 4303/506/533 4353/506/533 4388/507/533
s 0
f 4397/508/1 4377/508/1 4374/507/1
f 4374/507/1 4389/507/1 4397/508/1
s 1
f 4399/509/386 4306/510/386 4376/511/386
f 4376/511/386 4396/512/386 4399/509/386
f 4391/513/534 4308/514/534 4305/510/534
f 4305/510/534 4398/509/534 4391/513/534
s 0
f 4401/515/5 4394/516/5 4387/503/5
f 4387/503/5 4378/502/5 4401/515/5
f 4380/500/9 4382/500/9 4405/517/9
f 4405/517/9 4402/517/9 4380/500/9
f 4322/480/1 4409/518/1 4411/518/1
f 4411/518/1 4324/480/1 4322/480/1
f 4407/519/5 4320/491/5 4354/490/5
f 4354/490/5 4390/474/5 4407/519/5
f 4311/475/1 4414/481/1 4417/482/1
f 4417/482/1 4313/476/1 4311/475/1
s 1
f 4392/513/535 4350/513/535 4347/485/535
f 4347/485/535 4408/520/535 4392/513/535
f 4398/509/534 4370/509/534 4349/513/534
f 4349/513/534 4391/513/534 4398/509/534
f 4396/512/386 4365/512/386 4371/509/386
f 4371/509/386 4399/509/386 4396/512/386
f 4403/521/536 4359/521/536 4364/512/536
f 4364/512/536 4395/512/536 4403/521/536
s 0
f 4327/476/9 4420/477/9 4423/478/9
f 4423/478/9 4329/475/9 4327/476/9
s 1
f 4335/483/541 4367/522/541 4362/523/529
f 4362/523/529 4338/484/529 4335/483/541
f 4384/501/531 4344/524/531 4368/522/540
f 4368/522/540 4336/483/540 4384/501/531
s 0
f 4406/520/33 4310/525/33 4316/526/33
f 4316/526/33 4410/527/33 4406/520/33
f 4345/485/33 4412/528/33 4310/525/33
f 4310/525/33 4406/520/33 4345/485/33
f 4343/486/5 4416/486/5 4413/487/5
f 4413/487/5 4346/487/5 4343/486/5
f 4383/501/32 4312/501/32 4415/524/32
f 4415/524/32 4342/524/32 4383/501/32
f 4385/501/32 4314/501/32 4312/501/32
f 4312/501/32 4383/501/32 4385/501/32
f 4337/484/32 4326/484/32 4332/485/32
f 4332/485/32 4339/485/32 4337/484/32
f 4360/523/32 4418/523/32 4326/484/32
f 4326/484/32 4337/484/32 4360/523/32
f 4358/493/5 4422/529/5 4419/530/5
f 4419/530/5 4361/494/5 4358/493/5
f 4400/521/33 4328/531/33 4421/532/33
f 4421/532/33 4357/521/33 4400/521/33
f 4404/533/33 4330/531/33 4328/531/33
f 4328/531/33 4400/521/33 4404/533/33
f 4426/471/1 4429/472/1 4432/473/1
f 4432/473/1 4435/474/1 4426/471/1
f 4437/475/13 4439/476/13 4441/477/13
f 4441/477/13 4443/478/13 4437/475/13
s 1
f 4444/479/33 4446/480/542 4449/480/542
f 4449/480/542 4451/479/33 4444/479/33
s 0
f 4453/476/5 4455/475/5 4457/481/5
f 4457/481/5 4459/482/5 4453/476/5
s 1
f 4460/483/32 4464/484/543 4466/485/543
f 4466/485/543 4467/483/32 4460/483/32
s 0
f 4470/486/1 4473/487/1 4476/488/1
f 4479/489/1 4482/490/1 4448/491/1
f 4448/491/1 4445/492/1 4479/489/1
f 4485/493/1 4488/494/1 4491/495/1
f 4494/496/1 4497/497/1 4491/495/1
f 4491/495/1 4488/494/1 4494/496/1
f 4500/498/1 4503/499/1 4432/473/1
f 4432/473/1 4429/472/1 4500/498/1
s 1
f 4504/500/544 4444/479/33 4451/479/33
f 4451/479/33 4507/500/544 4504/500/544
f 4510/501/545 4460/483/32 4467/483/32
f 4467/483/32 4512/501/545 4510/501/545
s 0
f 4506/502/1 4515/503/1 4479/489/1
f 4479/489/1 4445/492/1 4506/502/1
f 4494/496/1 4470/486/1 4476/488/1
f 4476/488/1 4497/497/1 4494/496/1
f 4481/504/5 4425/504/5 4434/505/5
f 4434/505/5 4518/505/5 4481/504/5
s 1
f 4478/506/546 4428/506/546 4424/504/546
f 4424/504/546 4480/504/546 4478/506/546
f 4513/507/547 4498/507/547 4427/506/547
f 4427/506/547 4477/506/548 4513/507/547
s 0
f 4522/508/13 4502/508/13 4499/507/13
f 4499/507/13 4514/507/13 4522/508/13
s 1
f 4524/509/549 4430/510/549 4501/511/549
f 4501/511/549 4521/512/549 4524/509/549
f 4516/513/550 4433/514/550 4431/510/550
f 4431/510/550 4525/509/550 4516/513/550
s 0
f 4529/515/1 4523/516/1 4515/503/1
f 4515/503/1 4506/502/1 4529/515/1
f 4505/500/5 4508/500/5 4531/517/5
f 4531/517/5 4528/517/5 4505/500/5
f 4447/480/13 4533/518/13 4537/518/13
f 4537/518/13 4450/480/13 4447/480/13
f 4535/519/1 4448/491/1 4482/490/1
f 4482/490/1 4519/474/1 4535/519/1
f 4437/475/13 4539/481/13 4542/482/13
f 4542/482/13 4439/476/13 4437/475/13
s 1
f 4517/513/551 4475/513/551 4472/485/551
f 4472/485/551 4534/520/551 4517/513/551
f 4525/509/550 4496/509/550 4474/513/550
f 4474/513/550 4516/513/550 4525/509/550
f 4521/512/549 4490/512/549 4495/509/549
f 4495/509/549 4524/509/549 4521/512/549
f 4527/521/552 4484/521/553 4489/512/552
f 4489/512/552 4520/512/552 4527/521/552
s 0
f 4453/476/5 4545/477/5 4548/478/5
f 4548/478/5 4455/475/5 4453/476/5
s 1
f 4462/483/543 4493/522/543 4487/523/543
f 4487/523/543 4464/484/543 4462/483/543
f 4510/501/545 4469/524/545 4492/522/545
f 4492/522/545 4461/483/545 4510/501/545
s 0
f 4532/520/33 4436/525/33 4442/526/33
f 4442/526/33 4536/527/33 4532/520/33
f 4471/485/33 4538/528/33 4436/525/33
f 4436/525/33 4532/520/33 4471/485/33
f 4470/486/1 4543/486/1 4540/487/1
f 4540/487/1 4473/487/1 4470/486/1
f 4509/501/32 4438/501/32 4541/524/32
f 4541/524/32 4468/524/32 4509/501/32
f 4511/501/32 4440/501/32 4438/501/32
f 4438/501/32 4509/501/32 4511/501/32
f 4463/484/32 4452/484/32 4458/485/32
f 4458/485/32 4465/485/32 4463/484/32
f 4486/523/32 4544/523/32 4452/484/32
f 4452/484/32 4463/484/32 4486/523/32
f 4485/493/1 4549/529/1 4546/530/1
f 4546/530/1 4488/494/1 4485/493/1
f 4526/521/33 4454/531/33 4547/532/33
f 4547/532/33 4483/521/33 4526/521/33
f 4530/533/33 4456/531/33 4454/531/33
f 4454/531/33 4526/521/33 4530/533/33
f 4552/471/1 4555/474/1 4558/473/1
f 4558/473/1 4561/472/1 4552/471/1
f 4563/475/5 4565/478/5 4567/477/5
f 4567/477/5 4569/476/5 4563/475/5
s 1
f 4570/479/33 4572/479/554 4573/480/555
f 4574/480/544 4576/480/544 4570/479/33
s 0
f 4580/476/13 4582/482/13 4584/481/13
f 4584/481/13 4586/475/13 4580/476/13
s 1
f 4587/483/32 4590/483/32 4592/485/545
f 4592/485/545 4594/484/545 4587/483/32
s 0
f 4597/486/1 4600/488/1 4603/487/1
f 4606/489/1 4571/492/1 4578/491/1
f 4578/491/1 4609/490/1 4606/489/1
f 4612/493/1 4615/495/1 4618/494/1
f 4621/496/1 4618/494/1 4615/495/1
f 4615/495/1 4624/497/1 4621/496/1
f 4627/498/1 4561/472/1 4558/473/1
f 4558/473/1 4630/499/1 4627/498/1
s 1
f 4631/500/556 4634/500/556 4572/479/554
f 4572/479/554 4570/479/33 4631/500/556
f 4637/501/543 4639/501/543 4590/483/32
f 4590/483/32 4587/483/32 4637/501/543
s 0
f 4633/502/1 4571/492/1 4606/489/1
f 4606/489/1 4642/503/1 4633/502/1
f 4621/496/1 4624/497/1 4600/488/1
f 4600/488/1 4597/486/1 4621/496/1
f 4608/504/13 4645/505/13 4554/505/13
f 4554/505/13 4551/504/13 4608/504/13
s 1
f 4604/506/557 4607/504/547 4550/504/547
f 4550/504/547 4559/506/558 4604/506/557
f 4640/507/559 4605/506/560 4560/506/546
f 4560/506/546 4625/507/560 4640/507/559
s 0
f 4649/508/5 4641/507/5 4626/507/5
f 4626/507/5 4629/508/5 4649/508/5
s 1
f 4652/509/561 4648/512/561 4628/511/561
f 4628/511/561 4557/510/562 4652/509/561
f 4643/513/563 4651/509/563 4556/510/563
f 4556/510/563 4553/514/563 4643/513/563
s 0
f 4656/515/1 4633/502/1 4642/503/1
f 4642/503/1 4650/516/1 4656/515/1
f 4632/500/13 4654/517/13 4658/517/13
f 4658/517/13 4635/500/13 4632/500/13
f 4577/480/5 4575/480/5 4660/518/5
f 4660/518/5 4663/518/5 4577/480/5
f 4664/519/1 4646/474/1 4609/490/1
f 4609/490/1 4578/491/1 4664/519/1
f 4563/475/5 4569/476/5 4666/482/5
f 4666/482/5 4669/481/5 4563/475/5
s 1
f 4644/513/564 4662/520/564 4602/485/564
f 4602/485/564 4599/513/564 4644/513/564
f 4651/509/563 4643/513/563 4598/513/563
f 4598/513/563 4622/509/563 4651/509/563
f 4648/512/561 4652/509/561 4623/509/561
f 4623/509/561 4614/512/561 4648/512/561
f 4655/521/565 4647/512/565 4613/512/565
f 4613/512/565 4611/521/565 4655/521/565
s 0
f 4580/476/13 4586/475/13 4672/478/13
f 4672/478/13 4675/477/13 4580/476/13
s 1
f 4588/483/545 4594/484/545 4617/523/545
f 4617/523/545 4619/522/545 4588/483/545
f 4637/501/543 4589/483/543 4620/522/543
f 4620/522/543 4596/524/543 4637/501/543
s 0
f 4661/520/33 4659/527/33 4564/526/33
f 4564/526/33 4562/525/33 4661/520/33
f 4601/485/33 4661/520/33 4562/525/33
f 4562/525/33 4668/528/33 4601/485/33
f 4597/486/1 4603/487/1 4670/487/1
f 4670/487/1 4667/486/1 4597/486/1
f 4636/501/32 4595/524/32 4665/524/32
f 4665/524/32 4568/501/32 4636/501/32
f 4638/501/32 4636/501/32 4568/501/32
f 4568/501/32 4566/501/32 4638/501/32
f 4593/484/32 4591/485/32 4581/485/32
f 4581/485/32 4579/484/32 4593/484/32
f 4616/523/32 4593/484/32 4579/484/32
f 4579/484/32 4674/523/32 4616/523/32
f 4612/493/1 4618/494/1 4676/530/1
f 4676/530/1 4673/529/1 4612/493/1
f 4653/521/33 4610/521/33 4671/532/33
f 4671/532/33 4585/531/33 4653/521/33
f 4657/533/33 4653/521/33 4585/531/33
f 4585/531/33 4583/531/33 4657/533/33
f 4677/471/13 4680/474/13 4683/473/13
f 4683/473/13 4686/472/13 4677/471/13
f 4690/475/1 4692/478/1 4694/477/1
f 4694/477/1 4696/476/1 4690/475/1
s 1
f 4697/479/33 4699/479/33 4700/480/528
f 4700/480/528 4703/480/528 4697/479/33
s 0
f 4706/476/9 4708/482/9 4710/481/9
f 4710/481/9 4712/475/9 4706/476/9
s 1
f 4713/483/32 4716/483/32 4718/485/529
f 4718/485/529 4720/484/529 4713/483/32
s 0
f 4722/486/13 4724/488/13 4728/487/13
f 4730/489/13 4698/492/13 4702/491/13
f 4702/491/13 4733/490/13 4730/489/13
f 4737/493/13 4739/495/13 4743/494/13
f 4745/496/13 4743/494/13 4739/495/13
f 4739/495/13 4748/497/13 4745/496/13
f 4751/498/13 4686/472/13 4683/473/13
f 4683/473/13 4754/499/13 4751/498/13
s 1
f 4758/500/530 4760/500/530 4699/479/33
f 4699/479/33 4697/479/33 4758/500/530
f 4763/501/531 4765/501/531 4716/483/32
f 4716/483/32 4713/483/32 4763/501/531
s 0
f 4757/502/13 4698/492/13 4730/489/13
f 4730/489/13 4766/503/13 4757/502/13
f 4745/496/13 4748/497/13 4724/488/13
f 4724/488/13 4722/486/13 4745/496/13
f 4735/504/9 4772/505/9 4682/505/9
f 4682/505/9 4679/504/9 4735/504/9
s 1
f 4731/506/532 4734/504/532 4678/504/532
f 4678/504/532 4687/506/532 4731/506/532
f 4767/507/533 4732/506/533 4688/506/533
f 4688/506/533 4752/507/533 4767/507/533
s 0
f 4776/508/1 4768/507/1 4753/507/1
f 4753/507/1 4756/508/1 4776/508/1
s 1
f 4778/509/386 4775/512/386 4755/511/386
f 4755/511/386 4685/510/386 4778/509/386
f 4770/513/534 4777/509/534 4684/510/534
f 4684/510/534 4681/514/534 4770/513/534
s 0
f 4780/515/13 4757/502/13 4766/503/13
f 4766/503/13 4773/516/13 4780/515/13
f 4759/500/9 4781/517/9 4784/517/9
f 4784/517/9 4761/500/9 4759/500/9
f 4704/480/1 4701/480/1 4786/518/1
f 4786/518/1 4790/518/1 4704/480/1
f 4788/519/13 4769/474/13 4733/490/13
f 4733/490/13 4702/491/13 4788/519/13
f 4690/475/1 4696/476/1 4793/482/1
f 4793/482/1 4796/481/1 4690/475/1
s 1
f 4771/513/566 4789/520/535 4729/485/535
f 4729/485/535 4726/513/566 4771/513/566
f 4777/509/534 4770/513/534 4725/513/534
f 4725/513/534 4749/509/534 4777/509/534
f 4775/512/386 4778/509/386 4750/509/386
f 4750/509/386 4741/512/386 4775/512/386
f 4782/521/536 4774/512/536 4740/512/536
f 4740/512/536 4738/521/536 4782/521/536
s 0
f 4706/476/9 4712/475/9 4799/478/9
f 4799/478/9 4802/477/9 4706/476/9
s 1
f 4714/483/529 4720/484/529 4744/523/529
f 4744/523/529 4746/522/537 4714/483/529
f 4763/501/531 4715/483/531 4747/522/531
f 4747/522/531 4723/524/567 4763/501/531
s 0
f 4787/520/33 4785/527/33 4691/526/33
f 4691/526/33 4689/525/33 4787/520/33
f 4727/485/33 4787/520/33 4689/525/33
f 4689/525/33 4794/528/33 4727/485/33
f 4722/486/13 4728/487/13 4795/487/13
f 4795/487/13 4792/486/13 4722/486/13
f 4762/501/32 4721/524/32 4791/524/32
f 4791/524/32 4695/501/32 4762/501/32
f 4764/501/32 4762/501/32 4695/501/32
f 4695/501/32 4693/501/32 4764/501/32
f 4719/484/32 4717/485/32 4707/485/32
f 4707/485/32 4705/484/32 4719/484/32
f 4742/523/32 4719/484/32 4705/484/32
f 4705/484/32 4800/523/32 4742/523/32
f 4737/493/13 4743/494/13 4801/530/13
f 4801/530/13 4798/529/13 4737/493/13
f 4779/521/33 4736/521/33 4797/532/33
f 4797/532/33 4711/531/33 4779/521/33
f 4783/533/33 4779/521/33 4711/531/33
f 4711/531/33 4709/531/33 4783/533/33
f 4803/471/13 4806/474/13 4809/473/13
f 4809/473/13 4812/472/13 4803/471/13
f 4816/475/1 4818/478/1 4820/477/1
f 4820/477/1 4822/476/1 4816/475/1
s 1
f 4823/479/33 4825/479/33 4826/480/528
f 4826/480/528 4829/480/528 4823/479/33
s 0
f 4832/476/9 4834/482/9 4836/481/9
f 4836/481/9 4838/475/9 4832/476/9
s 1
f 4839/483/32 4842/483/32 4844/485/529
f 4844/485/529 4846/484/529 4839/483/32
s 0
f 4848/486/13 4850/488/13 4854/487/13
f 4856/489/13 4824/492/13 4828/491/13
f 4828/491/13 4859/490/13 4856/489/13
f 4863/493/13 4865/495/13 4869/494/13
f 4871/496/13 4869/494/13 4865/495/13
f 4865/495/13 4874/497/13 4871/496/13
f 4877/498/13 4812/472/13 4809/473/13
f 4809/473/13 4880/499/13 4877/498/13
s 1
f 4884/500/530 4886/500/530 4825/479/33
f 4825/479/33 4823/479/33 4884/500/530
f 4889/501/531 4891/501/531 4842/483/32
f 4842/483/32 4839/483/32 4889/501/531
s 0
f 4883/502/13 4824/492/13 4856/489/13
f 4856/489/13 4892/503/13 4883/502/13
f 4871/496/13 4874/497/13 4850/488/13
f 4850/488/13 4848/486/13 4871/496/13
f 4861/504/9 4898/505/9 4808/505/9
f 4808/505/9 4805/504/9 4861/504/9
s 1
f 4857/506/532 4860/504/532 4804/504/532
f 4804/504/532 4813/506/532 4857/506/532
f 4893/507/533 4858/506/533 4814/506/533
f 4814/506/533 4878/507/533 4893/507/533
s 0
f 4902/508/1 4894/507/1 4879/507/1
f 4879/507/1 4882/508/1 4902/508/1
s 1
f 4904/509/386 4901/512/386 4881/511/386
f 4881/511/386 4811/510/386 4904/509/386
f 4896/513/534 4903/509/534 4810/510/534
f 4810/510/534 4807/514/534 4896/513/534
s 0
f 4906/515/13 4883/502/13 4892/503/13
f 4892/503/13 4899/516/13 4906/515/13
f 4885/500/9 4907/517/9 4910/517/9
f 4910/517/9 4887/500/9 4885/500/9
f 4830/480/1 4827/480/1 4912/518/1
f 4912/518/1 4916/518/1 4830/480/1
f 4914/519/13 4895/474/13 4859/490/13
f 4859/490/13 4828/491/13 4914/519/13
f 4816/475/1 4822/476/1 4919/482/1
f 4919/482/1 4922/481/1 4816/475/1
s 1
f 4897/513/535 4915/520/535 4855/485/535
f 4855/485/535 4852/513/535 4897/513/535
f 4903/509/534 4896/513/534 4851/513/534
f 4851/513/534 4875/509/534 4903/509/534
f 4901/512/386 4904/509/386 4876/509/386
f 4876/509/386 4867/512/386 4901/512/386
f 4908/521/536 4900/512/536 4866/512/536
f 4866/512/536 4864/521/536 4908/521/536
s 0
f 4832/476/9 4838/475/9 4925/478/9
f 4925/478/9 4928/477/9 4832/476/9
s 1
f 4840/483/529 4846/484/529 4870/523/529
f 4870/523/529 4872/522/529 4840/483/529
f 4889/501/531 4841/483/531 4873/522/531
f 4873/522/531 4849/524/531 4889/501/531
s 0
f 4913/520/33 4911/527/33 4817/526/33
f 4817/526/33 4815/525/33 4913/520/33
f 4853/485/33 4913/520/33 4815/525/33
f 4815/525/33 4920/528/33 4853/485/33
f 4848/486/13 4854/487/13 4921/487/13
f 4921/487/13 4918/486/13 4848/486/13
f 4888/501/32 4847/524/32 4917/524/32
f 4917/524/32 4821/501/32 4888/501/32
f 4890/501/32 4888/501/32 4821/501/32
f 4821/501/32 4819/501/32 4890/501/32
f 4845/484/32 4843/485/32 4833/485/32
f 4833/485/32 4831/484/32 4845/484/32
f 4868/523/32 4845/484/32 4831/484/32
f 4831/484/32 4926/523/32 4868/523/32
f 4863/493/13 4869/494/13 4927/530/13
f 4927/530/13 4924/529/13 4863/493/13
f 4905/521/33 4862/521/33 4923/532/33
f 4923/532/33 4837/531/33 4905/521/33
f 4909/533/33 4905/521/33 4837/531/33
f 4837/531/33 4835/531/33 4909/533/33
f 4929/471/13 4932/474/13 4935/473/13
f 4935/473/13 4938/472/13 4929/471/13
f 4942/475/1 4944/478/1 4946/477/1
f 4946/477/1 4948/476/1 4942/475/1
s 1
f 4949/479/33 4951/479/33 4952/480/528
f 4952/480/528 4955/480/528 4949/479/33
s 0
f 4958/476/9 4960/482/9 4962/481/9
f 4962/481/9 4964/475/9 4958/476/9
s 1
f 4965/483/32 4968/483/32 4970/485/529
f 4970/485/529 4972/484/529 4965/483/32
s 0
f 4974/486/13 4976/488/13 4980/487/13
f 4982/489/13 4950/492/13 4954/491/13
f 4954/491/13 4985/490/13 4982/489/13
f 4989/493/13 4991/495/13 4995/494/13
f 4997/496/13 4995/494/13 4991/495/13
f 4991/495/13 5000/497/13 4997/496/13
f 5003/498/13 4938/472/13 4935/473/13
f 4935/473/13 5006/499/13 5003/498/13
s 1
f 5010/500/530 5012/500/530 4951/479/33
f 4951/479/33 4949/479/33 5010/500/530
f 5015/501/531 5017/501/531 4968/483/32
f 4968/483/32 4965/483/32 5015/501/531
s 0
f 5009/502/13 4950/492/13 4982/489/13
f 4982/489/13 5018/503/13 5009/502/13
f 4997/496/13 5000/497/13 4976/488/13
f 4976/488/13 4974/486/13 4997/496/13
f 4987/504/9 5024/505/9 4934/505/9
f 4934/505/9 4931/504/9 4987/504/9
s 1
f 4983/506/532 4986/504/532 4930/504/532
f 4930/504/532 4939/506/532 4983/506/532
f 5019/507/568 4984/506/533 4940/506/533
f 4940/506/533 5004/507/533 5019/507/568
s 0
f 5028/508/1 5020/507/1 5005/507/1
f 5005/507/1 5008/508/1 5028/508/1
s 1
f 5030/509/386 5027/512/386 5007/511/386
f 5007/511/386 4937/510/386 5030/509/386
f 5022/513/534 5029/509/534 4936/510/534
f 4936/510/534 4933/514/534 5022/513/534
s 0
f 5032/515/13 5009/502/13 5018/503/13
f 5018/503/13 5025/516/13 5032/515/13
f 5011/500/9 5033/517/9 5036/517/9
f 5036/517/9 5013/500/9 5011/500/9
f 4956/480/1 4953/480/1 5038/518/1
f 5038/518/1 5042/518/1 4956/480/1
f 5040/519/13 5021/474/13 4985/490/13
f 4985/490/13 4954/491/13 5040/519/13
f 4942/475/1 4948/476/1 5045/482/1
f 5045/482/1 5048/481/1 4942/475/1
s 1
f 5023/513/535 5041/520/535 4981/485/535
f 4981/485/535 4978/513/535 5023/513/535
f 5029/509/534 5022/513/534 4977/513/534
f 4977/513/534 5001/509/534 5029/509/534
f 5027/512/386 5030/509/386 5002/509/386
f 5002/509/386 4993/512/386 5027/512/386
f 5034/521/536 5026/512/536 4992/512/536
f 4992/512/536 4990/521/536 5034/521/536
s 0
f 4958/476/9 4964/475/9 5051/478/9
f 5051/478/9 5054/477/9 4958/476/9
s 1
f 4966/483/529 4972/484/529 4996/523/529
f 4996/523/529 4998/522/529 4966/483/529
f 5015/501/531 4967/483/531 4999/522/531
f 4999/522/531 4975/524/531 5015/501/531
s 0
f 5039/520/33 5037/527/33 4943/526/33
f 4943/526/33 4941/525/33 5039/520/33
f 4979/485/33 5039/520/33 4941/525/33
f 4941/525/33 5046/528/33 4979/485/33
f 4974/486/13 4980/487/13 5047/487/13
f 5047/487/13 5044/486/13 4974/486/13
f 5014/501/32 4973/524/32 5043/524/32
f 5043/524/32 4947/501/32 5014/501/32
f 5016/501/32 5014/501/32 4947/501/32
f 4947/501/32 4945/501/32 5016/501/32
f 4971/484/32 4969/485/32 4959/485/32
f 4959/485/32 4957/484/32 4971/484/32
f 4994/523/32 4971/484/32 4957/484/32
f 4957/484/32 5052/523/32 4994/523/32
f 4989/493/13 4995/494/13 5053/530/13
f 5053/530/13 5050/529/13 4989/493/13
f 5031/521/33 4988/521/33 5049/532/33
f 5049/532/33 4963/531/33 5031/521/33
f 5035/533/33 5031/521/33 4963/531/33
f 4963/531/33 4961/531/33 5035/533/33
f 5055/471/13 5058/474/13 5061/473/13
f 5061/473/13 5064/472/13 5055/471/13
f 5068/475/1 5070/478/1 5072/477/1
f 5072/477/1 5074/476/1 5068/475/1
s 1
f 5075/479/33 5077/479/33 5078/480/528
f 5078/480/528 5081/480/528 5075/479/33
s 0
f 5084/476/9 5086/482/9 5088/481/9
f 5088/481/9 5090/475/9 5084/476/9
s 1
f 5091/483/32 5095/483/32 5097/485/529
f 5097/485/529 5099/484/529 5092/483/569
s 0
f 5101/486/13 5103/488/13 5107/487/13
f 5109/489/13 5076/492/13 5080/491/13
f 5080/491/13 5112/490/13 5109/489/13
f 5116/493/13 5118/495/13 5122/494/13
f 5124/496/13 5122/494/13 5118/495/13
f 5118/495/13 5127/497/13 5124/496/13
f 5130/498/13 5064/472/13 5061/473/13
f 5061/473/13 5133/499/13 5130/498/13
s 1
f 5137/500/530 5139/500/530 5077/479/33
f 5077/479/33 5075/479/33 5137/500/530
f 5142/501/531 5144/501/531 5095/483/32
f 5095/483/32 5091/483/32 5142/501/531
s 0
f 5136/502/13 5076/492/13 5109/489/13
f 5109/489/13 5145/503/13 5136/502/13
f 5124/496/13 5127/497/13 5103/488/13
f 5103/488/13 5101/486/13 5124/496/13
f 5114/504/9 5151/505/9 5060/505/9
f 5060/505/9 5057/504/9 5114/504/9
s 1
f 5110/506/532 5113/504/532 5056/504/532
f 5056/504/532 5065/506/532 5110/506/532
f 5146/507/533 5111/506/533 5066/506/533
f 5066/506/533 5131/507/533 5146/507/533
s 0
f 5155/508/1 5147/507/1 5132/507/1
f 5132/507/1 5135/508/1 5155/508/1
s 1
f 5157/509/386 5154/512/386 5134/511/386
f 5134/511/386 5063/510/386 5157/509/386
f 5149/513/534 5156/509/534 5062/510/534
f 5062/510/534 5059/514/534 5149/513/534
s 0
f 5159/515/13 5136/502/13 5145/503/13
f 5145/503/13 5152/516/13 5159/515/13
f 5138/500/9 5160/517/9 5163/517/9
f 5163/517/9 5140/500/9 5138/500/9
f 5082/480/1 5079/480/1 5165/518/1
f 5165/518/1 5169/518/1 5082/480/1
f 5167/519/13 5148/474/13 5112/490/13
f 5112/490/13 5080/491/13 5167/519/13
f 5068/475/1 5074/476/1 5172/482/1
f 5172/482/1 5175/481/1 5068/475/1
s 1
f 5150/513/535 5168/520/535 5108/485/535
f 5108/485/535 5105/513/535 5150/513/535
f 5156/509/534 5149/513/534 5104/513/534
f 5104/513/534 5128/509/534 5156/509/534
f 5154/512/386 5157/509/386 5129/509/386
f 5129/509/386 5120/512/386 5154/512/386
f 5161/521/536 5153/512/536 5119/512/536
f 5119/512/536 5117/521/536 5161/521/536
s 0
f 5084/476/9 5090/475/9 5178/478/9
f 5178/478/9 5181/477/9 5084/476/9
s 1
f 5093/483/529 5099/484/529 5123/523/529
f 5123/523/529 5125/522/529 5093/483/529
f 5142/501/531 5094/483/531 5126/522/531
f 5126/522/531 5102/524/531 5142/501/531
s 0
f 5166/520/33 5164/527/33 5069/526/33
f 5069/526/33 5067/525/33 5166/520/33
f 5106/485/33 5166/520/33 5067/525/33
f 5067/525/33 5173/528/33 5106/485/33
f 5101/486/13 5107/487/13 5174/487/13
f 5174/487/13 5171/486/13 5101/486/13
f 5141/501/32 5100/524/32 5170/524/32
f 5170/524/32 5073/501/32 5141/501/32
f 5143/501/32 5141/501/32 5073/501/32
f 5073/501/32 5071/501/32 5143/501/32
f 5098/484/32 5096/485/32 5085/485/32
f 5085/485/32 5083/484/32 5098/484/32
f 5121/523/32 5098/484/32 5083/484/32
f 5083/484/32 5179/523/32 5121/523/32
f 5116/493/13 5122/494/13 5180/530/13
f 5180/530/13 5177/529/13 5116/493/13
f 5158/521/33 5115/521/33 5176/532/33
f 5176/532/33 5089/531/33 5158/521/33
f 5162/533/33 5158/521/33 5089/531/33
f 5089/531/33 5087/531/33 5162/533/33
f 5182/471/13 5185/472/13 5188/473/13
f 5188/473/13 5191/474/13 5182/471/13
f 5195/475/9 5197/476/9 5199/477/9
f 5199/477/9 5201/478/9 5195/475/9
s 1
f 5202/479/33 5205/480/530 5207/480/530
f 5207/480/530 5209/479/33 5202/479/33
s 0
f 5211/476/1 5213/475/1 5215/481/1
f 5215/481/1 5217/482/1 5211/476/1
s 1
f 5218/483/32 5222/484/531 5224/485/531
f 5224/485/531 5225/483/32 5218/483/32
s 0
f 5227/486/13 5230/487/13 5232/488/13
f 5235/489/13 5238/490/13 5204/491/13
f 5204/491/13 5203/492/13 5235/489/13
f 5242/493/13 5245/494/13 5247/495/13
f 5250/496/13 5253/497/13 5247/495/13
f 5247/495/13 5245/494/13 5250/496/13
f 5256/498/13 5259/499/13 5188/473/13
f 5188/473/13 5185/472/13 5256/498/13
s 1
f 5263/500/528 5202/479/33 5209/479/33
f 5209/479/33 5265/500/528 5263/500/528
f 5268/501/529 5218/483/32 5225/483/32
f 5225/483/32 5270/501/529 5268/501/529
s 0
f 5262/502/13 5271/503/13 5235/489/13
f 5235/489/13 5203/492/13 5262/502/13
f 5250/496/13 5227/486/13 5232/488/13
f 5232/488/13 5253/497/13 5250/496/13
f 5240/504/1 5184/504/1 5193/505/1
f 5193/505/1 5277/505/1 5240/504/1
s 1
f 5237/506/533 5187/506/533 5183/504/533
f 5183/504/533 5239/504/568 5237/506/533
f 5272/507/532 5257/507/532 5186/506/532
f 5186/506/532 5236/506/532 5272/507/532
s 0
f 5281/508/9 5261/508/9 5258/507/9
f 5258/507/9 5273/507/9 5281/508/9
s 1
f 5282/509/379 5189/510/379 5260/511/379
f 5260/511/379 5280/512/379 5282/509/379
f 5275/513/536 5192/514/536 5190/510/536
f 5190/510/536 5283/509/536 5275/513/536
s 0
f 5285/515/13 5278/516/13 5271/503/13
f 5271/503/13 5262/502/13 5285/515/13
f 5264/500/1 5266/500/1 5289/517/1
f 5289/517/1 5287/517/1 5264/500/1
f 5206/480/9 5292/518/9 5295/518/9
f 5295/518/9 5208/480/9 5206/480/9
f 5291/519/13 5204/491/13 5238/490/13
f 5238/490/13 5274/474/13 5291/519/13
f 5195/475/9 5298/481/9 5301/482/9
f 5301/482/9 5197/476/9 5195/475/9
s 1
f 5276/513/570 5234/513/570 5231/485/570
f 5231/485/570 5293/520/570 5276/513/570
f 5283/509/536 5255/509/536 5233/513/536
f 5233/513/536 5275/513/536 5283/509/536
f 5280/512/379 5249/512/379 5254/509/379
f 5254/509/379 5282/509/379 5280/512/379
f 5286/521/534 5243/521/534 5248/512/534
f 5248/512/534 5279/512/534 5286/521/534
s 0
f 5211/476/1 5304/477/1 5307/478/1
f 5307/478/1 5213/475/1 5211/476/1
s 1
f 5220/483/531 5252/522/531 5246/523/531
f 5246/523/531 5222/484/531 5220/483/531
f 5268/501/529 5228/524/529 5251/522/529
f 5251/522/529 5219/483/529 5268/501/529
s 0
f 5290/520/33 5194/525/33 5200/526/33
f 5200/526/33 5294/527/33 5290/520/33
f 5229/485/33 5296/528/33 5194/525/33
f 5194/525/33 5290/520/33 5229/485/33
f 5227/486/13 5300/486/13 5297/487/13
f 5297/487/13 5230/487/13 5227/486/13
f 5267/501/32 5196/501/32 5299/524/32
f 5299/524/32 5226/524/32 5267/501/32
f 5269/501/32 5198/501/32 5196/501/32
f 5196/501/32 5267/501/32 5269/501/32
f 5221/484/32 5210/484/32 5216/485/32
f 5216/485/32 5223/485/32 5221/484/32
f 5244/523/32 5302/523/32 5210/484/32
f 5210/484/32 5221/484/32 5244/523/32
f 5242/493/13 5306/529/13 5303/530/13
f 5303/530/13 5245/494/13 5242/493/13
f 5284/521/33 5212/531/33 5305/532/33
f 5305/532/33 5241/521/33 5284/521/33
f 5288/533/33 5214/531/33 5212/531/33
f 5212/531/33 5284/521/33 5288/533/33
f 5308/471/13 5311/472/13 5314/473/13
f 5314/473/13 5317/474/13 5308/471/13
f 5321/475/9 5323/476/9 5325/477/9
f 5325/477/9 5327/478/9 5321/475/9
s 1
f 5328/479/33 5331/480/530 5333/480/530
f 5333/480/530 5335/479/33 5328/479/33
s 0
f 5337/476/1 5339/475/1 5341/481/1
f 5341/481/1 5343/482/1 5337/476/1
s 1
f 5344/483/32 5348/484/531 5350/485/531
f 5350/485/531 5351/483/32 5344/483/32
s 0
f 5353/486/13 5356/487/13 5358/488/13
f 5361/489/13 5364/490/13 5330/491/13
f 5330/491/13 5329/492/13 5361/489/13
f 5368/493/13 5371/494/13 5373/495/13
f 5376/496/13 5379/497/13 5373/495/13
f 5373/495/13 5371/494/13 5376/496/13
f 5382/498/13 5385/499/13 5314/473/13
f 5314/473/13 5311/472/13 5382/498/13
s 1
f 5389/500/528 5328/479/33 5335/479/33
f 5335/479/33 5391/500/528 5389/500/528
f 5394/501/529 5344/483/32 5351/483/32
f 5351/483/32 5396/501/529 5394/501/529
s 0
f 5388/502/13 5397/503/13 5361/489/13
f 5361/489/13 5329/492/13 5388/502/13
f 5376/496/13 5353/486/13 5358/488/13
f 5358/488/13 5379/497/13 5376/496/13
f 5366/504/1 5310/504/1 5319/505/1
f 5319/505/1 5403/505/1 5366/504/1
s 1
f 5363/506/533 5313/506/533 5309/504/533
f 5309/504/533 5365/504/533 5363/506/533
f 5398/507/532 5383/507/532 5312/506/532
f 5312/506/532 5362/506/532 5398/507/532
s 0
f 5407/508/9 5387/508/9 5384/507/9
f 5384/507/9 5399/507/9 5407/508/9
s 1
f 5408/509/379 5315/510/379 5386/511/379
f 5386/511/379 5406/512/379 5408/509/379
f 5401/513/536 5318/514/536 5316/510/536
f 5316/510/536 5409/509/536 5401/513/536
s 0
f 5411/515/13 5404/516/13 5397/503/13
f 5397/503/13 5388/502/13 5411/515/13
f 5390/500/1 5392/500/1 5415/517/1
f 5415/517/1 5413/517/1 5390/500/1
f 5332/480/9 5418/518/9 5421/518/9
f 5421/518/9 5334/480/9 5332/480/9
f 5417/519/13 5330/491/13 5364/490/13
f 5364/490/13 5400/474/13 5417/519/13
f 5321/475/9 5424/481/9 5427/482/9
f 5427/482/9 5323/476/9 5321/475/9
s 1
f 5402/513/570 5360/513/570 5357/485/570
f 5357/485/570 5419/520/570 5402/513/570
f 5409/509/536 5381/509/536 5359/513/536
f 5359/513/536 5401/513/536 5409/509/536
f 5406/512/379 5375/512/379 5380/509/379
f 5380/509/379 5408/509/379 5406/512/379
f 5412/521/534 5369/521/534 5374/512/534
f 5374/512/534 5405/512/534 5412/521/534
s 0
f 5337/476/1 5430/477/1 5433/478/1
f 5433/478/1 5339/475/1 5337/476/1
s 1
f 5346/483/531 5378/522/531 5372/523/531
f 5372/523/531 5348/484/531 5346/483/531
f 5394/501/529 5354/524/529 5377/522/541
f 5377/522/541 5345/483/541 5394/501/529
s 0
f 5416/520/33 5320/525/33 5326/526/33
f 5326/526/33 5420/527/33 5416/520/33
f 5355/485/33 5422/528/33 5320/525/33
f 5320/525/33 5416/520/33 5355/485/33
f 5353/486/13 5426/486/13 5423/487/13
f 5423/487/13 5356/487/13 5353/486/13
f 5393/501/32 5322/501/32 5425/524/32
f 5425/524/32 5352/524/32 5393/501/32
f 5395/501/32 5324/501/32 5322/501/32
f 5322/501/32 5393/501/32 5395/501/32
f 5347/484/32 5336/484/32 5342/485/32
f 5342/485/32 5349/485/32 5347/484/32
f 5370/523/32 5428/523/32 5336/484/32
f 5336/484/32 5347/484/32 5370/523/32
f 5368/493/13 5432/529/13 5429/530/13
f 5429/530/13 5371/494/13 5368/493/13
f 5410/521/33 5338/531/33 5431/532/33
f 5431/532/33 5367/521/33 5410/521/33
f 5414/533/33 5340/531/33 5338/531/33
f 5338/531/33 5410/521/33 5414/533/33
f 5436/471/9 5439/472/9 5442/473/9
f 5442/473/9 5445/474/9 5436/471/9
f 5447/475/5 5449/476/5 5451/477/5
f 5451/477/5 5453/478/5 5447/475/5
s 1
f 5454/479/33 5456/480/555 5459/480/555
f 5459/480/555 5461/479/33 5454/479/33
s 0
f 5463/476/13 5465/475/13 5467/481/13
f 5467/481/13 5469/482/13 5463/476/13
s 1
f 5470/483/32 5474/484/545 5476/485/545
f 5476/485/545 5477/483/32 5470/483/32
s 0
f 5480/486/9 5483/487/9 5486/488/9
f 5489/489/9 5492/490/9 5458/491/9
f 5458/491/9 5455/492/9 5489/489/9
f 5495/493/9 5498/494/9 5501/495/9
f 5504/496/9 5507/497/9 5501/495/9
f 5501/495/9 5498/494/9 5504/496/9
f 5510/498/9 5513/499/9 5442/473/9
f 5442/473/9 5439/472/9 5510/498/9
s 1
f 5514/500/542 5454/479/33 5461/479/33
f 5461/479/33 5517/500/542 5514/500/542
f 5520/501/543 5470/483/32 5477/483/32
f 5477/483/32 5522/501/543 5520/501/543
s 0
f 5516/502/9 5525/503/9 5489/489/9
f 5489/489/9 5455/492/9 5516/502/9
f 5504/496/9 5480/486/9 5486/488/9
f 5486/488/9 5507/497/9 5504/496/9
f 5491/504/13 5435/504/13 5444/505/13
f 5444/505/13 5528/505/13 5491/504/13
s 1
f 5487/506/547 5437/506/547 5434/504/547
f 5434/504/547 5490/504/547 5487/506/547
f 5523/507/546 5508/507/546 5438/506/546
f 5438/506/546 5488/506/546 5523/507/546
s 0
f 5532/508/5 5512/508/5 5509/507/5
f 5509/507/5 5524/507/5 5532/508/5
s 1
f 5535/509/561 5441/510/561 5511/511/561
f 5511/511/561 5531/512/561 5535/509/561
f 5526/513/563 5443/514/563 5440/510/563
f 5440/510/563 5534/509/563 5526/513/563
s 0
f 5539/515/9 5533/516/9 5525/503/9
f 5525/503/9 5516/502/9 5539/515/9
f 5515/500/13 5518/500/13 5541/517/13
f 5541/517/13 5537/517/13 5515/500/13
f 5457/480/5 5544/518/5 5547/518/5
f 5547/518/5 5460/480/5 5457/480/5
f 5545/519/9 5458/491/9 5492/490/9
f 5492/490/9 5529/474/9 5545/519/9
f 5447/475/5 5549/481/5 5552/482/5
f 5552/482/5 5449/476/5 5447/475/5
s 1
f 5527/513/564 5485/513/564 5482/485/564
f 5482/485/564 5543/520/564 5527/513/564
f 5534/509/563 5505/509/563 5484/513/563
f 5484/513/563 5526/513/563 5534/509/563
f 5531/512/561 5500/512/561 5506/509/561
f 5506/509/561 5535/509/561 5531/512/561
f 5538/521/565 5494/521/565 5499/512/565
f 5499/512/565 5530/512/565 5538/521/565
s 0
f 5463/476/13 5555/477/13 5558/478/13
f 5558/478/13 5465/475/13 5463/476/13
s 1
f 5471/483/545 5502/522/545 5497/523/545
f 5497/523/545 5474/484/545 5471/483/545
f 5520/501/543 5479/524/543 5503/522/543
f 5503/522/543 5472/483/543 5520/501/543
s 0
f 5542/520/33 5446/525/33 5452/526/33
f 5452/526/33 5546/527/33 5542/520/33
f 5481/485/33 5548/528/33 5446/525/33
f 5446/525/33 5542/520/33 5481/485/33
f 5480/486/9 5553/486/9 5550/487/9
f 5550/487/9 5483/487/9 5480/486/9
f 5519/501/32 5448/501/32 5551/524/32
f 5551/524/32 5478/524/32 5519/501/32
f 5521/501/32 5450/501/32 5448/501/32
f 5448/501/32 5519/501/32 5521/501/32
f 5473/484/32 5462/484/32 5468/485/32
f 5468/485/32 5475/485/32 5473/484/32
f 5496/523/32 5554/523/32 5462/484/32
f 5462/484/32 5473/484/32 5496/523/32
f 5495/493/9 5559/529/9 5556/530/9
f 5556/530/9 5498/494/9 5495/493/9
f 5536/521/33 5464/531/33 5557/532/33
f 5557/532/33 5493/521/33 5536/521/33
f 5540/533/33 5466/531/33 5464/531/33
f 5464/531/33 5536/521/33 5540/533/33
f 5562/471/9 5565/472/9 5568/473/9
f 5568/473/9 5571/474/9 5562/471/9
f 5573/475/5 5575/476/5 5577/477/5
f 5577/477/5 5579/478/5 5573/475/5
s 1
f 5580/479/33 5582/480/544 5585/480/544
f 5585/480/544 5587/479/33 5580/479/33
s 0
f 5589/476/13 5591/475/13 5593/481/13
f 5593/481/13 5595/482/13 5589/476/13
s 1
f 5596/483/32 5600/484/545 5602/485/545
f 5602/485/545 5603/483/32 5596/483/32
s 0
f 5606/486/9 5609/487/9 5612/488/9
f 5615/489/9 5618/490/9 5584/491/9
f 5584/491/9 5581/492/9 5615/489/9
f 5621/493/9 5624/494/9 5627/495/9
f 5630/496/9 5633/497/9 5627/495/9
f 5627/495/9 5624/494/9 5630/496/9
f 5636/498/9 5639/499/9 5568/473/9
f 5568/473/9 5565/472/9 5636/498/9
s 1
f 5640/500/556 5580/479/33 5587/479/33
f 5587/479/33 5643/500/556 5640/500/556
f 5646/501/543 5596/483/32 5603/483/32
f 5603/483/32 5648/501/543 5646/501/543
s 0
f 5642/502/9 5651/503/9 5615/489/9
f 5615/489/9 5581/492/9 5642/502/9
f 5630/496/9 5606/486/9 5612/488/9
f 5612/488/9 5633/497/9 5630/496/9
f 5617/504/13 5561/504/13 5570/505/13
f 5570/505/13 5654/505/13 5617/504/13
s 1
f 5613/506/547 5563/506/547 5560/504/547
f 5560/504/547 5616/504/547 5613/506/547
f 5649/507/546 5634/507/546 5564/506/546
f 5564/506/546 5614/506/546 5649/507/546
s 0
f 5658/508/5 5638/508/5 5635/507/5
f 5635/507/5 5650/507/5 5658/508/5
s 1
f 5661/509/561 5567/510/561 5637/511/561
f 5637/511/561 5657/512/561 5661/509/561
f 5652/513/563 5569/514/563 5566/510/563
f 5566/510/563 5660/509/563 5652/513/563
s 0
f 5665/515/9 5659/516/9 5651/503/9
f 5651/503/9 5642/502/9 5665/515/9
f 5641/500/13 5644/500/13 5667/517/13
f 5667/517/13 5663/517/13 5641/500/13
f 5583/480/5 5670/518/5 5673/518/5
f 5673/518/5 5586/480/5 5583/480/5
f 5671/519/9 5584/491/9 5618/490/9
f 5618/490/9 5655/474/9 5671/519/9
f 5573/475/5 5675/481/5 5678/482/5
f 5678/482/5 5575/476/5 5573/475/5
s 1
f 5653/513/564 5611/513/564 5608/485/564
f 5608/485/564 5669/520/564 5653/513/564
f 5660/509/563 5631/509/563 5610/513/563
f 5610/513/563 5652/513/563 5660/509/563
f 5657/512/561 5626/512/561 5632/509/561
f 5632/509/561 5661/509/561 5657/512/561
f 5664/521/565 5620/521/565 5625/512/565
f 5625/512/565 5656/512/565 5664/521/565
s 0
f 5589/476/13 5681/477/13 5684/478/13
f 5684/478/13 5591/475/13 5589/476/13
s 1
f 5597/483/545 5628/522/545 5623/523/545
f 5623/523/545 5600/484/545 5597/483/545
f 5646/501/543 5605/524/543 5629/522/543
f 5629/522/543 5598/483/543 5646/501/543
s 0
f 5668/520/33 5572/525/33 5578/526/33
f 5578/526/33 5672/527/33 5668/520/33
f 5607/485/33 5674/528/33 5572/525/33
f 5572/525/33 5668/520/33 5607/485/33
f 5606/486/9 5679/486/9 5676/487/9
f 5676/487/9 5609/487/9 5606/486/9
f 5645/501/32 5574/501/32 5677/524/32
f 5677/524/32 5604/524/32 5645/501/32
f 5647/501/32 5576/501/32 5574/501/32
f 5574/501/32 5645/501/32 5647/501/32
f 5599/484/32 5588/484/32 5594/485/32
f 5594/485/32 5601/485/32 5599/484/32
f 5622/523/32 5680/523/32 5588/484/32
f 5588/484/32 5599/484/32 5622/523/32
f 5621/493/9 5685/529/9 5682/530/9
f 5682/530/9 5624/494/9 5621/493/9
f 5662/521/33 5590/531/33 5683/532/33
f 5683/532/33 5619/521/33 5662/521/33
f 5666/533/33 5592/531/33 5590/531/33
f 5590/531/33 5662/521/33 5666/533/33
f 5688/471/9 5691/474/9 5694/473/9
f 5694/473/9 5697/472/9 5688/471/9
f 5699/475/13 5701/478/13 5703/477/13
f 5703/477/13 5705/476/13 5699/475/13
s 1
f 5706/479/33 5708/479/33 5710/480/556
f 5709/480/542 5714/480/571 5706/479/33
s 0
f 5716/476/5 5718/482/5 5720/481/5
f 5720/481/5 5722/475/5 5716/476/5
s 1
f 5723/483/32 5726/483/32 5728/485/543
f 5728/485/543 5730/484/543 5723/483/32
s 0
f 5733/486/9 5736/488/9 5739/487/9
f 5742/489/9 5707/492/9 5713/491/9
f 5713/491/9 5745/490/9 5742/489/9
f 5748/493/9 5751/495/9 5754/494/9
f 5757/496/9 5754/494/9 5751/495/9
f 5751/495/9 5760/497/9 5757/496/9
f 5763/498/9 5697/472/9 5694/473/9
f 5694/473/9 5766/499/9 5763/498/9
s 1
f 5767/500/544 5771/500/572 5708/479/33
f 5708/479/33 5706/479/33 5767/500/544
f 5773/501/545 5775/501/545 5726/483/32
f 5726/483/32 5723/483/32 5773/501/545
s 0
f 5769/502/9 5707/492/9 5742/489/9
f 5742/489/9 5778/503/9 5769/502/9
f 5757/496/9 5760/497/9 5736/488/9
f 5736/488/9 5733/486/9 5757/496/9
f 5744/504/5 5781/505/5 5690/505/5
f 5690/505/5 5687/504/5 5744/504/5
s 1
f 5741/506/546 5743/504/546 5686/504/546
f 5686/504/546 5696/506/546 5741/506/546
f 5776/507/547 5740/506/547 5695/506/547
f 5695/506/547 5761/507/547 5776/507/547
s 0
f 5785/508/13 5777/507/13 5762/507/13
f 5762/507/13 5765/508/13 5785/508/13
s 1
f 5787/509/549 5784/512/549 5764/511/549
f 5764/511/549 5692/510/549 5787/509/549
f 5779/513/550 5788/509/550 5693/510/550
f 5693/510/550 5689/514/550 5779/513/550
s 0
f 5792/515/9 5769/502/9 5778/503/9
f 5778/503/9 5786/516/9 5792/515/9
f 5768/500/5 5791/517/5 5794/517/5
f 5794/517/5 5770/500/5 5768/500/5
f 5712/480/13 5711/480/13 5796/518/13
f 5796/518/13 5798/518/13 5712/480/13
f 5800/519/9 5782/474/9 5745/490/9
f 5745/490/9 5713/491/9 5800/519/9
f 5699/475/13 5705/476/13 5802/482/13
f 5802/482/13 5805/481/13 5699/475/13
s 1
f 5780/513/551 5799/520/551 5738/485/551
f 5738/485/551 5735/513/551 5780/513/551
f 5788/509/550 5779/513/550 5734/513/550
f 5734/513/550 5759/509/550 5788/509/550
f 5784/512/549 5787/509/549 5758/509/549
f 5758/509/549 5750/512/549 5784/512/549
f 5790/521/553 5783/512/552 5749/512/552
f 5749/512/552 5747/521/553 5790/521/553
s 0
f 5716/476/5 5722/475/5 5808/478/5
f 5808/478/5 5811/477/5 5716/476/5
s 1
f 5725/483/543 5730/484/543 5753/523/543
f 5753/523/543 5756/522/543 5725/483/543
f 5773/501/545 5724/483/545 5755/522/545
f 5755/522/545 5732/524/545 5773/501/545
s 0
f 5797/520/33 5795/527/33 5700/526/33
f 5700/526/33 5698/525/33 5797/520/33
f 5737/485/33 5797/520/33 5698/525/33
f 5698/525/33 5804/528/33 5737/485/33
f 5733/486/9 5739/487/9 5806/487/9
f 5806/487/9 5803/486/9 5733/486/9
f 5772/501/32 5731/524/32 5801/524/32
f 5801/524/32 5704/501/32 5772/501/32
f 5774/501/32 5772/501/32 5704/501/32
f 5704/501/32 5702/501/32 5774/501/32
f 5729/484/32 5727/485/32 5717/485/32
f 5717/485/32 5715/484/32 5729/484/32
f 5752/523/32 5729/484/32 5715/484/32
f 5715/484/32 5810/523/32 5752/523/32
f 5748/493/9 5754/494/9 5812/530/9
f 5812/530/9 5809/529/9 5748/493/9
f 5789/521/33 5746/521/33 5807/532/33
f 5807/532/33 5721/531/33 5789/521/33
f 5793/533/33 5789/521/33 5721/531/33
f 5721/531/33 5719/531/33 5793/533/33
f 5813/471/13 5816/472/13 5819/473/13
f 5819/473/13 5822/474/13 5813/471/13
f 5826/475/9 5828/476/9 5830/477/9
f 5830/477/9 5832/478/9 5826/475/9
s 1
f 5833/479/33 5836/480/530 5838/480/530
f 5838/480/530 5840/479/33 5833/479/33
s 0
f 5842/476/1 5844/475/1 5846/481/1
f 5846/481/1 5848/482/1 5842/476/1
s 1
f 5849/483/32 5853/484/531 5855/485/531
f 5855/485/531 5856/483/32 5849/483/32
s 0
f 5858/486/13 5861/487/13 5863/488/13
f 5866/489/13 5869/490/13 5835/491/13
f 5835/491/13 5834/492/13 5866/489/13
f 5873/493/13 5876/494/13 5878/495/13
f 5881/496/13 5884/497/13 5878/495/13
f 5878/495/13 5876/494/13 5881/496/13
f 5887/498/13 5890/499/13 5819/473/13
f 5819/473/13 5816/472/13 5887/498/13
s 1
f 5894/500/528 5833/479/33 5840/479/33
f 5840/479/33 5896/500/528 5894/500/528
f 5899/501/529 5849/483/32 5856/483/32
f 5856/483/32 5901/501/529 5899/501/529
s 0
f 5893/502/13 5902/503/13 5866/489/13
f 5866/489/13 5834/492/13 5893/502/13
f 5881/496/13 5858/486/13 5863/488/13
f 5863/488/13 5884/497/13 5881/496/13
f 5871/504/1 5815/504/1 5824/505/1
f 5824/505/1 5908/505/1 5871/504/1
s 1
f 5868/506/533 5818/506/533 5814/504/533
f 5814/504/533 5870/504/533 5868/506/533
f 5903/507/532 5888/507/532 5817/506/532
f 5817/506/532 5867/506/532 5903/507/532
s 0
f 5912/508/9 5892/508/9 5889/507/9
f 5889/507/9 5904/507/9 5912/508/9
s 1
f 5913/509/379 5820/510/379 5891/511/379
f 5891/511/379 5911/512/379 5913/509/379
f 5906/513/536 5823/514/536 5821/510/536
f 5821/510/536 5914/509/536 5906/513/536
s 0
f 5916/515/13 5909/516/13 5902/503/13
f 5902/503/13 5893/502/13 5916/515/13
f 5895/500/1 5897/500/1 5920/517/1
f 5920/517/1 5918/517/1 5895/500/1
f 5837/480/9 5923/518/9 5926/518/9
f 5926/518/9 5839/480/9 5837/480/9
f 5922/519/13 5835/491/13 5869/490/13
f 5869/490/13 5905/474/13 5922/519/13
f 5826/475/9 5929/481/9 5932/482/9
f 5932/482/9 5828/476/9 5826/475/9
s 1
f 5907/513/570 5865/513/570 5862/485/570
f 5862/485/570 5924/520/570 5907/513/570
f 5914/509/536 5886/509/536 5864/513/536
f 5864/513/536 5906/513/536 5914/509/536
f 5911/512/379 5880/512/379 5885/509/379
f 5885/509/379 5913/509/379 5911/512/379
f 5917/521/534 5874/521/534 5879/512/534
f 5879/512/534 5910/512/534 5917/521/534
s 0
f 5842/476/1 5935/477/1 5938/478/1
f 5938/478/1 5844/475/1 5842/476/1
s 1
f 5851/483/540 5883/522/540 5877/523/531
f 5877/523/531 5853/484/531 5851/483/540
f 5899/501/529 5859/524/529 5882/522/529
f 5882/522/529 5850/483/529 5899/501/529
s 0
f 5921/520/33 5825/525/33 5831/526/33
f 5831/526/33 5925/527/33 5921/520/33
f 5860/485/33 5927/528/33 5825/525/33
f 5825/525/33 5921/520/33 5860/485/33
f 5858/486/13 5931/486/13 5928/487/13
f 5928/487/13 5861/487/13 5858/486/13
f 5898/501/32 5827/501/32 5930/524/32
f 5930/524/32 5857/524/32 5898/501/32
f 5900/501/32 5829/501/32 5827/501/32
f 5827/501/32 5898/501/32 5900/501/32
f 5852/484/32 5841/484/32 5847/485/32
f 5847/485/32 5854/485/32 5852/484/32
f 5875/523/32 5933/523/32 5841/484/32
f 5841/484/32 5852/484/32 5875/523/32
f 5873/493/13 5937/529/13 5934/530/13
f 5934/530/13 5876/494/13 5873/493/13
f 5915/521/33 5843/531/33 5936/532/33
f 5936/532/33 5872/521/33 5915/521/33
f 5919/533/33 5845/531/33 5843/531/33
f 5843/531/33 5915/521/33 5919/533/33
f 5939/534/5 5940/535/5 5941/536/5
f 5941/536/5 5942/537/5 5939/534/5
f 5943/538/5 5944/539/5 5945/540/5
f 5945/540/5 5946/541/5 5943/538/5
f 5947/542/5 5948/543/5 5940/535/5
f 5940/535/5 5939/534/5 5947/542/5
f 5944/539/5 5942/537/5 5941/536/5
f 5941/536/5 5945/540/5 5944/539/5
s 1
f 5949/544/573 5951/545/574 5953/546/575
f 5953/546/575 5954/547/575 5949/544/573
s 0
f 5950/548/5 5955/549/5 5957/550/5
f 5957/550/5 5952/551/5 5950/548/5
s 1
f 5956/552/576 5959/553/576 5960/554/577
f 5960/554/577 5958/555/578 5956/552/576
f 5954/547/575 5953/546/575 5962/556/579
f 5962/556/579 5963/557/580 5954/547/575
s 0
f 5952/551/5 5957/550/5 5964/558/5
f 5964/558/5 5961/559/5 5952/551/5
s 1
f 5958/555/578 5960/554/577 5966/560/581
f 5966/560/581 5965/561/582 5958/555/578
f 5963/557/580 5962/556/579 5967/562/33
f 5967/562/33 5969/563/33 5963/557/580
s 0
f 5961/559/5 5964/558/5 5971/564/5
f 5971/564/5 5968/565/5 5961/559/5
s 1
f 5965/561/582 5966/560/581 5972/566/32
f 5972/566/32 5970/567/32 5965/561/582
f 5969/563/33 5967/562/33 5974/556/583
f 5974/556/583 5975/557/584 5969/563/33
s 0
f 5968/565/5 5971/564/5 5976/568/5
f 5976/568/5 5973/569/5 5968/565/5
s 1
f 5970/567/32 5972/566/32 5978/560/585
f 5978/560/585 5977/561/586 5970/567/32
f 5975/557/584 5974/556/583 5980/546/587
f 5980/546/587 5981/547/587 5975/557/584
s 0
f 5973/569/5 5976/568/5 5982/570/5
f 5982/570/5 5979/571/5 5973/569/5
s 1
f 5977/561/586 5978/560/585 5984/554/588
f 5984/554/588 5983/555/589 5977/561/586
f 5981/547/587 5980/546/587 5986/545/590
f 5986/545/590 5987/544/591 5981/547/587
s 0
f 5979/571/5 5982/570/5 5988/572/5
f 5988/572/5 5985/573/5 5979/571/5
s 1
f 5983/555/589 5984/554/588 5990/553/592
f 5990/553/592 5989/552/592 5983/555/589
f 5991/574/593 5993/575/593 5995/576/593
f 5995/576/593 6000/577/593 5991/574/593
f 6004/578/594 5992/579/595 6002/580/595
f 6002/580/595 6006/581/595 6004/578/594
f 6010/579/596 6005/578/596 6008/581/596
f 6008/581/596 6012/580/596 6010/579/596
f 6011/578/597 6014/581/598 5997/580/599
f 5998/580/597 5994/579/597 6011/578/597
f 6017/582/600 6001/577/600 5996/576/600
f 5996/576/600 6019/583/601 6016/582/602
f 6007/581/603 6003/580/604 6018/584/604
f 6018/584/604 6021/585/605 6007/581/603
f 6023/584/606 6013/580/606 6009/581/606
f 6009/581/606 6022/585/606 6023/584/606
f 6020/584/607 5999/580/607 6015/581/607
f 6015/581/607 6024/585/607 6020/584/607
f 6025/586/608 6026/587/32 6027/588/32
f 6027/588/32 6029/589/608 6025/586/608
s 0
f 6030/590/1 6028/591/1 6032/592/1
f 6032/592/1 6034/593/1 6030/590/1
s 1
f 6033/589/609 6031/588/33 6035/587/33
f 6035/587/33 6036/586/609 6033/589/609
f 6027/588/32 6026/587/32 6037/594/610
f 6037/594/610 6038/595/610 6027/588/32
s 0
f 6032/592/1 6028/591/1 6039/596/1
f 6039/596/1 6041/597/1 6032/592/1
s 1
f 6035/587/33 6031/588/33 6040/595/611
f 6040/595/611 6042/594/611 6035/587/33
f 6043/586/612 6044/587/32 6045/588/32
f 6045/588/32 6048/589/612 6043/586/612
s 0
f 6047/590/5 6046/591/5 6050/592/5
f 6050/592/5 6051/593/5 6047/590/5
s 1
f 6052/589/613 6049/588/33 6053/587/33
f 6053/587/33 6054/586/614 6052/589/613
f 6045/588/32 6044/587/32 6055/594/615
f 6055/594/615 6058/595/615 6045/588/32
s 0
f 6050/592/5 6046/591/5 6057/596/5
f 6057/596/5 6060/597/5 6050/592/5
s 1
f 6053/587/33 6049/588/33 6061/595/616
f 6061/595/616 6063/594/616 6053/587/33
s 0
f 6062/598/1 6059/596/1 6056/599/1
f 6056/599/1 6064/600/1 6062/598/1
s 1
f 6065/574/617 6067/577/617 6071/576/617
f 6071/576/617 6075/575/617 6065/574/617
f 6077/578/618 6079/581/618 6069/580/619
f 6069/580/619 6066/579/618 6077/578/618
f 6084/579/620 6087/580/620 6083/581/620
f 6083/581/620 6078/578/620 6084/579/620
f 6085/578/621 6076/579/622 6073/580/623
f 6073/580/623 6088/581/623 6085/578/621
f 6090/582/312 6093/583/624 6072/576/625
f 6072/576/625 6068/577/624 6090/582/312
f 6081/581/626 6095/585/626 6092/584/626
f 6091/584/627 6070/580/627 6080/581/627
f 6097/584/628 6096/585/628 6082/581/628
f 6082/581/628 6086/580/628 6097/584/628
f 6094/584/629 6098/585/629 6089/581/630
f 6089/581/630 6074/580/629 6094/584/629
f 6099/586/612 6101/589/612 6102/588/32
f 6102/588/32 6104/587/32 6099/586/612
s 0
f 6100/590/13 6105/593/13 6108/592/13
f 6108/592/13 6103/591/13 6100/590/13
s 1
f 6106/589/613 6109/586/614 6110/587/33
f 6110/587/33 6107/588/33 6106/589/613
f 6102/588/32 6112/595/615 6114/594/615
f 6114/594/615 6104/587/32 6102/588/32
s 0
f 6108/592/13 6116/597/13 6111/596/13
f 6111/596/13 6103/591/13 6108/592/13
s 1
f 6110/587/33 6119/594/616 6117/595/616
f 6117/595/616 6107/588/33 6110/587/33
s 0
f 6115/599/1 6113/596/1 6118/598/1
f 6118/598/1 6120/600/1 6115/599/1
s 1
f 6121/586/631 6123/589/612 6124/588/32
f 6124/588/32 6126/587/32 6121/586/631
s 0
f 6122/590/13 6127/593/13 6130/592/13
f 6130/592/13 6125/591/13 6122/590/13
s 1
f 6128/589/632 6131/586/613 6132/587/33
f 6132/587/33 6129/588/33 6128/589/632
f 6124/588/32 6134/595/633 6135/594/633
f 6135/594/633 6126/587/32 6124/588/32
s 0
f 6130/592/13 6136/597/13 6133/596/13
f 6133/596/13 6125/591/13 6130/592/13
s 1
f 6132/587/33 6138/594/634 6137/595/635
f 6137/595/635 6129/588/33 6132/587/33
s 0
f 6139/601/9 6140/602/9 6142/603/9
f 6142/603/9 1971/604/9 6139/601/9
f 6143/605/5 6144/606/5 6145/607/5
f 6145/607/5 1967/608/5 6143/605/5
f 6147/601/1 6148/602/1 6150/609/1
f 6150/609/1 1974/610/1 6147/601/1
f 6151/611/13 6152/612/13 6153/613/13
f 6153/613/13 1976/614/13 6151/611/13
f 1968/610/9 6146/609/9 6140/602/9
f 6140/602/9 6139/601/9 1968/610/9
f 1977/604/1 6154/603/1 6148/602/1
f 6148/602/1 6147/601/1 1977/604/1
f 1973/615/5 6149/616/5 6144/606/5
f 6144/606/5 6143/605/5 1973/615/5
f 1970/617/13 6141/618/13 6152/612/13
f 6152/612/13 6151/611/13 1970/617/13
s 1
f 6156/619/636 6159/620/637 6162/621/637
f 6162/621/638 6164/622/639 6157/619/639
f 6159/620/637 6166/623/640 6168/624/640
f 6168/624/640 6162/621/637 6159/620/637
f 6169/625/641 6172/626/13 6158/627/13
f 6158/627/13 6155/628/641 6170/625/641
f 6158/627/13 6172/626/13 6174/629/13
f 6174/629/13 6165/630/13 6158/627/13
f 6171/619/574 6177/622/574 6179/621/642
f 6179/621/642 6173/620/642 6171/619/574
f 6173/620/642 6179/621/642 6181/624/643
f 6181/624/643 6175/623/643 6173/620/642
f 6176/631/644 6163/632/644 6160/633/645
f 6160/633/645 6178/634/646 6176/631/644
f 6161/633/646 6167/635/647 6180/636/647
f 6180/636/647 6178/634/646 6160/633/645
s 0
f 6182/637/9 6183/638/9 6185/639/9
f 6185/639/9 6187/640/9 6182/637/9
f 6188/640/5 6186/641/5 6184/642/5
f 6184/642/5 6190/643/5 6188/640/5
f 6189/637/1 6191/638/1 6192/639/1
f 6192/639/1 6193/640/1 6189/637/1
f 6196/644/1 6198/645/1 6200/646/1
f 6200/646/1 6203/647/1 6196/644/1
f 6205/647/9 6206/644/9 6209/645/9
f 6209/645/9 6213/646/9 6205/647/9
s 1
f 6197/648/648 6195/649/648 6216/650/648
f 6216/650/648 6218/651/648 6197/648/648
s 0
f 6214/652/5 6194/567/5 6201/653/5
f 6201/653/5 6219/654/5 6214/652/5
s 1
f 6202/648/649 6199/649/649 6223/650/649
f 6223/650/649 6221/651/649 6202/648/649
s 0
f 6224/637/9 6225/638/9 6227/639/9
f 6227/639/9 6229/640/9 6224/637/9
f 6228/640/5 6226/643/5 6230/642/5
f 6230/642/5 6232/641/5 6228/640/5
f 6233/637/1 6231/638/1 6234/639/1
f 6234/639/1 6235/640/1 6233/637/1
s 1
f 6238/655/650 6210/656/650 6207/657/650
f 6207/657/650 6240/658/650 6238/655/650
s 0
f 6236/659/5 6241/660/5 6211/661/5
f 6211/661/5 6208/662/5 6236/659/5
s 1
f 6245/655/651 6204/656/651 6212/657/651
f 6212/657/651 6243/658/651 6245/655/651
f 6247/663/541 6249/664/541 6217/651/541
f 6217/651/541 6215/650/541 6247/663/541
s 0
f 6219/654/5 6251/665/5 6246/666/5
f 6246/666/5 6214/652/5 6219/654/5
s 1
f 6255/663/652 6253/664/652 6220/651/652
f 6220/651/652 6222/650/652 6255/663/652
f 6237/655/540 6239/658/540 6250/664/540
f 6250/664/540 6248/663/540 6237/655/540
s 0
f 6241/660/5 6236/659/5 6246/666/5
f 6246/666/5 6251/665/5 6241/660/5
s 1
f 6244/655/653 6242/658/653 6252/664/653
f 6252/664/653 6254/663/653 6244/655/653
f 6256/667/654 6258/668/655 6261/669/655
f 6261/669/655 6263/670/654 6256/667/654
f 6264/671/656 6266/672/656 6259/668/656
f 6259/668/656 6257/667/656 6264/671/656
s 0
f 6269/673/9 6272/674/9 6274/675/9
f 6274/675/9 6275/676/9 6269/673/9
f 6269/673/9 6268/673/9 6278/673/9
f 6278/673/9 6272/674/9 6269/673/9
f 6269/673/9 6262/677/9 6260/677/9
f 6260/677/9 6268/673/9 6269/673/9
f 6279/678/9 6262/677/9 6269/673/9
f 6269/673/9 6275/676/9 6279/678/9
f 6273/679/33 6270/303/33 6280/680/33
f 6280/680/33 6282/681/33 6273/679/33
s 1
f 6271/682/657 6276/672/657 6283/671/658
f 6283/671/658 6281/683/658 6271/682/657
f 6277/672/659 6267/672/660 6265/671/660
f 6265/671/660 6284/671/659 6277/672/659
f 6285/684/655 6287/685/655 6256/667/654
f 6256/667/654 6263/670/654 6285/684/655
f 6288/685/656 6290/686/656 6264/671/656
f 6264/671/656 6257/667/656 6288/685/656
s 0
f 6294/678/1 6297/677/1 6298/673/1
f 6298/673/1 6299/676/1 6294/678/1
f 6298/673/1 6297/677/1 6302/677/1
f 6302/677/1 6292/673/1 6298/673/1
f 6298/673/1 6292/673/1 6289/673/1
f 6289/673/1 6286/674/1 6298/673/1
f 6298/673/1 6286/674/1 6303/675/1
f 6303/675/1 6299/676/1 6298/673/1
f 6280/680/33 6295/687/33 6293/688/33
f 6293/688/33 6282/681/33 6280/680/33
s 1
f 6283/671/658 6300/686/657 6296/678/657
f 6296/678/657 6281/683/658 6283/671/658
f 6265/671/660 6291/686/660 6301/686/659
f 6301/686/659 6284/671/659 6265/671/660
s 0
f 6304/689/5 6305/690/5 6306/691/5
f 6306/691/5 6307/692/5 6304/689/5
f 6308/693/5 6307/692/5 6306/691/5
f 6306/691/5 6309/694/5 6308/693/5
s 1
f 6311/619/636 6315/620/661 6318/621/638
f 6319/621/661 6321/622/639 6312/619/639
f 6314/620/637 6323/623/662 6325/624/662
f 6326/624/640 6318/621/638 6315/620/661
f 6327/625/641 6329/626/13 6313/627/13
f 6313/627/13 6310/628/641 6327/625/641
f 6313/627/13 6329/626/13 6331/629/13
f 6331/629/13 6322/630/13 6313/627/13
f 6328/619/574 6334/622/574 6336/621/642
f 6336/621/642 6330/620/642 6328/619/574
f 6330/620/642 6336/621/642 6338/624/643
f 6338/624/643 6332/623/643 6330/620/642
f 6333/631/644 6320/632/644 6316/633/645
f 6316/633/645 6335/634/646 6333/631/644
f 6317/633/646 6324/635/647 6337/636/647
f 6337/636/647 6335/634/646 6316/633/645
f 6340/619/639 6342/622/639 6345/621/663
f 6345/621/663 6347/620/664 6340/619/639
f 6347/620/664 6345/621/663 6349/624/665
f 6349/624/665 6351/623/666 6347/620/664
f 6352/625/645 6339/628/645 6346/627/5
f 6346/627/5 6355/626/5 6352/625/645
f 6346/627/5 6350/630/5 6357/629/5
f 6357/629/5 6355/626/5 6346/627/5
f 6353/619/667 6356/620/668 6360/621/668
f 6360/621/668 6362/622/574 6354/619/574
f 6356/620/668 6358/623/669 6364/624/669
f 6364/624/669 6360/621/668 6356/620/668
f 6361/631/670 6359/634/641 6343/633/671
f 6344/633/672 6341/632/670 6361/631/670
f 6343/633/671 6359/634/641 6363/636/673
f 6363/636/673 6348/635/673 6343/633/671
f 6366/619/639 6368/622/639 6370/621/674
f 6370/621/674 6372/620/674 6366/619/639
f 6372/620/674 6370/621/674 6374/624/665
f 6374/624/665 6376/623/665 6372/620/674
f 6377/625/645 6365/628/645 6371/627/5
f 6371/627/5 6380/626/5 6377/625/645
f 6371/627/5 6375/630/5 6382/629/5
f 6382/629/5 6380/626/5 6371/627/5
f 6379/619/675 6381/620/668 6385/621/668
f 6385/621/668 6387/622/574 6378/619/574
f 6381/620/668 6383/623/669 6389/624/669
f 6389/624/669 6385/621/668 6381/620/668
f 6386/631/670 6384/634/641 6369/633/641
f 6369/633/641 6367/632/670 6386/631/670
f 6369/633/641 6384/634/641 6388/636/673
f 6388/636/673 6373/635/673 6369/633/641
f 6390/586/608 6391/589/608 6393/588/32
f 6393/588/32 6395/587/32 6390/586/608
s 0
f 6392/590/9 6397/593/9 6399/592/9
f 6399/592/9 6394/591/9 6392/590/9
s 1
f 6396/589/609 6400/586/609 6401/587/33
f 6401/587/33 6398/588/33 6396/589/609
f 6393/588/32 6402/595/610 6404/594/610
f 6404/594/610 6395/587/32 6393/588/32
s 0
f 6399/592/9 6406/597/9 6403/596/9
f 6403/596/9 6394/591/9 6399/592/9
s 1
f 6401/587/33 6407/594/611 6405/595/611
f 6405/595/611 6398/588/33 6401/587/33
s 0
f 6408/451/33 6411/452/33 6414/453/33
f 6414/453/33 6417/454/33 6408/451/33
f 6420/455/5 6422/456/5 6412/457/5
f 6412/457/5 6409/458/5 6420/455/5
f 6423/459/1 6425/460/1 6416/461/1
f 6416/461/1 6413/462/1 6423/459/1
f 6424/456/13 6426/455/13 6418/458/13
f 6418/458/13 6415/457/13 6424/456/13
f 6427/460/9 6421/459/9 6410/462/9
f 6410/462/9 6419/461/9 6427/460/9
f 6428/451/33 6431/452/33 6434/453/33
f 6434/453/33 6437/454/33 6428/451/33
f 6441/455/9 6443/456/9 6433/457/9
f 6433/457/9 6430/458/9 6441/455/9
f 6442/459/5 6444/460/5 6435/461/5
f 6435/461/5 6432/462/5 6442/459/5
f 6445/456/1 6447/455/1 6439/458/1
f 6439/458/1 6436/457/1 6445/456/1
f 6446/460/13 6440/459/13 6429/462/13
f 6429/462/13 6438/461/13 6446/460/13
f 6448/451/33 6451/452/33 6454/453/33
f 6454/453/33 6457/454/33 6448/451/33
f 6461/455/9 6463/456/9 6453/457/9
f 6453/457/9 6450/458/9 6461/455/9
f 6462/459/5 6464/460/5 6455/461/5
f 6455/461/5 6452/462/5 6462/459/5
f 6465/456/1 6467/455/1 6459/458/1
f 6459/458/1 6456/457/1 6465/456/1
f 6466/460/13 6460/459/13 6449/462/13
f 6449/462/13 6458/461/13 6466/460/13
s 1
f 6468/3/16 6470/2/15 6472/1/1
f 6472/1/1 6473/4/1 6468/3/16
f 6474/6/14 6476/5/14 6470/2/15
f 6470/2/15 6468/3/16 6474/6/14
f 6477/8/13 6480/7/13 6476/5/14
f 6476/5/14 6474/6/14 6477/8/13
f 6482/11/676 6484/10/12 6481/9/13
f 6481/9/13 6478/12/13 6482/11/676
f 6485/14/677 6487/13/10 6484/10/12
f 6484/10/12 6482/11/676 6485/14/677
f 6488/16/9 6490/15/9 6487/13/10
f 6487/13/10 6485/14/677 6488/16/9
f 6491/18/38 6493/17/8 6490/15/9
f 6490/15/9 6488/16/9 6491/18/38
f 6494/20/7 6496/19/6 6493/17/8
f 6493/17/8 6491/18/38 6494/20/7
f 6497/22/5 6499/21/5 6496/19/6
f 6496/19/6 6494/20/7 6497/22/5
f 6500/24/4 6502/23/4 6499/21/5
f 6499/21/5 6497/22/5 6500/24/4
f 6503/26/3 6505/25/2 6502/23/4
f 6502/23/4 6500/24/4 6503/26/3
f 6473/4/1 6472/1/1 6505/25/2
f 6505/25/2 6503/26/3 6473/4/1
f 6508/27/29 6511/30/29 6513/29/29
f 6513/29/29 6516/28/29 6508/27/29
f 6520/31/28 6523/32/28 6510/30/28
f 6510/30/28 6507/27/28 6520/31/28
f 6526/33/27 6529/34/27 6522/32/27
f 6522/32/27 6519/31/27 6526/33/27
f 6531/35/26 6534/38/26 6528/37/26
f 6528/37/26 6525/36/26 6531/35/26
f 6537/39/25 6540/40/25 6535/38/25
f 6535/38/25 6532/35/25 6537/39/25
f 6543/41/24 6546/42/24 6541/40/24
f 6541/40/24 6538/39/24 6543/41/24
f 6550/43/22 6553/44/23 6547/42/22
f 6547/42/22 6544/41/22 6550/43/22
f 6556/45/21 6559/46/21 6552/44/21
f 6552/44/21 6549/43/21 6556/45/21
f 6561/47/20 6564/48/367 6558/46/20
f 6558/46/20 6555/45/20 6561/47/20
f 6567/49/19 6570/50/19 6565/48/19
f 6565/48/19 6562/47/19 6567/49/19
f 6573/51/18 6576/52/18 6571/50/18
f 6571/50/18 6568/49/18 6573/51/18
f 6517/28/17 6514/29/17 6577/52/358
f 6577/52/358 6574/51/358 6517/28/17
s 0
f 6469/53/32 6506/53/32 6515/54/32
f 6515/54/32 6471/54/32 6469/53/32
f 6471/54/32 6515/54/32 6572/55/32
f 6572/55/32 6504/55/32 6471/54/32
f 6504/55/32 6572/55/32 6566/56/32
f 6566/56/32 6501/56/32 6504/55/32
f 6501/56/32 6566/56/32 6560/57/32
f 6560/57/32 6498/57/32 6501/56/32
f 6498/57/32 6560/57/32 6554/59/32
f 6554/59/32 6495/58/32 6498/57/32
f 6495/58/32 6554/59/32 6548/61/32
f 6548/61/32 6492/60/32 6495/58/32
f 6492/60/32 6548/61/32 6542/62/32
f 6542/62/32 6489/62/32 6492/60/32
f 6489/62/32 6542/62/32 6536/64/32
f 6536/64/32 6486/63/32 6489/62/32
f 6486/63/32 6536/64/32 6530/66/32
f 6530/66/32 6483/65/32 6486/63/32
f 6483/65/32 6530/66/32 6524/67/32
f 6524/67/32 6479/67/32 6483/65/32
f 6479/67/32 6524/67/32 6518/68/32
f 6518/68/32 6475/68/32 6479/67/32
f 6475/68/32 6518/68/32 6506/53/32
f 6506/53/32 6469/53/32 6475/68/32
f 6578/54/33 6512/54/33 6509/53/33
f 6509/53/33 6580/53/33 6578/54/33
f 6580/53/33 6509/53/33 6521/68/33
f 6521/68/33 6582/68/33 6580/53/33
f 6582/68/33 6521/68/33 6527/67/33
f 6527/67/33 6585/67/33 6582/68/33
f 6585/67/33 6527/67/33 6533/66/33
f 6533/66/33 6588/65/33 6585/67/33
f 6588/65/33 6533/66/33 6539/64/33
f 6539/64/33 6590/63/33 6588/65/33
f 6590/63/33 6539/64/33 6545/62/33
f 6545/62/33 6593/62/33 6590/63/33
f 6593/62/33 6545/62/33 6551/61/33
f 6551/61/33 6595/60/33 6593/62/33
f 6595/60/33 6551/61/33 6557/59/33
f 6557/59/33 6597/58/33 6595/60/33
f 6597/58/33 6557/59/33 6563/57/33
f 6563/57/33 6599/57/33 6597/58/33
f 6599/57/33 6563/57/33 6569/56/33
f 6569/56/33 6601/56/33 6599/57/33
f 6601/56/33 6569/56/33 6575/55/33
f 6575/55/33 6603/55/33 6601/56/33
f 6603/55/33 6575/55/33 6512/54/33
f 6512/54/33 6578/54/33 6603/55/33
s 1
f 6607/71/16 6610/70/1 6579/69/1
f 6579/69/1 6581/72/16 6607/71/16
f 6614/73/28 6607/71/16 6581/72/16
f 6581/72/16 6584/74/28 6614/73/28
f 6618/75/678 6612/73/679 6583/74/679
f 6583/74/679 6587/76/679 6618/75/678
f 6620/77/125 6616/75/355 6586/76/355
f 6586/76/355 6589/78/12 6620/77/125
f 6624/79/10 6620/77/125 6589/78/12
f 6589/78/12 6591/80/680 6624/79/10
f 6628/83/9 6625/82/11 6592/81/11
f 6592/81/11 6594/84/9 6628/83/9
f 6631/85/38 6628/83/9 6594/84/9
f 6594/84/9 6596/86/38 6631/85/38
f 6633/87/7 6631/85/38 6596/86/38
f 6596/86/38 6598/88/7 6633/87/7
f 6635/89/5 6633/87/7 6598/88/7
f 6598/88/7 6600/90/5 6635/89/5
f 6639/91/4 6635/89/5 6600/90/5
f 6600/90/5 6602/92/681 6639/91/4
f 6643/93/3 6639/91/4 6602/92/681
f 6602/92/681 6604/94/682 6643/93/3
f 6610/70/1 6643/93/3 6604/94/682
f 6604/94/682 6579/69/1 6610/70/1
s 0
f 6644/95/32 6646/95/32 6649/96/32
f 6649/96/32 6652/96/32 6644/95/32
f 6654/97/32 6657/97/32 6646/95/32
f 6646/95/32 6644/95/32 6654/97/32
f 6660/67/32 6662/98/32 6657/97/32
f 6657/97/32 6654/97/32 6660/67/32
f 6665/99/32 6667/99/32 6662/98/32
f 6662/98/32 6660/67/32 6665/99/32
f 6670/100/32 6672/100/32 6667/99/32
f 6667/99/32 6665/99/32 6670/100/32
f 6675/101/32 6677/101/32 6672/100/32
f 6672/100/32 6670/100/32 6675/101/32
f 6680/61/32 6682/61/32 6677/101/32
f 6677/101/32 6675/101/32 6680/61/32
f 6685/59/32 6687/102/32 6682/61/32
f 6682/61/32 6680/61/32 6685/59/32
f 6690/103/32 6692/103/32 6687/102/32
f 6687/102/32 6685/59/32 6690/103/32
f 6695/104/32 6697/105/32 6692/103/32
f 6692/103/32 6690/103/32 6695/104/32
f 6700/106/32 6702/106/32 6697/105/32
f 6697/105/32 6695/104/32 6700/106/32
f 6652/96/32 6649/96/32 6702/106/32
f 6702/106/32 6700/106/32 6652/96/32
s 1
f 6648/107/61 6707/110/62 6709/109/61
f 6709/109/61 6650/108/61 6648/107/61
f 6659/111/60 6715/112/59 6705/110/59
f 6705/110/59 6647/107/59 6659/111/60
f 6664/113/58 6719/114/58 6713/112/58
f 6713/112/58 6658/111/58 6664/113/58
f 6668/115/56 6721/116/56 6717/114/56
f 6717/114/56 6663/113/56 6668/115/56
f 6673/117/54 6725/118/55 6723/116/54
f 6723/116/54 6669/115/55 6673/117/54
f 6678/119/52 6730/120/52 6728/118/52
f 6728/118/52 6674/117/53 6678/119/52
f 6684/121/683 6736/122/50 6731/120/50
f 6731/120/50 6679/119/50 6684/121/683
f 6689/123/49 6741/124/49 6734/122/49
f 6734/122/49 6683/121/48 6689/123/49
f 6693/125/47 6744/126/684 6739/124/47
f 6739/124/47 6688/123/47 6693/125/47
f 6698/127/685 6748/130/46 6746/129/46
f 6746/129/46 6694/128/46 6698/127/685
f 6703/131/45 6752/132/44 6750/130/44
f 6750/130/44 6699/127/44 6703/131/45
f 6651/108/42 6710/109/42 6754/132/686
f 6754/132/686 6704/131/43 6651/108/42
f 6708/110/95 6757/134/687 6759/133/95
f 6758/133/687 6712/109/688 6708/110/95
f 6716/112/92 6762/135/92 6756/134/92
f 6756/134/92 6706/110/689 6716/112/92
f 6720/114/89 6764/136/690 6761/135/691
f 6761/135/691 6714/112/692 6720/114/89
f 6722/116/86 6765/137/693 6763/136/694
f 6763/136/694 6718/114/694 6722/116/86
f 6727/118/695 6768/138/696 6767/137/697
f 6766/137/84 6724/116/698 6726/118/84
f 6732/120/81 6773/139/699 6769/138/81
f 6770/138/83 6729/118/83 6732/120/81
f 6737/122/700 6775/140/78 6772/139/78
f 6771/139/79 6733/120/701 6738/122/702
f 6742/124/703 6777/141/75 6774/140/75
f 6774/140/75 6735/122/704 6743/124/75
f 6745/126/73 6778/142/73 6776/141/72
f 6776/141/72 6740/124/705 6745/126/73
f 6749/130/68 6780/144/706 6779/143/70
f 6779/143/70 6747/129/68 6749/130/68
f 6753/132/66 6782/145/707 6781/144/708
f 6781/144/708 6751/130/66 6753/132/66
f 6711/109/65 6760/133/709 6783/145/65
f 6784/145/63 6755/132/710 6711/109/65
f 6606/148/118 6786/147/118 6789/146/711
f 6789/146/711 6608/149/118 6606/148/118
f 6613/151/114 6794/150/116 6785/147/115
f 6785/147/115 6605/148/114 6613/151/114
f 6617/154/113 6797/153/113 6791/152/712
f 6791/152/712 6611/155/113 6617/154/113
f 6619/156/112 6798/142/112 6795/153/112
f 6795/153/112 6615/154/112 6619/156/112
f 6622/158/108 6801/157/713 6800/142/714
f 6800/142/714 6621/156/715 6622/158/108
f 6626/160/107 6804/159/107 6802/157/107
f 6802/157/107 6623/158/107 6626/160/107
f 6630/162/105 6808/161/105 6805/159/105
f 6805/159/105 6627/160/105 6630/162/105
f 6634/164/104 6812/163/102 6807/161/716
f 6807/161/716 6629/162/103 6634/164/104
f 6636/166/101 6814/165/717 6810/163/101
f 6810/163/101 6632/164/101 6636/166/101
f 6638/168/100 6816/167/100 6815/165/100
f 6815/165/100 6637/166/100 6638/168/100
f 6641/170/99 6819/169/718 6818/167/98
f 6818/167/98 6640/168/718 6641/170/99
f 6609/149/719 6788/146/97 6820/169/97
f 6820/169/97 6642/170/96 6609/149/719
f 6787/173/16 6645/172/15 6653/171/720
f 6653/171/720 6790/174/720 6787/173/16
f 6792/176/14 6655/175/14 6645/172/15
f 6645/172/15 6787/173/16 6792/176/14
f 6796/179/126 6661/178/126 6656/177/14
f 6656/177/14 6793/180/14 6796/179/126
f 6799/181/125 6666/86/12 6661/178/126
f 6661/178/126 6796/179/126 6799/181/125
f 6803/183/11 6671/182/11 6666/86/12
f 6666/86/12 6799/181/125 6803/183/11
f 6806/185/721 6676/184/721 6671/182/11
f 6671/182/11 6803/183/11 6806/185/721
f 6809/187/38 6681/186/722 6676/184/721
f 6676/184/721 6806/185/721 6809/187/38
f 6811/189/36 6686/188/7 6681/186/722
f 6681/186/722 6809/187/38 6811/189/36
f 6813/191/723 6691/190/121 6686/188/7
f 6686/188/7 6811/189/36 6813/191/723
f 6817/192/4 6696/76/4 6691/190/121
f 6691/190/121 6813/191/723 6817/192/4
f 6821/194/2 6701/193/3 6696/76/4
f 6696/76/4 6817/192/4 6821/194/2
f 6790/174/720 6653/171/720 6701/193/3
f 6701/193/3 6821/194/2 6790/174/720
f 6824/195/724 6827/198/724 6831/197/724
f 6831/197/724 6835/196/724 6824/195/724
f 6837/199/725 6839/202/725 6841/201/725
f 6841/201/725 6843/200/725 6837/199/725
f 6845/203/726 6846/206/726 6848/205/726
f 6848/205/726 6853/204/726 6845/203/726
f 6857/202/727 6859/199/727 6861/200/727
f 6861/200/727 6863/201/727 6857/202/727
f 6864/207/143 6867/209/143 6869/208/143
f 6869/208/143 6870/207/143 6864/207/143
f 6875/209/728 6879/211/728 6884/210/728
f 6855/212/729 6851/214/730 6888/213/729
f 6888/213/729 6892/196/731 6855/212/729
f 6896/210/732 6899/211/732 6904/209/732
f 6908/215/733 6905/209/733 6900/211/733
f 6900/211/733 6912/216/734 6908/215/733
f 6916/217/735 6834/196/735 6830/197/736
f 6830/197/736 6919/218/736 6916/217/735
f 6921/219/737 6844/203/737 6852/204/738
f 6852/204/738 6923/220/737 6921/219/737
f 6927/209/132 6865/207/132 6871/207/132
f 6871/207/132 6929/208/132 6927/209/132
f 6854/212/739 6891/196/739 6933/213/739
f 6933/213/739 6925/214/739 6854/212/739
f 6909/215/740 6913/216/741 6880/211/741
f 6880/211/741 6876/209/740 6909/215/740
f 6936/221/727 6826/221/727 6823/222/727
f 6823/222/727 6886/222/727 6936/221/727
f 6885/222/742 6822/222/742 6832/203/743
f 6832/203/743 6889/203/744 6885/222/742
f 6890/203/745 6833/203/745 6914/206/746
f 6914/206/746 6930/206/745 6890/203/745
f 6931/206/725 6915/206/725 6918/223/725
f 6918/223/725 6940/223/725 6931/206/725
f 6939/224/257 6917/224/257 6829/226/257
f 6829/226/257 6943/225/257 6939/224/257
f 6942/225/258 6828/226/258 6825/224/258
f 6825/224/258 6934/224/258 6942/225/258
f 6924/214/732 6932/213/732 6941/228/732
f 6941/228/732 6947/227/732 6924/214/732
f 6946/229/727 6949/221/727 6920/219/727
f 6920/219/727 6922/220/727 6946/229/727
f 6847/206/725 6951/223/725 6954/230/725
f 6954/230/725 6849/205/725 6847/206/725
f 6955/227/747 6937/228/747 6887/213/747
f 6887/213/747 6850/214/747 6955/227/747
f 6841/201/725 6957/202/725 6960/199/725
f 6960/199/725 6843/200/725 6841/201/725
f 6953/231/259 6882/233/748 6878/232/259
f 6878/232/259 6935/224/259 6953/231/259
f 6934/224/258 6877/232/258 6910/234/258
f 6910/234/258 6942/225/258 6934/224/258
f 6943/225/257 6911/234/257 6898/232/257
f 6898/232/257 6939/224/257 6943/225/257
f 6938/224/260 6897/232/260 6894/233/260
f 6894/233/260 6945/231/260 6938/224/260
f 6861/200/727 6963/199/727 6966/202/727
f 6966/202/727 6863/201/727 6861/200/727
f 6869/208/143 6902/236/143 6906/235/143
f 6906/235/143 6870/207/143 6869/208/143
f 6871/207/132 6907/235/132 6873/236/132
f 6873/236/132 6929/208/132 6871/207/132
s 0
f 6950/236/33 6836/238/33 6842/237/33
f 6842/237/33 6952/231/33 6950/236/33
f 6952/231/33 6842/237/33 6959/239/33
f 6959/239/33 6881/233/33 6952/231/33
s 1
f 6883/210/749 6961/241/750 6958/240/750
f 6958/240/750 6874/209/749 6883/210/749
s 0
f 6872/236/32 6956/238/32 6840/242/32
f 6840/242/32 6928/208/32 6872/236/32
f 6928/208/32 6840/242/32 6838/240/32
f 6838/240/32 6926/209/32 6928/208/32
f 6866/209/32 6856/240/32 6862/242/32
f 6862/242/32 6868/208/32 6866/209/32
f 6868/208/32 6862/242/32 6965/238/32
f 6965/238/32 6901/236/32 6868/208/32
s 1
f 6903/209/751 6967/240/752 6964/241/753
f 6964/241/753 6895/210/751 6903/209/751
s 0
f 6893/233/33 6962/239/33 6860/237/33
f 6860/237/33 6944/231/33 6893/233/33
f 6944/231/33 6860/237/33 6858/238/33
f 6858/238/33 6948/236/33 6944/231/33
f 6968/195/13 6971/198/13 6974/197/13
f 6974/197/13 6978/196/13 6968/195/13
s 1
f 6983/199/754 6985/202/754 6987/201/755
f 6987/201/755 6989/200/756 6983/199/754
f 6991/203/757 6992/206/757 6996/205/758
f 6996/205/758 7001/204/757 6991/203/757
f 7003/202/759 7005/199/760 7007/200/761
f 7007/200/761 7009/201/762 7003/202/759
f 7010/207/763 7013/209/763 7015/208/763
f 7015/208/763 7016/207/763 7010/207/763
f 7021/209/308 7026/211/308 7029/210/308
f 7000/212/764 6994/214/765 7033/213/765
f 7033/213/765 7037/196/764 7000/212/764
f 7040/210/766 7044/211/766 7049/209/766
f 7052/215/767 7048/209/768 7043/211/769
f 7043/211/769 7056/216/767 7052/215/767
f 7059/217/300 6979/196/300 6976/197/300
f 6976/197/300 7062/218/300 7059/217/300
f 7065/219/770 6990/203/771 6999/204/772
f 6999/204/772 7069/220/770 7065/219/770
f 7072/209/773 7011/207/774 7017/207/774
f 7017/207/774 7074/208/774 7072/209/773
f 6998/212/775 7035/196/776 7075/213/775
f 7075/213/775 7067/214/776 6998/212/775
f 7053/215/777 7057/216/777 7025/211/777
f 7025/211/777 7019/209/777 7053/215/777
f 7081/221/760 6973/221/778 6970/222/778
f 6970/222/778 7032/222/760 7081/221/760
f 7031/222/779 6969/222/779 6980/203/780
f 6980/203/780 7036/203/780 7031/222/779
f 7038/203/781 6981/203/781 7060/206/781
f 7060/206/781 7077/206/782 7038/203/781
f 7078/206/755 7061/206/755 7064/223/755
f 7064/223/755 7085/223/755 7078/206/755
f 7084/224/783 7063/224/784 6977/226/784
f 6977/226/784 7087/225/784 7084/224/783
f 7086/225/785 6975/226/785 6972/224/785
f 6972/224/785 7079/224/785 7086/225/785
f 7068/214/786 7076/213/786 7083/228/786
f 7083/228/786 7089/227/786 7068/214/786
f 7090/229/760 7093/221/760 7066/219/760
f 7066/219/760 7070/220/760 7090/229/760
f 6993/206/755 7095/223/755 7099/230/755
f 7099/230/755 6997/205/755 6993/206/755
f 7098/227/308 7082/228/308 7034/213/308
f 7034/213/308 6995/214/308 7098/227/308
f 6987/201/755 7102/202/754 7105/199/754
f 7105/199/754 6989/200/756 6987/201/755
f 7097/231/787 7028/233/787 7024/232/787
f 7024/232/787 7080/224/787 7097/231/787
f 7079/224/785 7023/232/785 7055/234/785
f 7055/234/785 7086/225/785 7079/224/785
f 7087/225/784 7058/234/784 7045/232/788
f 7045/232/788 7084/224/783 7087/225/784
f 7084/224/783 7045/232/788 7042/233/789
f 7042/233/789 7091/231/790 7084/224/783
f 7007/200/761 7108/199/760 7111/202/760
f 7111/202/760 7009/201/762 7007/200/761
f 7015/208/763 7047/236/763 7051/235/763
f 7051/235/763 7016/207/763 7015/208/763
f 7017/207/774 7054/235/791 7020/236/774
f 7020/236/774 7074/208/774 7017/207/774
s 0
f 7094/236/33 6982/238/33 6988/237/33
f 6988/237/33 7096/231/33 7094/236/33
f 7096/231/33 6988/237/33 7103/239/33
f 7103/239/33 7027/233/33 7096/231/33
s 1
f 7030/210/792 7104/241/356 7101/240/356
f 7101/240/356 7022/209/356 7030/210/792
s 0
f 7018/236/32 7100/238/32 6986/242/32
f 6986/242/32 7073/208/32 7018/236/32
f 7073/208/32 6986/242/32 6984/240/32
f 6984/240/32 7071/209/32 7073/208/32
f 7012/209/32 7002/240/32 7008/242/32
f 7008/242/32 7014/208/32 7012/209/32
f 7014/208/32 7008/242/32 7109/238/32
f 7109/238/32 7046/236/32 7014/208/32
s 1
f 7050/209/793 7110/240/794 7107/241/794
f 7107/241/794 7041/210/794 7050/209/793
s 0
f 7039/233/33 7106/239/33 7006/237/33
f 7006/237/33 7088/231/33 7039/233/33
f 7088/231/33 7006/237/33 7004/238/33
f 7004/238/33 7092/236/33 7088/231/33
s 1
f 7113/243/795 7115/246/795 7118/245/795
f 7118/245/795 7121/244/795 7113/243/795
f 7112/247/796 7123/250/796 7124/249/796
f 7124/249/796 7114/248/796 7112/247/796
f 7116/246/797 7125/252/798 7126/251/799
f 7127/251/800 7119/245/800 7117/246/800
f 7120/248/801 7128/249/802 7129/250/801
f 7129/250/801 7122/247/801 7120/248/801
f 7132/195/803 7135/198/803 7138/197/803
f 7138/197/803 7142/196/803 7132/195/803
f 7145/199/804 7147/202/804 7149/201/755
f 7149/201/755 7151/200/805 7145/199/804
f 7153/203/806 7154/206/757 7158/205/757
f 7158/205/757 7163/204/806 7153/203/806
f 7165/202/760 7167/199/760 7169/200/778
f 7169/200/778 7171/201/778 7165/202/760
f 7172/207/763 7175/209/763 7177/208/763
f 7177/208/763 7178/207/763 7172/207/763
f 7183/209/308 7188/211/308 7191/210/308
f 7162/212/807 7156/214/765 7195/213/765
f 7195/213/765 7199/196/764 7162/212/807
f 7202/210/766 7206/211/808 7211/209/766
f 7214/215/767 7210/209/769 7205/211/768
f 7205/211/768 7218/216/767 7214/215/767
f 7221/217/300 7140/196/300 7137/197/300
f 7137/197/300 7224/218/300 7221/217/300
f 7227/219/809 7152/203/770 7161/204/770
f 7161/204/770 7232/220/809 7227/219/809
f 7235/209/810 7173/207/774 7179/207/774
f 7179/207/774 7237/208/774 7235/209/810
f 7160/212/775 7197/196/775 7238/213/811
f 7238/213/811 7230/214/775 7160/212/775
f 7215/215/777 7219/216/812 7187/211/777
f 7187/211/777 7181/209/777 7215/215/777
f 7244/221/759 7134/221/759 7131/222/760
f 7131/222/760 7194/222/760 7244/221/759
f 7193/222/780 7130/222/813 7141/203/780
f 7141/203/780 7198/203/780 7193/222/780
f 7200/203/781 7143/203/781 7222/206/781
f 7222/206/781 7240/206/781 7200/203/781
f 7241/206/755 7223/206/755 7226/223/755
f 7226/223/755 7248/223/755 7241/206/755
f 7247/224/783 7225/224/784 7139/226/784
f 7139/226/784 7250/225/784 7247/224/783
f 7249/225/785 7136/226/785 7133/224/785
f 7133/224/785 7242/224/785 7249/225/785
f 7231/214/766 7239/213/766 7246/228/808
f 7246/228/808 7252/227/808 7231/214/766
f 7253/229/778 7256/221/778 7229/219/778
f 7228/219/814 7233/220/778 7253/229/778
f 7155/206/755 7258/223/755 7262/230/815
f 7262/230/815 7159/205/754 7155/206/755
f 7261/227/308 7245/228/308 7196/213/308
f 7196/213/308 7157/214/308 7261/227/308
f 7149/201/755 7265/202/754 7268/199/754
f 7268/199/754 7151/200/805 7149/201/755
f 7260/231/787 7190/233/816 7186/232/787
f 7186/232/787 7243/224/787 7260/231/787
f 7242/224/785 7185/232/785 7217/234/785
f 7217/234/785 7249/225/785 7242/224/785
f 7250/225/784 7220/234/784 7207/232/817
f 7207/232/817 7247/224/783 7250/225/784
f 7247/224/783 7207/232/817 7204/233/789
f 7204/233/789 7254/231/789 7247/224/783
f 7169/200/778 7271/199/760 7274/202/760
f 7274/202/760 7171/201/778 7169/200/778
f 7177/208/763 7209/236/763 7213/235/763
f 7213/235/763 7178/207/763 7177/208/763
f 7179/207/774 7216/235/774 7182/236/774
f 7182/236/774 7237/208/774 7179/207/774
s 0
f 7257/236/33 7144/238/33 7150/237/33
f 7150/237/33 7259/231/33 7257/236/33
f 7259/231/33 7150/237/33 7266/239/33
f 7266/239/33 7189/233/33 7259/231/33
s 1
f 7192/210/356 7267/241/356 7264/240/356
f 7264/240/356 7184/209/356 7192/210/356
s 0
f 7180/236/32 7263/238/32 7148/242/32
f 7148/242/32 7236/208/32 7180/236/32
f 7236/208/32 7148/242/32 7146/240/32
f 7146/240/32 7234/209/32 7236/208/32
f 7174/209/32 7164/240/32 7170/242/32
f 7170/242/32 7176/208/32 7174/209/32
f 7176/208/32 7170/242/32 7272/238/32
f 7272/238/32 7208/236/32 7176/208/32
s 1
f 7212/209/794 7273/240/794 7270/241/794
f 7270/241/794 7203/210/794 7212/209/794
s 0
f 7201/233/33 7269/239/33 7168/237/33
f 7168/237/33 7251/231/33 7201/233/33
f 7251/231/33 7168/237/33 7166/238/33
f 7166/238/33 7255/236/33 7251/231/33
s 1
f 7278/243/818 7280/246/819 7283/245/819
f 7283/245/819 7286/244/819 7277/243/819
f 7275/247/820 7288/250/821 7289/249/822
f 7290/249/823 7279/248/823 7276/247/823
f 7281/246/824 7291/252/824 7292/251/825
f 7292/251/825 7284/245/826 7282/246/825
f 7285/248/827 7293/249/828 7294/250/827
f 7294/250/827 7287/247/827 7285/248/827
f 7295/195/829 7299/198/829 7304/197/829
f 7304/197/829 7307/196/829 7295/195/829
f 7310/199/727 7312/202/727 7314/201/727
f 7314/201/727 7316/200/727 7310/199/727
f 7317/203/830 7319/206/830 7321/205/830
f 7321/205/830 7325/204/830 7317/203/830
f 7330/202/725 7332/199/725 7334/200/725
f 7334/200/725 7336/201/725 7330/202/725
f 7338/207/132 7340/209/132 7342/208/132
f 7342/208/132 7344/207/132 7338/207/132
f 7348/209/831 7352/211/831 7357/210/831
f 7327/212/832 7324/214/833 7359/213/833
f 7359/213/833 7364/196/832 7327/212/832
f 7369/210/834 7372/211/834 7377/209/834
f 7381/215/835 7378/209/835 7373/211/836
f 7373/211/836 7385/216/836 7381/215/835
f 7389/217/837 7306/196/838 7303/197/838
f 7303/197/838 7392/218/837 7389/217/837
f 7394/219/839 7318/203/839 7328/204/839
f 7328/204/839 7398/220/839 7394/219/839
f 7400/209/143 7337/207/143 7343/207/143
f 7343/207/143 7402/208/143 7400/209/143
f 7326/212/840 7363/196/840 7406/213/840
f 7406/213/840 7396/214/840 7326/212/840
f 7382/215/841 7386/216/842 7353/211/842
f 7353/211/842 7349/209/843 7382/215/841
f 7410/221/725 7300/221/725 7297/222/725
f 7297/222/725 7360/222/725 7410/221/725
f 7361/222/844 7296/222/845 7308/203/745
f 7308/203/745 7365/203/746 7361/222/844
f 7362/203/846 7305/203/847 7387/206/743
f 7387/206/743 7403/206/743 7362/203/846
f 7404/206/727 7388/206/727 7391/223/727
f 7391/223/727 7413/223/727 7404/206/727
f 7412/224/153 7390/224/153 7301/226/153
f 7301/226/153 7415/225/153 7412/224/153
f 7416/225/154 7302/226/154 7298/224/154
f 7298/224/154 7407/224/154 7416/225/154
f 7395/214/848 7405/213/834 7414/228/834
f 7414/228/834 7419/227/834 7395/214/848
f 7420/229/725 7422/221/725 7393/219/725
f 7393/219/725 7397/220/725 7420/229/725
f 7320/206/727 7424/223/727 7427/230/727
f 7427/230/727 7322/205/727 7320/206/727
f 7428/227/831 7409/228/831 7358/213/831
f 7358/213/831 7323/214/831 7428/227/831
f 7314/201/727 7430/202/727 7433/199/727
f 7433/199/727 7316/200/727 7314/201/727
f 7426/231/156 7355/233/156 7351/232/156
f 7351/232/156 7408/224/156 7426/231/156
f 7407/224/154 7350/232/154 7384/234/154
f 7384/234/154 7416/225/154 7407/224/154
f 7415/225/153 7383/234/153 7371/232/153
f 7371/232/153 7412/224/153 7415/225/153
f 7411/224/158 7370/232/158 7367/233/158
f 7367/233/158 7418/231/158 7411/224/158
f 7334/200/725 7437/199/725 7440/202/725
f 7440/202/725 7336/201/725 7334/200/725
f 7342/208/132 7375/236/132 7380/235/132
f 7380/235/132 7344/207/132 7342/208/132
f 7343/207/143 7379/235/143 7346/236/143
f 7346/236/143 7402/208/143 7343/207/143
s 0
f 7423/236/33 7309/238/33 7315/237/33
f 7315/237/33 7425/231/33 7423/236/33
f 7425/231/33 7315/237/33 7432/239/33
f 7432/239/33 7354/233/33 7425/231/33
s 1
f 7356/210/849 7434/241/849 7431/240/850
f 7431/240/850 7347/209/849 7356/210/849
s 0
f 7345/236/32 7429/238/32 7313/242/32
f 7313/242/32 7401/208/32 7345/236/32
f 7401/208/32 7313/242/32 7311/240/32
f 7311/240/32 7399/209/32 7401/208/32
f 7339/209/32 7329/240/32 7335/242/32
f 7335/242/32 7341/208/32 7339/209/32
f 7341/208/32 7335/242/32 7438/238/32
f 7438/238/32 7374/236/32 7341/208/32
s 1
f 7376/209/851 7439/240/851 7436/241/852
f 7436/241/852 7368/210/851 7376/209/851
s 0
f 7366/233/33 7435/239/33 7333/237/33
f 7333/237/33 7417/231/33 7366/233/33
f 7417/231/33 7333/237/33 7331/238/33
f 7331/238/33 7421/236/33 7417/231/33
s 1
f 7441/243/275 7443/246/275 7446/245/275
f 7446/245/275 7449/244/275 7441/243/275
s 0
f 7442/247/1 7451/250/1 7453/249/1
f 7453/249/1 7445/248/1 7442/247/1
s 1
f 7444/246/276 7452/252/276 7454/251/276
f 7454/251/276 7447/245/276 7444/246/276
s 0
f 7448/248/9 7455/249/9 7456/250/9
f 7456/250/9 7450/247/9 7448/248/9
s 1
f 7458/243/853 7461/246/853 7464/245/283
f 7464/245/283 7467/244/283 7459/243/283
f 7457/247/290 7469/250/289 7470/249/289
f 7470/249/289 7460/248/290 7457/247/290
f 7462/246/854 7471/252/854 7472/251/854
f 7472/251/854 7465/245/854 7463/246/855
f 7466/248/286 7473/249/286 7474/250/286
f 7474/250/286 7468/247/286 7466/248/286
f 7475/243/263 7477/246/263 7480/245/263
f 7480/245/263 7483/244/263 7475/243/263
s 0
f 7476/247/9 7485/250/9 7487/249/9
f 7487/249/9 7479/248/9 7476/247/9
s 1
f 7478/246/264 7486/252/264 7488/251/264
f 7488/251/264 7481/245/264 7478/246/264
s 0
f 7482/248/1 7489/249/1 7490/250/1
f 7490/250/1 7484/247/1 7482/248/1
s 1
f 7491/243/856 7494/246/857 7497/245/857
f 7497/245/857 7500/244/857 7491/243/856
f 7493/247/858 7502/250/859 7505/249/858
f 7504/249/860 7496/248/827 7492/247/827
f 7495/246/861 7503/252/862 7506/251/861
f 7506/251/861 7498/245/863 7495/246/861
f 7499/248/823 7507/249/864 7508/250/823
f 7508/250/823 7501/247/822 7499/248/823
f 7509/243/267 7512/246/266 7517/245/267
f 7518/245/375 7521/244/375 7510/243/375
f 7511/247/273 7522/250/377 7524/249/365
f 7524/249/365 7515/248/273 7511/247/273
f 7514/246/865 7523/252/866 7526/251/866
f 7526/251/866 7519/245/866 7513/246/866
f 7516/248/268 7525/249/867 7527/250/269
f 7527/250/269 7520/247/268 7516/248/268
f 7528/195/829 7532/198/829 7537/197/829
f 7537/197/829 7540/196/829 7528/195/829
f 7543/199/727 7545/202/727 7547/201/727
f 7547/201/727 7549/200/727 7543/199/727
f 7550/203/868 7552/206/868 7554/205/868
f 7554/205/868 7558/204/868 7550/203/868
f 7563/202/725 7565/199/725 7567/200/725
f 7567/200/725 7569/201/725 7563/202/725
f 7571/207/132 7573/209/132 7575/208/132
f 7575/208/132 7577/207/132 7571/207/132
f 7581/209/831 7585/211/831 7590/210/831
f 7560/212/833 7557/214/833 7592/213/833
f 7592/213/833 7597/196/832 7560/212/833
f 7602/210/834 7605/211/834 7610/209/834
f 7614/215/835 7611/209/835 7606/211/835
f 7606/211/835 7618/216/836 7614/215/835
f 7622/217/837 7539/196/869 7536/197/869
f 7536/197/869 7625/218/837 7622/217/837
f 7627/219/839 7551/203/839 7561/204/839
f 7561/204/839 7631/220/839 7627/219/839
f 7633/209/143 7570/207/143 7576/207/143
f 7576/207/143 7635/208/143 7633/209/143
f 7559/212/840 7596/196/840 7639/213/840
f 7639/213/840 7629/214/840 7559/212/840
f 7615/215/842 7619/216/842 7586/211/842
f 7586/211/842 7582/209/843 7615/215/842
f 7643/221/725 7533/221/725 7530/222/725
f 7530/222/725 7593/222/725 7643/221/725
f 7594/222/844 7529/222/746 7541/203/745
f 7541/203/745 7598/203/746 7594/222/844
f 7595/203/743 7538/203/743 7620/206/743
f 7620/206/743 7636/206/744 7595/203/743
f 7637/206/727 7621/206/727 7624/223/727
f 7624/223/727 7646/223/727 7637/206/727
f 7645/224/153 7623/224/153 7534/226/153
f 7534/226/153 7648/225/153 7645/224/153
f 7649/225/154 7535/226/154 7531/224/154
f 7531/224/154 7640/224/154 7649/225/154
f 7628/214/834 7638/213/834 7647/228/834
f 7647/228/834 7652/227/834 7628/214/834
f 7653/229/725 7655/221/725 7626/219/725
f 7626/219/725 7630/220/725 7653/229/725
f 7553/206/727 7657/223/727 7660/230/727
f 7660/230/727 7555/205/727 7553/206/727
f 7661/227/831 7642/228/831 7591/213/831
f 7591/213/831 7556/214/831 7661/227/831
f 7547/201/727 7663/202/727 7666/199/727
f 7666/199/727 7549/200/727 7547/201/727
f 7659/231/156 7588/233/156 7584/232/156
f 7584/232/156 7641/224/156 7659/231/156
f 7640/224/154 7583/232/154 7617/234/154
f 7617/234/154 7649/225/154 7640/224/154
f 7648/225/153 7616/234/153 7604/232/153
f 7604/232/153 7645/224/153 7648/225/153
f 7644/224/158 7603/232/158 7600/233/158
f 7600/233/158 7651/231/158 7644/224/158
f 7567/200/725 7670/199/725 7673/202/725
f 7673/202/725 7569/201/725 7567/200/725
f 7575/208/132 7608/236/132 7613/235/132
f 7613/235/132 7577/207/132 7575/208/132
f 7576/207/143 7612/235/143 7579/236/143
f 7579/236/143 7635/208/143 7576/207/143
s 0
f 7656/236/33 7542/238/33 7548/237/33
f 7548/237/33 7658/231/33 7656/236/33
f 7658/231/33 7548/237/33 7665/239/33
f 7665/239/33 7587/233/33 7658/231/33
s 1
f 7589/210/849 7667/241/849 7664/240/849
f 7664/240/849 7580/209/849 7589/210/849
s 0
f 7578/236/32 7662/238/32 7546/242/32
f 7546/242/32 7634/208/32 7578/236/32
f 7634/208/32 7546/242/32 7544/240/32
f 7544/240/32 7632/209/32 7634/208/32
f 7572/209/32 7562/240/32 7568/242/32
f 7568/242/32 7574/208/32 7572/209/32
f 7574/208/32 7568/242/32 7671/238/32
f 7671/238/32 7607/236/32 7574/208/32
s 1
f 7609/209/851 7672/240/870 7669/241/851
f 7669/241/851 7601/210/851 7609/209/851
s 0
f 7599/233/33 7668/239/33 7566/237/33
f 7566/237/33 7650/231/33 7599/233/33
f 7650/231/33 7566/237/33 7564/238/33
f 7564/238/33 7654/236/33 7650/231/33
s 1
f 7674/195/871 7677/198/871 7680/197/5
f 7680/197/5 7684/196/5 7674/195/871
f 7689/199/872 7691/202/872 7693/201/872
f 7693/201/872 7695/200/872 7689/199/872
f 7696/203/771 7698/206/770 7702/205/771
f 7702/205/771 7705/204/770 7696/203/771
f 7709/202/873 7711/199/873 7713/200/874
f 7713/200/874 7715/201/804 7709/202/873
f 7717/207/875 7719/209/875 7721/208/875
f 7721/208/875 7723/207/875 7717/207/875
f 7727/209/179 7730/211/179 7734/210/179
f 7704/212/876 7700/214/876 7737/213/876
f 7737/213/876 7741/196/877 7704/212/876
f 7747/210/878 7751/211/878 7755/209/878
f 7760/215/879 7754/209/880 7750/211/881
f 7750/211/881 7764/216/879 7760/215/879
f 7767/217/172 7686/196/172 7683/197/172
f 7683/197/172 7770/218/172 7767/217/172
f 7771/219/882 7697/203/806 7707/204/758
f 7707/204/758 7775/220/806 7771/219/882
f 7778/209/883 7716/207/883 7722/207/883
f 7722/207/883 7780/208/883 7778/209/883
f 7706/212/884 7743/196/884 7783/213/884
f 7783/213/884 7773/214/884 7706/212/884
f 7757/215/601 7761/216/885 7729/211/601
f 7729/211/601 7725/209/601 7757/215/601
f 7788/221/804 7679/221/804 7676/222/804
f 7676/222/804 7740/222/804 7788/221/804
f 7739/222/781 7675/222/781 7687/203/781
f 7687/203/781 7744/203/781 7739/222/781
f 7742/203/780 7685/203/780 7765/206/780
f 7765/206/780 7781/206/780 7742/203/780
f 7782/206/872 7766/206/872 7769/223/872
f 7769/223/872 7790/223/872 7782/206/872
f 7789/224/886 7768/224/887 7681/226/887
f 7681/226/887 7792/225/887 7789/224/886
f 7793/225/789 7682/226/789 7678/224/789
f 7678/224/789 7786/224/789 7793/225/789
f 7774/214/878 7784/213/878 7791/228/878
f 7791/228/878 7796/227/878 7774/214/878
f 7797/229/804 7799/221/804 7772/219/804
f 7772/219/804 7776/220/804 7797/229/804
f 7699/206/872 7801/223/872 7804/230/872
f 7804/230/872 7703/205/872 7699/206/872
f 7803/227/179 7785/228/179 7738/213/179
f 7738/213/179 7701/214/179 7803/227/179
f 7693/201/872 7808/202/872 7811/199/872
f 7811/199/872 7695/200/872 7693/201/872
f 7805/231/888 7736/233/888 7732/232/888
f 7732/232/888 7787/224/888 7805/231/888
f 7786/224/789 7731/232/789 7763/234/789
f 7763/234/789 7793/225/789 7786/224/789
f 7792/225/887 7762/234/887 7749/232/889
f 7749/232/889 7789/224/886 7792/225/887
f 7789/224/886 7749/232/889 7746/233/785
f 7746/233/785 7795/231/785 7789/224/886
f 7713/200/874 7814/199/873 7817/202/804
f 7817/202/804 7715/201/804 7713/200/874
f 7721/208/875 7753/236/875 7759/235/875
f 7759/235/875 7723/207/875 7721/208/875
f 7722/207/883 7758/235/883 7726/236/883
f 7726/236/883 7780/208/883 7722/207/883
s 0
f 7800/236/33 7688/238/33 7694/237/33
f 7694/237/33 7802/231/33 7800/236/33
f 7802/231/33 7694/237/33 7809/239/33
f 7809/239/33 7733/233/33 7802/231/33
s 1
f 7735/210/890 7810/241/363 7807/240/363
f 7807/240/363 7728/209/363 7735/210/890
s 0
f 7724/236/32 7806/238/32 7692/242/32
f 7692/242/32 7779/208/32 7724/236/32
f 7779/208/32 7692/242/32 7690/240/32
f 7690/240/32 7777/209/32 7779/208/32
f 7718/209/32 7708/240/32 7714/242/32
f 7714/242/32 7720/208/32 7718/209/32
f 7720/208/32 7714/242/32 7815/238/32
f 7815/238/32 7752/236/32 7720/208/32
s 1
f 7756/209/891 7816/240/891 7813/241/891
f 7813/241/891 7748/210/891 7756/209/891
s 0
f 7745/233/33 7812/239/33 7712/237/33
f 7712/237/33 7794/231/33 7745/233/33
f 7794/231/33 7712/237/33 7710/238/33
f 7710/238/33 7798/236/33 7794/231/33
s 1
f 7819/243/892 7822/246/892 7825/245/348
f 7825/245/348 7828/244/348 7820/243/348
f 7818/247/286 7829/250/286 7830/249/286
f 7830/249/286 7821/248/286 7818/247/286
f 7823/246/352 7831/252/353 7833/251/352
f 7833/251/352 7826/245/352 7823/246/352
f 7824/248/289 7832/249/289 7834/250/289
f 7834/250/289 7827/247/289 7824/248/289
f 7835/195/5 7838/198/5 7841/197/5
f 7841/197/5 7845/196/5 7835/195/5
f 7850/199/872 7852/202/872 7854/201/872
f 7854/201/872 7856/200/893 7850/199/872
f 7857/203/770 7859/206/770 7863/205/771
f 7863/205/771 7866/204/770 7857/203/770
f 7870/202/873 7872/199/873 7874/200/874
f 7874/200/874 7876/201/804 7870/202/873
f 7878/207/875 7880/209/875 7882/208/875
f 7882/208/875 7884/207/875 7878/207/875
f 7888/209/179 7891/211/179 7895/210/179
f 7865/212/877 7861/214/876 7898/213/876
f 7898/213/876 7902/196/877 7865/212/877
f 7908/210/878 7912/211/878 7916/209/878
f 7921/215/879 7915/209/881 7911/211/881
f 7911/211/881 7925/216/879 7921/215/879
f 7928/217/172 7847/196/172 7844/197/172
f 7844/197/172 7931/218/172 7928/217/172
f 7932/219/806 7858/203/757 7868/204/882
f 7868/204/882 7936/220/806 7932/219/806
f 7939/209/894 7877/207/883 7883/207/883
f 7883/207/883 7941/208/883 7939/209/894
f 7867/212/884 7904/196/884 7944/213/884
f 7944/213/884 7934/214/895 7867/212/884
f 7918/215/601 7922/216/885 7890/211/601
f 7890/211/601 7886/209/601 7918/215/601
f 7949/221/804 7840/221/804 7837/222/896
f 7837/222/896 7901/222/804 7949/221/804
f 7900/222/781 7836/222/897 7848/203/781
f 7848/203/781 7905/203/781 7900/222/781
f 7903/203/898 7846/203/899 7926/206/780
f 7926/206/780 7942/206/780 7903/203/898
f 7943/206/872 7927/206/872 7930/223/872
f 7930/223/872 7951/223/872 7943/206/872
f 7950/224/886 7929/224/887 7842/226/887
f 7842/226/887 7953/225/887 7950/224/886
f 7954/225/789 7843/226/789 7839/224/789
f 7839/224/789 7947/224/789 7954/225/789
f 7935/214/878 7945/213/878 7952/228/878
f 7952/228/878 7957/227/878 7935/214/878
f 7958/229/804 7960/221/804 7933/219/804
f 7933/219/804 7937/220/804 7958/229/804
f 7860/206/872 7962/223/872 7965/230/872
f 7965/230/872 7864/205/872 7860/206/872
f 7964/227/179 7946/228/179 7899/213/179
f 7899/213/179 7862/214/179 7964/227/179
f 7854/201/872 7969/202/872 7972/199/872
f 7972/199/872 7856/200/893 7854/201/872
f 7966/231/900 7897/233/900 7893/232/900
f 7893/232/900 7948/224/900 7966/231/900
f 7947/224/789 7892/232/789 7924/234/789
f 7924/234/789 7954/225/789 7947/224/789
f 7953/225/887 7923/234/887 7910/232/901
f 7910/232/901 7950/224/886 7953/225/887
f 7950/224/886 7910/232/901 7907/233/785
f 7907/233/785 7956/231/902 7950/224/886
f 7874/200/874 7975/199/873 7978/202/873
f 7978/202/873 7876/201/804 7874/200/874
f 7882/208/875 7914/236/875 7920/235/875
f 7920/235/875 7884/207/875 7882/208/875
f 7883/207/883 7919/235/883 7887/236/883
f 7887/236/883 7941/208/883 7883/207/883
s 0
f 7961/236/33 7849/238/33 7855/237/33
f 7855/237/33 7963/231/33 7961/236/33
f 7963/231/33 7855/237/33 7970/239/33
f 7970/239/33 7894/233/33 7963/231/33
s 1
f 7896/210/363 7971/241/363 7968/240/363
f 7968/240/363 7889/209/363 7896/210/363
s 0
f 7885/236/32 7967/238/32 7853/242/32
f 7853/242/32 7940/208/32 7885/236/32
f 7940/208/32 7853/242/32 7851/240/32
f 7851/240/32 7938/209/32 7940/208/32
f 7879/209/32 7869/240/32 7875/242/32
f 7875/242/32 7881/208/32 7879/209/32
f 7881/208/32 7875/242/32 7976/238/32
f 7976/238/32 7913/236/32 7881/208/32
s 1
f 7917/209/891 7977/240/891 7974/241/891
f 7974/241/891 7909/210/891 7917/209/891
s 0
f 7906/233/33 7973/239/33 7873/237/33
f 7873/237/33 7955/231/33 7906/233/33
f 7955/231/33 7873/237/33 7871/238/33
f 7871/238/33 7959/236/33 7955/231/33
s 1
f 7981/243/903 7983/246/904 7988/245/904
f 7987/245/905 7991/244/905 7981/243/904
f 7979/247/802 7992/250/802 7993/249/802
f 7994/249/801 7982/248/801 7980/247/801
f 7985/246/906 7995/252/907 7997/251/908
f 7998/251/909 7989/245/910 7984/246/910
f 7986/248/796 7996/249/796 7999/250/796
f 7999/250/796 7990/247/911 7986/248/796
f 8002/195/724 8005/198/724 8009/197/724
f 8009/197/724 8013/196/724 8002/195/724
f 8015/199/725 8017/202/725 8019/201/725
f 8019/201/725 8021/200/725 8015/199/725
f 8023/203/912 8024/206/726 8026/205/726
f 8026/205/726 8031/204/726 8023/203/912
f 8035/202/727 8037/199/727 8039/200/727
f 8039/200/727 8041/201/727 8035/202/727
f 8042/207/143 8045/209/143 8047/208/143
f 8047/208/143 8048/207/143 8042/207/143
f 8053/209/728 8057/211/747 8062/210/728
f 8033/212/731 8029/214/913 8066/213/731
f 8066/213/731 8070/196/731 8033/212/731
f 8074/210/732 8077/211/732 8082/209/732
f 8086/215/733 8083/209/733 8078/211/734
f 8078/211/734 8090/216/734 8086/215/733
f 8094/217/735 8012/196/735 8008/197/736
f 8008/197/736 8097/218/736 8094/217/735
f 8099/219/737 8022/203/737 8030/204/737
f 8030/204/737 8101/220/737 8099/219/737
f 8105/209/132 8043/207/132 8049/207/132
f 8049/207/132 8107/208/132 8105/209/132
f 8032/212/739 8069/196/739 8111/213/739
f 8111/213/739 8103/214/739 8032/212/739
f 8087/215/914 8091/216/741 8058/211/741
f 8058/211/741 8054/209/740 8087/215/914
f 8114/221/915 8004/221/915 8001/222/727
f 8001/222/727 8064/222/727 8114/221/915
f 8063/222/742 8000/222/742 8010/203/742
f 8010/203/742 8067/203/744 8063/222/742
f 8068/203/745 8011/203/746 8093/206/844
f 8093/206/844 8108/206/746 8068/203/745
f 8109/206/725 8092/206/725 8096/223/725
f 8096/223/725 8118/223/725 8109/206/725
f 8117/224/257 8095/224/257 8007/226/257
f 8007/226/257 8121/225/257 8117/224/257
f 8120/225/258 8006/226/258 8003/224/258
f 8003/224/258 8112/224/258 8120/225/258
f 8102/214/916 8110/213/732 8119/228/732
f 8119/228/732 8125/227/732 8102/214/916
f 8124/229/727 8127/221/727 8098/219/727
f 8098/219/727 8100/220/727 8124/229/727
f 8025/206/725 8129/223/725 8132/230/725
f 8132/230/725 8027/205/725 8025/206/725
f 8133/227/747 8115/228/747 8065/213/747
f 8065/213/747 8028/214/747 8133/227/747
f 8019/201/725 8135/202/725 8138/199/725
f 8138/199/725 8021/200/725 8019/201/725
f 8131/231/259 8060/233/259 8056/232/259
f 8056/232/259 8113/224/917 8131/231/259
f 8112/224/258 8055/232/258 8088/234/258
f 8088/234/258 8120/225/258 8112/224/258
f 8121/225/257 8089/234/257 8076/232/257
f 8076/232/257 8117/224/257 8121/225/257
f 8116/224/260 8075/232/260 8072/233/260
f 8072/233/260 8123/231/260 8116/224/260
f 8039/200/727 8141/199/727 8144/202/727
f 8144/202/727 8041/201/727 8039/200/727
f 8047/208/143 8080/236/143 8084/235/143
f 8084/235/143 8048/207/143 8047/208/143
f 8049/207/132 8085/235/132 8051/236/132
f 8051/236/132 8107/208/132 8049/207/132
s 0
f 8128/236/33 8014/238/33 8020/237/33
f 8020/237/33 8130/231/33 8128/236/33
f 8130/231/33 8020/237/33 8137/239/33
f 8137/239/33 8059/233/33 8130/231/33
s 1
f 8061/210/750 8139/241/750 8136/240/750
f 8136/240/750 8052/209/750 8061/210/750
s 0
f 8050/236/32 8134/238/32 8018/242/32
f 8018/242/32 8106/208/32 8050/236/32
f 8106/208/32 8018/242/32 8016/240/32
f 8016/240/32 8104/209/32 8106/208/32
f 8044/209/32 8034/240/32 8040/242/32
f 8040/242/32 8046/208/32 8044/209/32
f 8046/208/32 8040/242/32 8143/238/32
f 8143/238/32 8079/236/32 8046/208/32
s 1
f 8081/209/752 8145/240/752 8142/241/752
f 8142/241/752 8073/210/752 8081/209/752
s 0
f 8071/233/33 8140/239/33 8038/237/33
f 8038/237/33 8122/231/33 8071/233/33
f 8122/231/33 8038/237/33 8036/238/33
f 8036/238/33 8126/236/33 8122/231/33
s 1
f 8148/243/324 8150/246/325 8155/245/324
f 8154/245/325 8158/244/324 8147/243/325
f 8146/247/269 8159/250/918 8160/249/268
f 8160/249/268 8149/248/268 8146/247/269
f 8152/246/919 8161/252/328 8163/251/329
f 8164/251/920 8156/245/328 8151/246/328
f 8153/248/273 8162/249/921 8165/250/273
f 8165/250/273 8157/247/365 8153/248/273
f 8167/253/29 8171/256/29 8174/255/29
f 8174/255/29 8176/254/29 8167/253/29
f 8179/257/28 8183/258/28 8170/256/28
f 8170/256/28 8166/253/28 8179/257/28
f 8185/259/356 8188/260/27 8182/258/356
f 8182/258/356 8178/257/356 8185/259/356
f 8190/261/355 8193/264/355 8187/263/355
f 8187/263/355 8184/262/355 8190/261/355
f 8196/265/25 8199/266/25 8194/264/25
f 8194/264/25 8191/261/25 8196/265/25
f 8202/267/24 8206/268/24 8200/266/24
f 8200/266/24 8197/265/24 8202/267/24
f 8209/269/361 8213/270/361 8207/268/22
f 8207/268/22 8203/267/22 8209/269/361
f 8215/271/21 8218/272/21 8212/270/21
f 8212/270/21 8208/269/21 8215/271/21
f 8220/273/35 8223/274/35 8217/272/35
f 8217/272/35 8214/271/35 8220/273/35
f 8226/275/200 8229/276/200 8225/274/19
f 8225/274/19 8221/273/200 8226/275/200
f 8232/277/18 8236/278/18 8230/276/18
f 8230/276/18 8227/275/18 8232/277/18
f 8177/254/17 8175/255/17 8237/278/358
f 8237/278/358 8233/277/922 8177/254/17
s 0
f 8168/279/33 8238/282/33 8242/281/33
f 8242/281/33 8172/280/33 8168/279/33
f 8246/283/33 8249/284/33 8252/282/33
f 8252/282/33 8255/279/33 8246/283/33
f 8186/285/33 8258/285/33 8262/284/33
f 8262/284/33 8180/283/33 8186/285/33
f 8266/286/33 8269/287/33 8272/285/33
f 8272/285/33 8275/285/33 8266/286/33
f 8198/288/33 8278/289/33 8282/287/33
f 8282/287/33 8192/286/33 8198/288/33
f 8286/290/33 8289/291/33 8292/289/33
f 8292/289/33 8295/288/33 8286/290/33
f 8210/292/33 8298/293/33 8302/291/33
f 8302/291/33 8204/290/33 8210/292/33
f 8306/294/33 8309/295/33 8312/293/33
f 8312/293/33 8315/292/33 8306/294/33
f 8222/296/33 8318/297/33 8322/295/33
f 8322/295/33 8216/294/33 8222/296/33
f 8326/298/33 8329/299/33 8332/297/33
f 8332/297/33 8335/296/33 8326/298/33
f 8234/300/33 8338/300/33 8342/299/33
f 8342/299/33 8228/298/33 8234/300/33
f 8346/280/33 8349/281/33 8352/300/33
f 8352/300/33 8355/300/33 8346/280/33
s 1
f 8240/301/22 8360/304/22 8363/303/22
f 8363/303/22 8245/302/22 8240/301/22
f 8264/305/21 8366/306/21 8359/304/21
f 8359/304/21 8239/301/21 8264/305/21
f 8259/307/20 8368/308/20 8365/306/20
f 8365/306/20 8263/305/20 8259/307/20
f 8284/309/19 8371/310/19 8369/308/19
f 8369/308/19 8260/307/19 8284/309/19
f 8280/311/18 8374/312/923 8372/310/18
f 8372/310/18 8285/309/18 8280/311/18
f 8304/313/17 8377/314/17 8375/312/17
f 8375/312/17 8281/311/17 8304/313/17
f 8301/315/30 8381/316/30 8378/314/924
f 8378/314/924 8305/313/924 8301/315/30
f 8324/317/28 8384/318/28 8380/316/28
f 8380/316/28 8300/315/28 8324/317/28
f 8321/319/679 8387/320/679 8383/318/679
f 8383/318/679 8323/317/679 8321/319/679
f 8343/321/26 8389/324/26 8386/323/925
f 8386/323/925 8319/322/26 8343/321/26
f 8340/325/25 8392/326/25 8390/324/25
f 8390/324/25 8344/321/25 8340/325/25
f 8244/302/24 8362/303/24 8393/326/354
f 8393/326/354 8341/325/354 8244/302/24
s 0
f 8358/327/33 8394/329/33 8361/328/33
f 8364/330/33 8394/329/33 8358/327/33
f 8367/331/33 8394/329/33 8364/330/33
f 8370/332/33 8394/329/33 8367/331/33
f 8373/333/33 8394/329/33 8370/332/33
f 8376/334/33 8394/329/33 8373/333/33
f 8379/335/33 8394/329/33 8376/334/33
f 8382/336/33 8394/329/33 8379/335/33
f 8385/337/33 8394/329/33 8382/336/33
f 8388/338/33 8394/329/33 8385/337/33
f 8391/339/33 8394/329/33 8388/338/33
f 8361/328/33 8394/329/33 8391/339/33
s 1
f 8183/258/28 8248/341/28 8257/340/28
f 8257/340/28 8170/256/28 8183/258/28
f 8169/279/273 8256/279/273 8254/282/273
f 8254/282/273 8241/282/365 8169/279/273
f 8239/301/21 8253/343/21 8250/342/21
f 8250/342/21 8264/305/21 8239/301/21
f 8265/284/364 8251/284/364 8247/283/364
f 8247/283/364 8181/283/364 8265/284/364
f 8193/264/355 8267/345/355 8276/344/321
f 8276/344/321 8187/263/355 8193/264/355
s 0
f 8189/285/1 8277/285/1 8274/285/1
f 8274/285/1 8261/285/1 8189/285/1
s 1
f 8260/307/19 8273/347/19 8271/346/19
f 8271/346/19 8284/309/19 8260/307/19
f 8283/287/362 8270/287/362 8268/286/362
f 8268/286/362 8195/286/362 8283/287/362
f 8206/268/24 8288/349/24 8296/348/24
f 8296/348/24 8200/266/24 8206/268/24
f 8201/288/286 8297/288/287 8293/289/286
f 8293/289/286 8279/289/286 8201/288/286
f 8281/311/17 8294/351/17 8291/350/17
f 8291/350/17 8304/313/17 8281/311/17
s 0
f 8303/291/5 8290/291/5 8287/290/5
f 8287/290/5 8205/290/5 8303/291/5
s 1
f 8218/272/21 8307/353/21 8317/352/21
f 8317/352/21 8212/270/21 8218/272/21
f 8211/292/269 8316/292/269 8313/293/269
f 8313/293/269 8299/293/268 8211/292/269
f 8300/315/28 8314/355/28 8310/354/28
f 8310/354/28 8324/317/28 8300/315/28
f 8325/295/368 8311/295/368 8308/294/368
f 8308/294/368 8219/294/368 8325/295/368
f 8229/276/200 8327/357/19 8337/356/19
f 8337/356/19 8225/274/19 8229/276/200
s 0
f 8224/296/9 8336/296/9 8334/297/9
f 8334/297/9 8320/297/9 8224/296/9
s 1
f 8319/322/26 8333/359/26 8330/358/26
f 8330/358/26 8343/321/26 8319/322/26
f 8345/299/366 8331/299/366 8328/298/366
f 8328/298/366 8231/298/366 8345/299/366
f 8175/255/17 8348/361/17 8357/360/359
f 8357/360/359 8237/278/358 8175/255/17
f 8235/300/290 8356/300/289 8353/300/290
f 8353/300/290 8339/300/290 8235/300/290
f 8341/325/354 8354/363/354 8351/362/24
f 8351/362/24 8244/302/24 8341/325/354
s 0
f 8243/281/13 8350/281/13 8347/280/13
f 8347/280/13 8173/280/13 8243/281/13
s 1
f 8396/1/9 8398/2/10 8399/3/11
f 8399/3/11 8400/4/9 8396/1/9
f 8398/2/10 8402/5/12 8403/6/12
f 8403/6/12 8399/3/11 8398/2/10
f 8402/5/12 8405/7/13 8407/8/13
f 8407/8/13 8403/6/12 8402/5/12
f 8406/9/13 8410/10/926 8411/11/14
f 8411/11/14 8408/12/13 8406/9/13
f 8410/10/926 8413/13/15 8414/14/15
f 8414/14/15 8411/11/14 8410/10/926
f 8413/13/15 8416/15/1 8417/16/1
f 8417/16/1 8414/14/15 8413/13/15
f 8416/15/1 8419/17/2 8420/18/927
f 8420/18/927 8417/16/1 8416/15/1
f 8419/17/2 8422/19/4 8423/20/4
f 8423/20/4 8420/18/927 8419/17/2
f 8422/19/4 8425/21/5 8426/22/5
f 8426/22/5 8423/20/4 8422/19/4
f 8425/21/5 8428/23/7 8429/24/7
f 8429/24/7 8426/22/5 8425/21/5
f 8428/23/7 8431/25/928 8432/26/38
f 8432/26/38 8429/24/7 8428/23/7
f 8431/25/928 8396/1/9 8400/4/9
f 8400/4/9 8432/26/38 8431/25/928
f 8435/27/24 8437/28/24 8440/29/24
f 8440/29/24 8444/30/24 8435/27/24
f 8447/31/25 8434/27/25 8443/30/25
f 8443/30/25 8450/32/25 8447/31/25
f 8452/33/26 8446/31/26 8449/32/26
f 8449/32/26 8455/34/26 8452/33/26
f 8458/35/27 8453/36/27 8456/37/27
f 8456/37/27 8461/38/27 8458/35/27
f 8464/39/28 8459/35/28 8462/38/28
f 8462/38/28 8467/40/28 8464/39/28
f 8470/41/29 8465/39/29 8468/40/929
f 8468/40/929 8473/42/29 8470/41/29
f 8477/43/17 8471/41/17 8474/42/17
f 8474/42/17 8480/44/17 8477/43/17
f 8483/45/18 8476/43/18 8479/44/18
f 8479/44/18 8486/46/18 8483/45/18
f 8489/47/19 8482/45/19 8485/46/19
f 8485/46/19 8492/48/19 8489/47/19
f 8494/49/20 8488/47/20 8491/48/20
f 8491/48/20 8497/50/20 8494/49/20
f 8500/51/21 8495/49/21 8498/50/21
f 8498/50/21 8503/52/21 8500/51/21
f 8438/28/22 8501/51/361 8504/52/22
f 8504/52/22 8441/29/22 8438/28/22
s 0
f 8397/53/32 8395/54/32 8436/54/32
f 8436/54/32 8433/53/32 8397/53/32
f 8395/54/32 8430/55/32 8499/55/32
f 8499/55/32 8436/54/32 8395/54/32
f 8430/55/32 8427/56/32 8493/56/32
f 8493/56/32 8499/55/32 8430/55/32
f 8427/56/32 8424/57/32 8487/57/32
f 8487/57/32 8493/56/32 8427/56/32
f 8424/57/32 8421/58/32 8481/59/32
f 8481/59/32 8487/57/32 8424/57/32
f 8421/58/32 8418/60/32 8475/61/32
f 8475/61/32 8481/59/32 8421/58/32
f 8418/60/32 8415/62/32 8469/62/32
f 8469/62/32 8475/61/32 8418/60/32
f 8415/62/32 8412/63/32 8463/64/32
f 8463/64/32 8469/62/32 8415/62/32
f 8412/63/32 8409/65/32 8457/66/32
f 8457/66/32 8463/64/32 8412/63/32
f 8409/65/32 8404/67/32 8451/67/32
f 8451/67/32 8457/66/32 8409/65/32
f 8404/67/32 8401/68/32 8445/68/32
f 8445/68/32 8451/67/32 8404/67/32
f 8401/68/32 8397/53/32 8433/53/32
f 8433/53/32 8445/68/32 8401/68/32
f 8505/54/33 8507/53/33 8442/53/33
f 8442/53/33 8439/54/33 8505/54/33
f 8507/53/33 8509/68/33 8448/68/33
f 8448/68/33 8442/53/33 8507/53/33
f 8509/68/33 8512/67/33 8454/67/33
f 8454/67/33 8448/68/33 8509/68/33
f 8512/67/33 8515/65/33 8460/66/33
f 8460/66/33 8454/67/33 8512/67/33
f 8515/65/33 8517/63/33 8466/64/33
f 8466/64/33 8460/66/33 8515/65/33
f 8517/63/33 8520/62/33 8472/62/33
f 8472/62/33 8466/64/33 8517/63/33
f 8520/62/33 8522/60/33 8478/61/33
f 8478/61/33 8472/62/33 8520/62/33
f 8522/60/33 8524/58/33 8484/59/33
f 8484/59/33 8478/61/33 8522/60/33
f 8524/58/33 8526/57/33 8490/57/33
f 8490/57/33 8484/59/33 8524/58/33
f 8526/57/33 8528/56/33 8496/56/33
f 8496/56/33 8490/57/33 8526/57/33
f 8528/56/33 8530/55/33 8502/55/33
f 8502/55/33 8496/56/33 8528/56/33
f 8530/55/33 8505/54/33 8439/54/33
f 8439/54/33 8502/55/33 8530/55/33
s 1
f 8506/69/9 8534/70/9 8537/71/11
f 8537/71/11 8508/72/39 8506/69/9
f 8508/72/39 8537/71/11 8541/73/25
f 8541/73/25 8511/74/25 8508/72/39
f 8510/74/355 8539/73/355 8543/75/355
f 8543/75/355 8513/76/355 8510/74/355
f 8514/76/679 8545/75/679 8547/77/930
f 8547/77/930 8516/78/14 8514/76/679
f 8516/78/14 8547/77/930 8551/79/15
f 8551/79/15 8518/80/931 8516/78/14
f 8519/81/16 8552/82/16 8555/83/1
f 8555/83/1 8521/84/1 8519/81/16
f 8521/84/1 8555/83/1 8558/85/3
f 8558/85/3 8523/86/932 8521/84/1
f 8523/86/932 8558/85/3 8560/87/4
f 8560/87/4 8525/88/681 8523/86/932
f 8525/88/681 8560/87/4 8562/89/5
f 8562/89/5 8527/90/5 8525/88/681
f 8527/90/5 8562/89/5 8566/91/7
f 8566/91/7 8529/92/7 8527/90/5
f 8529/92/7 8566/91/7 8570/93/38
f 8570/93/38 8531/94/8 8529/92/7
f 8531/94/8 8570/93/38 8534/70/9
f 8534/70/9 8506/69/9 8531/94/8
s 0
f 8571/95/32 8573/96/32 8575/96/32
f 8575/96/32 8578/95/32 8571/95/32
f 8581/97/32 8571/95/32 8578/95/32
f 8578/95/32 8584/97/32 8581/97/32
f 8587/67/32 8581/97/32 8584/97/32
f 8584/97/32 8589/98/32 8587/67/32
f 8592/99/32 8587/67/32 8589/98/32
f 8589/98/32 8594/99/32 8592/99/32
f 8597/100/32 8592/99/32 8594/99/32
f 8594/99/32 8599/100/32 8597/100/32
f 8602/101/32 8597/100/32 8599/100/32
f 8599/100/32 8604/101/32 8602/101/32
f 8607/61/32 8602/101/32 8604/101/32
f 8604/101/32 8609/61/32 8607/61/32
f 8612/59/32 8607/61/32 8609/61/32
f 8609/61/32 8614/102/32 8612/59/32
f 8617/103/32 8612/59/32 8614/102/32
f 8614/102/32 8619/103/32 8617/103/32
f 8622/104/32 8617/103/32 8619/103/32
f 8619/103/32 8624/105/32 8622/104/32
f 8627/106/32 8622/104/32 8624/105/32
f 8624/105/32 8629/106/32 8627/106/32
f 8573/96/32 8627/106/32 8629/106/32
f 8629/106/32 8575/96/32 8573/96/32
s 1
f 8580/107/52 8576/108/52 8632/109/52
f 8632/109/52 8638/110/53 8580/107/52
f 8586/111/54 8579/107/55 8636/110/55
f 8636/110/55 8642/112/54 8586/111/54
f 8590/113/56 8585/111/56 8640/112/56
f 8640/112/56 8644/114/56 8590/113/56
f 8595/115/58 8591/113/58 8646/114/58
f 8646/114/58 8648/116/58 8595/115/58
f 8600/117/60 8596/115/60 8650/116/60
f 8650/116/60 8652/118/59 8600/117/60
f 8605/119/61 8601/117/62 8654/118/61
f 8654/118/61 8657/120/61 8605/119/61
f 8611/121/42 8606/119/42 8656/120/43
f 8656/120/43 8662/122/43 8611/121/42
f 8616/123/44 8610/121/45 8660/122/44
f 8660/122/44 8666/124/44 8616/123/44
f 8621/125/46 8615/123/46 8664/124/46
f 8664/124/46 8670/126/933 8621/125/46
f 8625/127/47 8620/128/47 8668/129/47
f 8668/129/47 8672/130/47 8625/127/47
f 8630/131/49 8626/127/49 8674/130/48
f 8674/130/48 8676/132/49 8630/131/49
f 8577/108/50 8631/131/51 8678/132/50
f 8678/132/50 8633/109/50 8577/108/50
f 8639/110/83 8634/109/83 8681/133/934
f 8681/133/934 8683/134/81 8639/110/83
f 8643/112/84 8637/110/84 8682/134/935
f 8682/134/935 8685/135/84 8643/112/84
f 8645/114/86 8641/112/86 8684/135/936
f 8684/135/936 8686/136/86 8645/114/86
f 8649/116/937 8647/114/691 8687/136/938
f 8687/136/938 8688/137/89 8649/116/937
f 8653/118/939 8651/116/92 8689/137/92
f 8689/137/92 8690/138/940 8653/118/939
f 8659/120/941 8655/118/95 8691/138/687
f 8691/138/687 8692/139/687 8659/120/941
f 8663/122/710 8658/120/65 8693/139/942
f 8693/139/942 8695/140/63 8663/122/710
f 8667/124/66 8661/122/66 8694/140/943
f 8694/140/943 8697/141/66 8667/124/66
f 8671/126/68 8665/124/68 8696/141/944
f 8696/141/944 8699/142/945 8671/126/68
f 8673/130/946 8669/129/73 8698/143/73
f 8698/143/73 8700/144/73 8673/130/946
f 8677/132/947 8675/130/75 8701/144/75
f 8701/144/75 8702/145/75 8677/132/947
f 8635/109/701 8679/132/948 8703/145/78
f 8703/145/78 8680/133/78 8635/109/701
f 8705/146/949 8708/147/107 8536/148/107
f 8536/148/107 8532/149/107 8705/146/949
f 8707/147/111 8713/150/714 8540/151/108
f 8540/151/108 8535/148/715 8707/147/111
f 8710/152/112 8715/153/112 8542/154/112
f 8542/154/112 8538/155/112 8710/152/112
f 8716/153/113 8717/142/113 8546/156/113
f 8546/156/113 8544/154/113 8716/153/113
f 8719/142/950 8720/157/117 8549/158/114
f 8549/158/114 8548/156/951 8719/142/950
f 8721/157/118 8723/159/118 8554/160/119
f 8554/160/119 8550/158/118 8721/157/118
f 8724/159/97 8727/161/97 8557/162/97
f 8557/162/97 8553/160/719 8724/159/97
f 8726/161/98 8731/163/952 8561/164/99
f 8561/164/99 8556/162/953 8726/161/98
f 8729/163/100 8734/165/100 8564/166/100
f 8564/166/100 8559/164/100 8729/163/100
f 8733/165/101 8735/167/101 8565/168/101
f 8565/168/101 8563/166/101 8733/165/101
f 8737/167/716 8738/169/716 8568/170/954
f 8568/170/954 8567/168/104 8737/167/716
f 8739/169/105 8704/146/105 8533/149/106
f 8533/149/106 8569/170/105 8739/169/105
f 8574/171/721 8572/172/10 8709/173/11
f 8709/173/11 8706/174/721 8574/171/721
f 8572/172/10 8582/175/12 8711/176/12
f 8711/176/12 8709/173/11 8572/172/10
f 8583/177/12 8588/178/955 8714/179/955
f 8714/179/955 8712/180/12 8583/177/12
f 8588/178/955 8593/86/14 8718/181/930
f 8718/181/930 8714/179/955 8588/178/955
f 8593/86/14 8598/182/956 8722/183/16
f 8722/183/16 8718/181/930 8593/86/14
f 8598/182/956 8603/184/720 8725/185/957
f 8725/185/957 8722/183/16 8598/182/956
f 8603/184/720 8608/186/3 8728/187/3
f 8728/187/3 8725/185/957 8603/184/720
f 8608/186/3 8613/188/4 8730/189/958
f 8730/189/958 8728/187/3 8608/186/3
f 8613/188/4 8618/190/959 8732/191/959
f 8732/191/959 8730/189/958 8613/188/4
f 8618/190/959 8623/76/7 8736/192/7
f 8736/192/7 8732/191/959 8618/190/959
f 8623/76/7 8628/193/38 8740/194/8
f 8740/194/8 8736/192/7 8623/76/7
f 8628/193/38 8574/171/721 8706/174/721
f 8706/174/721 8740/194/8 8628/193/38
f 8741/195/240 8746/196/240 8751/197/240
f 8751/197/240 8753/198/240 8741/195/240
f 8756/199/131 8758/200/131 8760/201/131
f 8760/201/131 8762/202/131 8756/199/131
f 8763/203/960 8765/204/241 8769/205/291
f 8769/205/291 8773/206/291 8763/203/960
f 8776/202/128 8778/201/128 8780/200/128
f 8780/200/128 8782/199/128 8776/202/128
f 8783/207/143 8785/207/143 8788/208/143
f 8788/208/143 8790/209/143 8783/207/143
f 8794/209/961 8799/210/961 8802/211/961
f 8767/212/245 8806/196/244 8809/213/245
f 8809/213/245 8772/214/962 8767/212/245
f 8815/210/246 8819/209/246 8823/211/246
f 8827/215/247 8831/216/247 8824/211/247
f 8824/211/247 8820/209/247 8827/215/247
f 8835/217/963 8838/218/249 8750/197/249
f 8750/197/249 8745/196/963 8835/217/963
f 8840/219/251 8844/220/251 8768/204/964
f 8768/204/964 8764/203/251 8840/219/251
f 8846/209/132 8848/208/132 8786/207/132
f 8786/207/132 8784/207/132 8846/209/132
f 8766/212/252 8842/214/253 8852/213/253
f 8852/213/253 8805/196/253 8766/212/252
f 8828/215/255 8795/209/255 8803/211/256
f 8803/211/256 8832/216/256 8828/215/255
f 8856/221/128 8811/222/128 8743/222/128
f 8743/222/128 8754/221/128 8856/221/128
f 8810/222/151 8807/203/150 8747/203/150
f 8747/203/150 8742/222/151 8810/222/151
f 8804/203/149 8849/206/149 8833/206/148
f 8833/206/148 8744/203/965 8804/203/149
f 8850/206/131 8859/223/131 8837/223/131
f 8837/223/131 8834/206/131 8850/206/131
f 8858/224/257 8862/225/257 8749/226/257
f 8749/226/257 8836/224/257 8858/224/257
f 8861/225/258 8853/224/258 8752/224/258
f 8752/224/258 8748/226/258 8861/225/258
f 8841/214/246 8865/227/246 8860/228/246
f 8860/228/246 8851/213/246 8841/214/246
f 8866/229/128 8843/220/128 8839/219/128
f 8839/219/128 8868/221/128 8866/229/128
f 8774/206/131 8770/205/131 8871/230/131
f 8871/230/131 8874/223/131 8774/206/131
f 8872/227/243 8771/214/961 8808/213/243
f 8808/213/243 8855/228/243 8872/227/243
f 8760/201/131 8758/200/131 8876/199/131
f 8876/199/131 8879/202/131 8760/201/131
f 8870/231/259 8854/224/259 8801/232/259
f 8801/232/259 8797/233/259 8870/231/259
f 8853/224/258 8861/225/258 8829/234/258
f 8829/234/258 8800/232/258 8853/224/258
f 8862/225/257 8858/224/257 8822/232/257
f 8822/232/257 8830/234/257 8862/225/257
f 8857/224/260 8864/231/260 8813/233/260
f 8813/233/260 8821/232/260 8857/224/260
f 8780/200/128 8778/201/128 8883/202/128
f 8883/202/128 8886/199/128 8780/200/128
f 8788/208/143 8785/207/143 8825/235/143
f 8825/235/143 8817/236/143 8788/208/143
f 8786/207/132 8848/208/132 8792/236/132
f 8792/236/132 8826/235/132 8786/207/132
s 0
f 8873/236/33 8869/231/33 8757/237/33
f 8757/237/33 8755/238/33 8873/236/33
f 8869/231/33 8796/233/33 8875/239/33
f 8875/239/33 8757/237/33 8869/231/33
s 1
f 8798/210/966 8793/209/966 8880/240/966
f 8880/240/966 8877/241/966 8798/210/966
s 0
f 8791/236/32 8847/208/32 8759/242/32
f 8759/242/32 8878/238/32 8791/236/32
f 8847/208/32 8845/209/32 8761/240/32
f 8761/240/32 8759/242/32 8847/208/32
f 8789/209/32 8787/208/32 8777/242/32
f 8777/242/32 8775/240/32 8789/209/32
f 8787/208/32 8816/236/32 8881/238/32
f 8881/238/32 8777/242/32 8787/208/32
s 1
f 8818/209/294 8814/210/294 8885/241/294
f 8885/241/294 8882/240/262 8818/209/294
s 0
f 8812/233/33 8863/231/33 8779/237/33
f 8779/237/33 8884/239/33 8812/233/33
f 8863/231/33 8867/236/33 8781/238/33
f 8781/238/33 8779/237/33 8863/231/33
f 8887/195/13 8890/196/13 8894/197/13
f 8894/197/13 8898/198/13 8887/195/13
s 1
f 8902/199/967 8904/200/167 8906/201/968
f 8906/201/968 8908/202/967 8902/199/967
f 8909/203/225 8912/204/225 8918/205/297
f 8917/205/225 8920/206/225 8909/203/225
f 8923/202/219 8925/201/969 8927/200/970
f 8927/200/970 8929/199/164 8923/202/219
f 8931/207/299 8933/207/299 8935/208/299
f 8935/208/299 8937/209/299 8931/207/299
f 8941/209/300 8944/210/300 8948/211/300
f 8911/212/301 8951/196/301 8955/213/302
f 8955/213/302 8915/214/302 8911/212/301
f 8961/210/303 8966/209/303 8970/211/303
f 8974/215/305 8978/216/305 8969/211/306
f 8969/211/306 8965/209/307 8974/215/305
f 8981/217/308 8984/218/308 8897/197/308
f 8897/197/308 8892/196/308 8981/217/308
f 8985/219/220 8989/220/165 8914/204/220
f 8914/204/220 8910/203/166 8985/219/220
f 8992/209/310 8994/208/310 8932/207/310
f 8932/207/310 8930/207/310 8992/209/310
f 8913/212/311 8987/214/331 8997/213/311
f 8997/213/311 8953/196/311 8913/212/311
f 8971/215/312 8939/209/312 8947/211/312
f 8947/211/312 8975/216/971 8971/215/312
f 9002/221/164 8958/222/164 8889/222/228
f 8889/222/228 8900/221/228 9002/221/164
f 8957/222/189 8954/203/189 8893/203/189
f 8893/203/189 8888/222/189 8957/222/189
f 8952/203/188 8995/206/972 8979/206/188
f 8979/206/188 8891/203/188 8952/203/188
f 8996/206/170 9004/223/170 8983/223/170
f 8983/223/170 8980/206/170 8996/206/170
f 9003/224/315 9006/225/316 8895/226/316
f 8895/226/316 8982/224/316 9003/224/315
f 9007/225/198 9000/224/198 8899/224/198
f 8899/224/198 8896/226/198 9007/225/198
f 8988/214/973 9010/227/974 9005/228/974
f 9005/228/974 8998/213/973 8988/214/973
f 9011/229/164 8990/220/164 8986/219/164
f 8986/219/164 9013/221/164 9011/229/164
f 8921/206/170 8919/205/170 9016/230/170
f 9016/230/170 9019/223/170 8921/206/170
f 9015/227/300 8916/214/300 8956/213/300
f 8956/213/300 8999/228/300 9015/227/300
f 8906/201/968 8904/200/167 9022/199/967
f 9022/199/967 9025/202/967 8906/201/968
f 9017/231/975 9001/224/975 8950/232/975
f 8950/232/975 8946/233/975 9017/231/975
f 9000/224/198 9007/225/198 8977/234/198
f 8977/234/198 8949/232/198 9000/224/198
f 9006/225/316 9003/224/315 8968/232/335
f 8968/232/335 8976/234/316 9006/225/316
f 9003/224/315 9009/231/193 8960/233/193
f 8960/233/193 8968/232/335 9003/224/315
f 8927/200/970 8925/201/969 9028/202/164
f 9028/202/164 9031/199/164 8927/200/970
f 8935/208/299 8933/207/299 8973/235/299
f 8973/235/299 8964/236/299 8935/208/299
f 8932/207/310 8994/208/310 8940/236/310
f 8940/236/310 8972/235/976 8932/207/310
s 0
f 9018/236/33 9014/231/33 8903/237/33
f 8903/237/33 8901/238/33 9018/236/33
f 9014/231/33 8943/233/33 9020/239/33
f 9020/239/33 8903/237/33 9014/231/33
s 1
f 8945/210/321 8942/209/322 9024/240/321
f 9024/240/321 9021/241/321 8945/210/321
s 0
f 8938/236/32 8993/208/32 8905/242/32
f 8905/242/32 9023/238/32 8938/236/32
f 8993/208/32 8991/209/32 8907/240/32
f 8907/240/32 8905/242/32 8993/208/32
f 8936/209/32 8934/208/32 8924/242/32
f 8924/242/32 8922/240/32 8936/209/32
f 8934/208/32 8963/236/32 9026/238/32
f 9026/238/32 8924/242/32 8934/208/32
s 1
f 8967/209/323 8962/210/977 9030/241/323
f 9030/241/323 9027/240/323 8967/209/323
s 0
f 8959/233/33 9008/231/33 8926/237/33
f 8926/237/33 9029/239/33 8959/233/33
f 9008/231/33 9012/236/33 8928/238/33
f 8928/238/33 8926/237/33 9008/231/33
s 1
f 9034/243/338 9036/244/978 9038/245/338
f 9038/245/338 9041/246/338 9034/243/338
f 9032/247/979 9040/248/214 9044/249/214
f 9043/249/980 9046/250/981 9033/247/214
f 9042/246/982 9039/245/983 9048/251/341
f 9048/251/341 9045/252/342 9042/246/982
f 9037/248/207 9035/247/207 9049/250/984
f 9049/250/984 9047/249/343 9037/248/207
f 9050/195/295 9053/196/295 9057/197/295
f 9057/197/295 9061/198/295 9050/195/295
f 9065/199/967 9067/200/167 9069/201/968
f 9069/201/968 9071/202/967 9065/199/967
f 9072/203/180 9076/204/180 9081/205/180
f 9081/205/225 9083/206/225 9073/203/181
f 9086/202/219 9088/201/228 9090/200/163
f 9091/200/228 9093/199/164 9086/202/164
f 9095/207/299 9097/207/299 9099/208/299
f 9099/208/299 9101/209/299 9095/207/299
f 9105/209/300 9108/210/300 9112/211/300
f 9075/212/985 9115/196/301 9119/213/302
f 9119/213/302 9079/214/302 9075/212/985
f 9125/210/303 9130/209/303 9134/211/973
f 9138/215/304 9142/216/305 9133/211/306
f 9133/211/306 9129/209/307 9138/215/304
f 9145/217/308 9148/218/308 9060/197/308
f 9060/197/308 9055/196/308 9145/217/308
f 9149/219/986 9153/220/986 9078/204/165
f 9078/204/165 9074/203/165 9149/219/986
f 9157/209/310 9159/208/310 9096/207/310
f 9096/207/310 9094/207/310 9156/209/310
f 9077/212/311 9151/214/311 9162/213/311
f 9162/213/311 9117/196/311 9077/212/311
f 9135/215/312 9103/209/312 9111/211/312
f 9111/211/312 9139/216/313 9135/215/312
f 9167/221/219 9122/222/164 9052/222/164
f 9052/222/164 9063/221/219 9167/221/219
f 9121/222/189 9118/203/189 9056/203/189
f 9056/203/189 9051/222/189 9121/222/189
f 9116/203/188 9160/206/188 9143/206/188
f 9143/206/188 9054/203/188 9116/203/188
f 9161/206/170 9169/223/170 9147/223/170
f 9147/223/170 9144/206/170 9161/206/170
f 9168/224/315 9171/225/316 9058/226/316
f 9058/226/316 9146/224/333 9168/224/315
f 9172/225/198 9165/224/198 9062/224/198
f 9062/224/198 9059/226/198 9172/225/198
f 9152/214/303 9175/227/973 9170/228/303
f 9170/228/303 9163/213/303 9152/214/303
f 9176/229/218 9154/220/218 9150/219/228
f 9150/219/228 9178/221/228 9176/229/218
f 9084/206/170 9082/205/967 9181/230/187
f 9181/230/187 9184/223/170 9084/206/170
f 9180/227/300 9080/214/300 9120/213/300
f 9120/213/300 9164/228/300 9180/227/300
f 9069/201/968 9067/200/167 9187/199/967
f 9187/199/967 9190/202/967 9069/201/968
f 9182/231/975 9166/224/975 9114/232/975
f 9114/232/975 9110/233/975 9182/231/975
f 9165/224/198 9172/225/198 9141/234/198
f 9141/234/198 9113/232/198 9165/224/198
f 9171/225/316 9168/224/315 9132/232/319
f 9132/232/319 9140/234/333 9171/225/316
f 9168/224/315 9174/231/193 9124/233/193
f 9124/233/193 9132/232/319 9168/224/315
f 9090/200/163 9088/201/228 9193/202/164
f 9193/202/164 9196/199/164 9090/200/163
f 9099/208/299 9097/207/299 9137/235/299
f 9137/235/299 9128/236/299 9099/208/299
f 9096/207/310 9159/208/310 9104/236/310
f 9104/236/310 9136/235/310 9096/207/310
s 0
f 9183/236/33 9179/231/33 9066/237/33
f 9066/237/33 9064/238/33 9183/236/33
f 9179/231/33 9107/233/33 9185/239/33
f 9185/239/33 9066/237/33 9179/231/33
s 1
f 9109/210/321 9106/209/321 9189/240/321
f 9189/240/321 9186/241/321 9109/210/321
s 0
f 9102/236/32 9158/208/32 9068/242/32
f 9068/242/32 9188/238/32 9102/236/32
f 9158/208/32 9155/209/32 9070/240/32
f 9070/240/32 9068/242/32 9158/208/32
f 9100/209/32 9098/208/32 9087/242/32
f 9087/242/32 9085/240/32 9100/209/32
f 9098/208/32 9127/236/32 9191/238/32
f 9191/238/32 9087/242/32 9098/208/32
s 1
f 9131/209/323 9126/210/323 9195/241/323
f 9195/241/323 9192/240/323 9131/209/323
s 0
f 9123/233/33 9173/231/33 9089/237/33
f 9089/237/33 9194/239/33 9123/233/33
f 9173/231/33 9177/236/33 9092/238/33
f 9092/238/33 9089/237/33 9173/231/33
s 1
f 9197/243/277 9200/244/277 9202/245/277
f 9202/245/277 9205/246/277 9197/243/277
f 9199/247/987 9207/248/987 9210/249/987
f 9209/249/239 9211/250/988 9198/247/278
f 9206/246/989 9203/245/280 9212/251/990
f 9212/251/990 9208/252/281 9206/246/989
f 9204/248/232 9201/247/232 9214/250/232
f 9214/250/232 9213/249/232 9204/248/232
f 9217/195/127 9221/196/127 9225/197/127
f 9225/197/127 9228/198/127 9217/195/127
f 9230/199/128 9232/200/128 9234/201/128
f 9234/201/128 9236/202/128 9230/199/128
f 9238/203/130 9240/204/130 9243/205/130
f 9243/205/130 9247/206/130 9238/203/130
f 9250/202/131 9252/201/131 9254/200/131
f 9254/200/131 9256/199/131 9250/202/131
f 9258/207/132 9260/207/132 9262/208/132
f 9262/208/132 9264/209/132 9258/207/132
f 9268/209/155 9273/210/155 9276/211/155
f 9242/212/135 9281/196/135 9285/213/134
f 9285/213/134 9246/214/134 9242/212/135
f 9289/210/137 9293/209/137 9297/211/137
f 9301/215/138 9305/216/138 9298/211/345
f 9298/211/345 9294/209/138 9301/215/138
f 9309/217/140 9312/218/140 9224/197/991
f 9224/197/991 9220/196/991 9309/217/140
f 9314/219/141 9316/220/141 9239/204/141
f 9239/204/141 9237/203/141 9314/219/141
f 9320/209/143 9322/208/143 9259/207/143
f 9259/207/143 9257/207/143 9320/209/143
f 9241/212/144 9318/214/145 9326/213/145
f 9326/213/145 9280/196/145 9241/212/144
f 9302/215/346 9269/209/146 9277/211/147
f 9277/211/147 9306/216/147 9302/215/346
f 9329/221/131 9283/222/131 9216/222/131
f 9216/222/131 9227/221/131 9329/221/131
f 9282/222/149 9278/203/148 9218/203/149
f 9218/203/149 9215/222/148 9282/222/149
f 9279/203/151 9323/206/150 9307/206/150
f 9307/206/150 9219/203/151 9279/203/151
f 9324/206/128 9333/223/128 9311/223/128
f 9311/223/128 9308/206/128 9324/206/128
f 9332/224/153 9335/225/153 9222/226/153
f 9222/226/153 9310/224/153 9332/224/153
f 9336/225/154 9327/224/154 9226/224/154
f 9226/224/154 9223/226/154 9336/225/154
f 9317/214/137 9340/227/137 9334/228/137
f 9334/228/137 9325/213/137 9317/214/137
f 9339/229/131 9315/220/131 9313/219/131
f 9313/219/131 9342/221/131 9339/229/131
f 9248/206/128 9244/205/128 9345/230/128
f 9345/230/128 9348/223/128 9248/206/128
f 9346/227/155 9245/214/155 9284/213/155
f 9284/213/155 9330/228/155 9346/227/155
f 9234/201/128 9232/200/128 9350/199/128
f 9350/199/128 9353/202/128 9234/201/128
f 9344/231/156 9328/224/156 9275/232/156
f 9275/232/156 9271/233/156 9344/231/156
f 9327/224/154 9336/225/154 9304/234/154
f 9304/234/154 9274/232/154 9327/224/154
f 9335/225/153 9332/224/153 9296/232/153
f 9296/232/153 9303/234/153 9335/225/153
f 9331/224/158 9338/231/158 9287/233/158
f 9287/233/158 9295/232/158 9331/224/158
f 9254/200/131 9252/201/131 9356/202/131
f 9356/202/131 9359/199/131 9254/200/131
f 9262/208/132 9260/207/132 9300/235/132
f 9300/235/132 9291/236/132 9262/208/132
f 9259/207/143 9322/208/143 9266/236/143
f 9266/236/143 9299/235/143 9259/207/143
s 0
f 9347/236/33 9343/231/33 9231/237/33
f 9231/237/33 9229/238/33 9347/236/33
f 9343/231/33 9270/233/33 9349/239/33
f 9349/239/33 9231/237/33 9343/231/33
s 1
f 9272/210/160 9267/209/992 9354/240/160
f 9354/240/160 9351/241/160 9272/210/160
s 0
f 9265/236/32 9321/208/32 9233/242/32
f 9233/242/32 9352/238/32 9265/236/32
f 9321/208/32 9319/209/32 9235/240/32
f 9235/240/32 9233/242/32 9321/208/32
f 9263/209/32 9261/208/32 9251/242/32
f 9251/242/32 9249/240/32 9263/209/32
f 9261/208/32 9290/236/32 9355/238/32
f 9355/238/32 9251/242/32 9261/208/32
s 1
f 9292/209/162 9288/210/162 9360/241/162
f 9360/241/162 9357/240/162 9292/209/162
s 0
f 9286/233/33 9337/231/33 9253/237/33
f 9253/237/33 9358/239/33 9286/233/33
f 9337/231/33 9341/236/33 9255/238/33
f 9255/238/33 9253/237/33 9337/231/33
s 1
f 9361/243/275 9363/244/275 9365/245/275
f 9365/245/275 9368/246/275 9361/243/275
s 0
f 9362/247/9 9370/248/9 9372/249/9
f 9372/249/9 9373/250/9 9362/247/9
s 1
f 9369/246/276 9366/245/276 9374/251/276
f 9374/251/276 9371/252/276 9369/246/276
s 0
f 9367/248/1 9364/247/1 9376/250/1
f 9376/250/1 9375/249/1 9367/248/1
s 1
f 9378/243/325 9380/244/326 9382/245/993
f 9382/245/993 9385/246/326 9378/243/325
f 9377/247/365 9384/248/365 9388/249/365
f 9387/249/994 9390/250/273 9377/247/273
f 9386/246/995 9383/245/995 9392/251/996
f 9392/251/996 9389/252/995 9386/246/995
f 9381/248/268 9379/247/268 9393/250/997
f 9393/250/997 9391/249/268 9381/248/268
f 9394/243/263 9396/244/263 9398/245/263
f 9398/245/263 9401/246/263 9394/243/263
s 0
f 9395/247/1 9403/248/1 9405/249/1
f 9405/249/1 9406/250/1 9395/247/1
s 1
f 9402/246/264 9399/245/264 9407/251/264
f 9407/251/264 9404/252/264 9402/246/264
s 0
f 9400/248/9 9397/247/9 9409/250/9
f 9409/250/9 9408/249/9 9400/248/9
s 1
f 9412/243/230 9413/244/230 9415/245/230
f 9415/245/230 9419/246/230 9412/243/230
f 9410/247/232 9418/248/232 9421/249/234
f 9422/249/231 9424/250/998 9411/247/231
f 9420/246/236 9416/245/238 9425/251/999
f 9425/251/999 9423/252/238 9420/246/236
f 9417/248/987 9414/247/278 9427/250/987
f 9427/250/987 9426/249/987 9417/248/987
f 9429/243/348 9431/244/349 9433/245/348
f 9433/245/348 9436/246/1000 9429/243/348
f 9428/247/289 9435/248/289 9438/249/290
f 9438/249/290 9440/250/289 9428/247/289
f 9437/246/352 9434/245/352 9442/251/352
f 9442/251/352 9439/252/352 9437/246/352
f 9432/248/286 9430/247/286 9443/250/287
f 9443/250/287 9441/249/286 9432/248/286
f 9446/195/127 9450/196/127 9454/197/127
f 9454/197/127 9457/198/127 9446/195/127
f 9459/199/128 9461/200/128 9463/201/128
f 9463/201/128 9465/202/128 9459/199/128
f 9467/203/129 9469/204/130 9472/205/129
f 9472/205/129 9476/206/129 9467/203/129
f 9479/202/131 9481/201/131 9483/200/131
f 9483/200/131 9485/199/131 9479/202/131
f 9487/207/132 9489/207/132 9491/208/132
f 9491/208/132 9493/209/132 9487/207/132
f 9497/209/155 9502/210/155 9505/211/155
f 9471/212/134 9510/196/135 9514/213/134
f 9514/213/134 9475/214/134 9471/212/134
f 9518/210/137 9522/209/137 9526/211/137
f 9530/215/138 9534/216/138 9527/211/138
f 9527/211/138 9523/209/138 9530/215/138
f 9538/217/140 9541/218/140 9453/197/1001
f 9453/197/1001 9449/196/1001 9538/217/140
f 9543/219/141 9545/220/141 9468/204/141
f 9468/204/141 9466/203/142 9543/219/141
f 9549/209/143 9551/208/143 9488/207/143
f 9488/207/143 9486/207/143 9549/209/143
f 9470/212/144 9547/214/145 9555/213/145
f 9555/213/145 9509/196/145 9470/212/144
f 9531/215/147 9498/209/146 9506/211/147
f 9506/211/147 9535/216/147 9531/215/147
f 9558/221/131 9512/222/131 9444/222/131
f 9444/222/131 9456/221/131 9558/221/131
f 9511/222/148 9507/203/148 9447/203/149
f 9447/203/149 9445/222/149 9511/222/148
f 9508/203/150 9552/206/150 9536/206/1002
f 9536/206/1002 9448/203/152 9508/203/150
f 9553/206/128 9562/223/128 9540/223/128
f 9540/223/128 9537/206/128 9553/206/128
f 9561/224/153 9564/225/153 9451/226/153
f 9451/226/153 9539/224/153 9561/224/153
f 9565/225/154 9556/224/154 9455/224/154
f 9455/224/154 9452/226/154 9565/225/154
f 9546/214/137 9569/227/137 9563/228/137
f 9563/228/137 9554/213/137 9546/214/137
f 9568/229/131 9544/220/131 9542/219/131
f 9542/219/131 9571/221/131 9568/229/131
f 9477/206/128 9473/205/128 9574/230/128
f 9574/230/128 9577/223/128 9477/206/128
f 9575/227/155 9474/214/155 9513/213/155
f 9513/213/155 9559/228/155 9575/227/155
f 9463/201/128 9461/200/128 9579/199/128
f 9579/199/128 9582/202/128 9463/201/128
f 9573/231/156 9557/224/156 9504/232/156
f 9504/232/156 9500/233/156 9573/231/156
f 9556/224/154 9565/225/154 9533/234/154
f 9533/234/154 9503/232/154 9556/224/154
f 9564/225/153 9561/224/153 9525/232/153
f 9525/232/153 9532/234/153 9564/225/153
f 9560/224/158 9567/231/158 9516/233/158
f 9516/233/158 9524/232/158 9560/224/158
f 9483/200/131 9481/201/131 9585/202/131
f 9585/202/131 9588/199/131 9483/200/131
f 9491/208/132 9489/207/132 9529/235/132
f 9529/235/132 9520/236/132 9491/208/132
f 9488/207/143 9551/208/143 9495/236/143
f 9495/236/143 9528/235/143 9488/207/143
s 0
f 9576/236/33 9572/231/33 9460/237/33
f 9460/237/33 9458/238/33 9576/236/33
f 9572/231/33 9499/233/33 9578/239/33
f 9578/239/33 9460/237/33 9572/231/33
s 1
f 9501/210/160 9496/209/160 9583/240/160
f 9583/240/160 9580/241/160 9501/210/160
s 0
f 9494/236/32 9550/208/32 9462/242/32
f 9462/242/32 9581/238/32 9494/236/32
f 9550/208/32 9548/209/32 9464/240/32
f 9464/240/32 9462/242/32 9550/208/32
f 9492/209/32 9490/208/32 9480/242/32
f 9480/242/32 9478/240/32 9492/209/32
f 9490/208/32 9519/236/32 9584/238/32
f 9584/238/32 9480/242/32 9490/208/32
s 1
f 9521/209/162 9517/210/162 9589/241/162
f 9589/241/162 9586/240/161 9521/209/162
s 0
f 9515/233/33 9566/231/33 9482/237/33
f 9482/237/33 9587/239/33 9515/233/33
f 9566/231/33 9570/236/33 9484/238/33
f 9484/238/33 9482/237/33 9566/231/33
s 1
f 9592/195/217 9593/196/5 9597/197/5
f 9597/197/5 9603/198/217 9592/195/217
f 9605/199/218 9607/200/218 9609/201/218
f 9609/201/218 9611/202/218 9605/199/218
f 9613/203/165 9618/204/166 9621/205/165
f 9621/205/165 9623/206/165 9614/203/221
f 9626/202/1003 9628/201/296 9630/200/296
f 9630/200/296 9632/199/1003 9626/202/1003
f 9633/207/171 9635/207/171 9638/208/171
f 9638/208/171 9640/209/171 9633/207/171
f 9644/209/172 9648/210/172 9653/211/172
f 9617/212/173 9656/196/173 9660/213/174
f 9660/213/174 9619/214/174 9617/212/173
f 9663/210/195 9669/209/195 9672/211/195
f 9675/215/223 9679/216/176 9671/211/177
f 9671/211/177 9668/209/178 9675/215/223
f 9682/217/179 9685/218/179 9599/197/179
f 9599/197/179 9594/196/179 9682/217/179
f 9688/219/224 9692/220/180 9616/204/1004
f 9616/204/1004 9612/203/297 9688/219/224
f 9695/209/182 9697/208/182 9636/207/182
f 9636/207/182 9634/207/182 9695/209/182
f 9615/212/183 9690/214/183 9698/213/183
f 9698/213/183 9654/196/183 9615/212/183
f 9676/215/185 9642/209/185 9652/211/185
f 9652/211/185 9680/216/226 9676/215/185
f 9704/221/296 9659/222/296 9591/222/296
f 9591/222/296 9602/221/296 9704/221/296
f 9658/222/188 9655/203/188 9595/203/188
f 9595/203/188 9590/222/1005 9658/222/188
f 9657/203/314 9700/206/189 9683/206/189
f 9683/206/189 9596/203/189 9657/203/314
f 9701/206/218 9708/223/218 9687/223/218
f 9687/223/218 9684/206/218 9701/206/218
f 9707/224/191 9710/225/192 9600/226/192
f 9600/226/192 9686/224/192 9707/224/191
f 9709/225/193 9702/224/193 9601/224/193
f 9601/224/193 9598/226/193 9709/225/193
f 9691/214/175 9712/227/175 9706/228/175
f 9706/228/175 9699/213/175 9691/214/175
f 9713/229/296 9693/220/296 9689/219/296
f 9689/219/296 9716/221/296 9713/229/296
f 9624/206/218 9622/205/218 9720/230/218
f 9720/230/218 9722/223/218 9624/206/218
f 9719/227/172 9620/214/172 9661/213/172
f 9661/213/172 9705/228/172 9719/227/172
f 9609/201/218 9607/200/218 9725/199/218
f 9725/199/218 9728/202/1006 9609/201/218
f 9718/231/1007 9703/224/1007 9651/232/1007
f 9651/232/1007 9647/233/1007 9718/231/1007
f 9702/224/193 9709/225/193 9678/234/193
f 9678/234/193 9650/232/193 9702/224/193
f 9710/225/192 9707/224/191 9673/232/229
f 9673/232/229 9681/234/1008 9710/225/192
f 9707/224/191 9714/231/198 9665/233/198
f 9665/233/198 9673/232/229 9707/224/191
f 9630/200/296 9628/201/296 9731/202/296
f 9731/202/296 9734/199/1003 9630/200/296
f 9638/208/171 9635/207/171 9674/235/171
f 9674/235/171 9667/236/171 9638/208/171
f 9636/207/182 9697/208/182 9643/236/1009
f 9643/236/1009 9677/235/182 9636/207/182
s 0
f 9721/236/33 9717/231/33 9606/237/33
f 9606/237/33 9604/238/33 9721/236/33
f 9717/231/33 9646/233/33 9723/239/33
f 9723/239/33 9606/237/33 9717/231/33
s 1
f 9649/210/200 9645/209/201 9727/240/200
f 9727/240/200 9724/241/200 9649/210/200
s 0
f 9641/236/32 9696/208/32 9608/242/32
f 9608/242/32 9726/238/32 9641/236/32
f 9696/208/32 9694/209/32 9610/240/32
f 9610/240/32 9608/242/32 9696/208/32
f 9639/209/32 9637/208/32 9627/242/32
f 9627/242/32 9625/240/32 9639/209/32
f 9637/208/32 9666/236/32 9729/238/32
f 9729/238/32 9627/242/32 9637/208/32
s 1
f 9670/209/202 9664/210/202 9733/241/202
f 9733/241/202 9730/240/202 9670/209/202
s 0
f 9662/233/33 9711/231/33 9629/237/33
f 9629/237/33 9732/239/33 9662/233/33
f 9711/231/33 9715/236/33 9631/238/33
f 9631/238/33 9629/237/33 9711/231/33
s 1
f 9736/243/375 9737/244/265 9739/245/265
f 9739/245/265 9743/246/266 9736/243/375
f 9735/247/268 9742/248/268 9746/249/268
f 9745/249/1010 9748/250/268 9735/247/268
f 9744/246/866 9740/245/866 9749/251/866
f 9749/251/866 9747/252/866 9744/246/866
f 9741/248/273 9738/247/273 9751/250/1011
f 9751/250/1011 9750/249/273 9741/248/273
f 9752/195/5 9757/196/217 9761/197/217
f 9761/197/217 9763/198/5 9752/195/5
f 9767/199/218 9769/200/218 9771/201/218
f 9771/201/218 9773/202/218 9767/199/218
f 9775/203/220 9779/204/221 9782/205/220
f 9782/205/220 9784/206/220 9775/203/220
f 9787/202/1003 9789/201/296 9791/200/296
f 9791/200/296 9793/199/1003 9787/202/1003
f 9794/207/171 9796/207/171 9799/208/171
f 9799/208/171 9801/209/171 9794/207/171
f 9805/209/172 9809/210/172 9814/211/172
f 9778/212/173 9817/196/173 9821/213/174
f 9821/213/174 9780/214/174 9778/212/173
f 9824/210/175 9830/209/175 9833/211/175
f 9836/215/176 9840/216/176 9832/211/177
f 9832/211/177 9829/209/177 9836/215/176
f 9843/217/179 9846/218/179 9760/197/179
f 9760/197/179 9755/196/179 9843/217/179
f 9849/219/180 9853/220/180 9777/204/224
f 9777/204/224 9774/203/1012 9849/219/180
f 9856/209/182 9858/208/182 9797/207/182
f 9797/207/182 9795/207/182 9856/209/182
f 9776/212/183 9851/214/184 9859/213/183
f 9859/213/183 9815/196/183 9776/212/183
f 9837/215/185 9803/209/185 9813/211/185
f 9813/211/185 9841/216/226 9837/215/185
f 9865/221/296 9820/222/296 9754/222/296
f 9754/222/296 9765/221/296 9865/221/296
f 9819/222/188 9816/203/972 9756/203/972
f 9756/203/972 9753/222/188 9819/222/188
f 9818/203/1013 9861/206/189 9844/206/189
f 9844/206/189 9758/203/189 9818/203/1013
f 9862/206/218 9869/223/218 9848/223/218
f 9848/223/218 9845/206/218 9862/206/218
f 9868/224/191 9871/225/1008 9762/226/192
f 9762/226/192 9847/224/192 9868/224/191
f 9870/225/193 9863/224/193 9764/224/193
f 9764/224/193 9759/226/193 9870/225/193
f 9852/214/175 9873/227/175 9867/228/175
f 9867/228/175 9860/213/175 9852/214/175
f 9874/229/296 9854/220/296 9850/219/296
f 9850/219/296 9877/221/296 9874/229/296
f 9785/206/218 9783/205/218 9881/230/218
f 9881/230/218 9883/223/218 9785/206/218
f 9880/227/172 9781/214/172 9822/213/172
f 9822/213/172 9866/228/172 9880/227/172
f 9771/201/218 9769/200/218 9886/199/218
f 9886/199/218 9889/202/218 9771/201/218
f 9879/231/1014 9864/224/1014 9812/232/1014
f 9812/232/1014 9808/233/1015 9879/231/1014
f 9863/224/193 9870/225/193 9839/234/193
f 9839/234/193 9811/232/193 9863/224/193
f 9871/225/1008 9868/224/191 9834/232/197
f 9834/232/197 9842/234/192 9871/225/1008
f 9868/224/191 9875/231/198 9826/233/198
f 9826/233/198 9834/232/197 9868/224/191
f 9791/200/296 9789/201/296 9892/202/1003
f 9892/202/1003 9895/199/1003 9791/200/296
f 9799/208/171 9796/207/171 9835/235/171
f 9835/235/171 9828/236/171 9799/208/171
f 9797/207/182 9858/208/182 9804/236/1016
f 9804/236/1016 9838/235/182 9797/207/182
s 0
f 9882/236/33 9878/231/33 9768/237/33
f 9768/237/33 9766/238/33 9882/236/33
f 9878/231/33 9807/233/33 9884/239/33
f 9884/239/33 9768/237/33 9878/231/33
s 1
f 9810/210/200 9806/209/200 9888/240/200
f 9888/240/200 9885/241/200 9810/210/200
s 0
f 9802/236/32 9857/208/32 9770/242/32
f 9770/242/32 9887/238/32 9802/236/32
f 9857/208/32 9855/209/32 9772/240/32
f 9772/240/32 9770/242/32 9857/208/32
f 9800/209/32 9798/208/32 9788/242/32
f 9788/242/32 9786/240/32 9800/209/32
f 9798/208/32 9827/236/32 9890/238/32
f 9890/238/32 9788/242/32 9798/208/32
s 1
f 9831/209/202 9825/210/202 9894/241/202
f 9894/241/202 9891/240/202 9831/209/202
s 0
f 9823/233/33 9872/231/33 9790/237/33
f 9790/237/33 9893/239/33 9823/233/33
f 9872/231/33 9876/236/33 9792/238/33
f 9792/238/33 9790/237/33 9872/231/33
s 1
f 9898/243/1017 9899/244/1017 9901/245/1017
f 9901/245/1017 9905/246/204 9898/243/1017
f 9897/247/207 9904/248/207 9908/249/207
f 9907/249/1018 9910/250/343 9896/247/343
f 9906/246/1019 9902/245/212 9911/251/213
f 9911/251/213 9909/252/212 9906/246/1019
f 9903/248/214 9900/247/216 9913/250/1020
f 9913/250/1020 9912/249/214 9903/248/214
f 9914/195/240 9919/196/240 9924/197/240
f 9924/197/240 9926/198/240 9914/195/240
f 9929/199/131 9931/200/131 9933/201/131
f 9933/201/131 9935/202/131 9929/199/131
f 9936/203/291 9938/204/291 9942/205/291
f 9942/205/291 9946/206/291 9936/203/291
f 9949/202/128 9951/201/128 9953/200/128
f 9953/200/128 9955/199/128 9949/202/128
f 9956/207/143 9958/207/143 9961/208/143
f 9961/208/143 9963/209/143 9956/207/143
f 9967/209/961 9972/210/961 9975/211/243
f 9940/212/244 9979/196/244 9982/213/244
f 9982/213/244 9945/214/962 9940/212/244
f 9988/210/246 9992/209/246 9996/211/246
f 10000/215/247 10004/216/247 9997/211/248
f 9997/211/248 9993/209/247 10000/215/247
f 10008/217/963 10011/218/249 9923/197/249
f 9923/197/249 9918/196/963 10008/217/963
f 10013/219/251 10017/220/251 9941/204/251
f 9941/204/251 9937/203/251 10013/219/251
f 10019/209/132 10021/208/132 9959/207/132
f 9959/207/132 9957/207/132 10019/209/132
f 9939/212/252 10015/214/253 10025/213/253
f 10025/213/253 9978/196/253 9939/212/252
f 10001/215/254 9968/209/255 9976/211/255
f 9976/211/255 10005/216/256 10001/215/254
f 10029/221/128 9984/222/128 9916/222/128
f 9916/222/128 9927/221/128 10029/221/128
f 9983/222/151 9980/203/150 9920/203/151
f 9920/203/151 9915/222/151 9983/222/151
f 9977/203/1021 10022/206/148 10006/206/148
f 10006/206/148 9917/203/149 9977/203/1021
f 10023/206/131 10032/223/131 10010/223/131
f 10010/223/131 10007/206/131 10023/206/131
f 10031/224/257 10035/225/257 9922/226/257
f 9922/226/257 10009/224/257 10031/224/257
f 10034/225/258 10026/224/258 9925/224/258
f 9925/224/258 9921/226/258 10034/225/258
f 10014/214/246 10038/227/246 10033/228/246
f 10033/228/246 10024/213/246 10014/214/246
f 10039/229/128 10016/220/128 10012/219/128
f 10012/219/128 10041/221/128 10039/229/128
f 9947/206/131 9943/205/131 10044/230/131
f 10044/230/131 10047/223/131 9947/206/131
f 10045/227/243 9944/214/243 9981/213/243
f 9981/213/243 10028/228/243 10045/227/243
f 9933/201/131 9931/200/131 10049/199/131
f 10049/199/131 10052/202/131 9933/201/131
f 10043/231/259 10027/224/259 9974/232/259
f 9974/232/259 9970/233/259 10043/231/259
f 10026/224/258 10034/225/258 10002/234/258
f 10002/234/258 9973/232/258 10026/224/258
f 10035/225/257 10031/224/257 9995/232/257
f 9995/232/257 10003/234/257 10035/225/257
f 10030/224/260 10037/231/260 9986/233/260
f 9986/233/260 9994/232/260 10030/224/260
f 9953/200/128 9951/201/128 10056/202/128
f 10056/202/128 10059/199/128 9953/200/128
f 9961/208/143 9958/207/143 9998/235/143
f 9998/235/143 9990/236/143 9961/208/143
f 9959/207/132 10021/208/132 9965/236/132
f 9965/236/132 9999/235/132 9959/207/132
s 0
f 10046/236/33 10042/231/33 9930/237/33
f 9930/237/33 9928/238/33 10046/236/33
f 10042/231/33 9969/233/33 10048/239/33
f 10048/239/33 9930/237/33 10042/231/33
s 1
f 9971/210/966 9966/209/966 10053/240/966
f 10053/240/966 10050/241/966 9971/210/966
s 0
f 9964/236/32 10020/208/32 9932/242/32
f 9932/242/32 10051/238/32 9964/236/32
f 10020/208/32 10018/209/32 9934/240/32
f 9934/240/32 9932/242/32 10020/208/32
f 9962/209/32 9960/208/32 9950/242/32
f 9950/242/32 9948/240/32 9962/209/32
f 9960/208/32 9989/236/32 10054/238/32
f 10054/238/32 9950/242/32 9960/208/32
s 1
f 9991/209/262 9987/210/262 10058/241/262
f 10058/241/262 10055/240/262 9991/209/262
s 0
f 9985/233/33 10036/231/33 9952/237/33
f 9952/237/33 10057/239/33 9985/233/33
f 10036/231/33 10040/236/33 9954/238/33
f 9954/238/33 9952/237/33 10036/231/33
s 1
f 10060/243/283 10063/244/284 10065/245/283
f 10065/245/283 10067/246/284 10060/243/283
f 10061/247/286 10069/248/286 10071/249/286
f 10072/249/1022 10073/250/286 10061/247/286
f 10068/246/1023 10066/245/288 10075/251/854
f 10075/251/854 10070/252/288 10068/246/1023
f 10064/248/289 10062/247/290 10076/250/289
f 10076/250/289 10074/249/289 10064/248/289
f 10078/253/24 10079/254/24 10083/255/24
f 10083/255/24 10088/256/24 10078/253/24
f 10090/257/25 10077/253/25 10087/256/25
f 10087/256/25 10093/258/25 10090/257/25
f 10095/259/26 10089/257/26 10092/258/26
f 10092/258/26 10098/260/26 10095/259/26
f 10101/261/679 10096/262/356 10100/263/679
f 10100/263/679 10104/264/679 10101/261/679
f 10107/265/28 10102/261/28 10105/264/28
f 10105/264/28 10111/266/28 10107/265/28
f 10113/267/29 10108/265/29 10112/266/29
f 10112/266/29 10117/268/29 10113/267/29
f 10120/269/358 10114/267/17 10118/268/17
f 10118/268/17 10124/270/358 10120/269/358
f 10126/271/18 10119/269/18 10123/270/18
f 10123/270/18 10130/272/18 10126/271/18
f 10132/273/200 10125/271/34 10129/272/34
f 10129/272/34 10135/274/34 10132/273/200
f 10137/275/20 10131/273/20 10134/274/20
f 10134/274/20 10140/276/20 10137/275/20
f 10143/277/21 10138/275/21 10141/276/21
f 10141/276/21 10146/278/21 10143/277/21
f 10080/254/22 10144/277/361 10147/278/361
f 10147/278/361 10084/255/22 10080/254/22
s 0
f 10085/279/33 10081/280/33 10149/281/33
f 10149/281/33 10153/282/33 10085/279/33
f 10157/283/33 10160/279/33 10163/282/33
f 10163/282/33 10166/284/33 10157/283/33
f 10097/285/33 10091/283/33 10169/284/33
f 10169/284/33 10173/285/33 10097/285/33
f 10177/286/33 10180/285/33 10183/285/33
f 10183/285/33 10186/287/33 10177/286/33
f 10109/288/33 10103/286/33 10189/287/33
f 10189/287/33 10193/289/33 10109/288/33
f 10197/290/33 10200/288/33 10203/289/33
f 10203/289/33 10206/291/33 10197/290/33
f 10121/292/33 10115/290/33 10209/291/33
f 10209/291/33 10213/293/33 10121/292/33
f 10217/294/33 10220/292/33 10223/293/33
f 10223/293/33 10226/295/33 10217/294/33
f 10133/296/33 10127/294/33 10229/295/33
f 10229/295/33 10233/297/33 10133/296/33
f 10237/298/33 10240/296/33 10243/297/33
f 10243/297/33 10246/299/33 10237/298/33
f 10145/300/33 10139/298/33 10249/299/33
f 10249/299/33 10253/300/33 10145/300/33
f 10257/280/33 10260/300/33 10263/300/33
f 10263/300/33 10266/281/33 10257/280/33
s 1
f 10156/301/17 10152/302/17 10271/303/17
f 10271/303/17 10274/304/17 10156/301/17
f 10171/305/18 10155/301/18 10273/304/18
f 10273/304/18 10277/306/18 10171/305/18
f 10176/307/19 10170/305/200 10276/306/19
f 10276/306/19 10280/308/19 10176/307/19
f 10190/309/20 10174/307/20 10279/308/20
f 10279/308/20 10282/310/20 10190/309/20
f 10195/311/1024 10191/309/21 10283/310/21
f 10283/310/21 10285/312/21 10195/311/1024
f 10211/313/22 10196/311/22 10286/312/22
f 10286/312/22 10288/314/22 10211/313/22
f 10215/315/354 10212/313/1025 10289/314/1025
f 10289/314/1025 10292/316/354 10215/315/354
f 10231/317/25 10214/315/25 10291/316/25
f 10291/316/25 10295/318/25 10231/317/25
f 10234/319/355 10230/317/355 10294/318/355
f 10294/318/355 10297/320/355 10234/319/355
f 10251/321/1026 10235/322/27 10298/323/27
f 10298/323/27 10300/324/27 10251/321/1026
f 10255/325/28 10252/321/28 10301/324/28
f 10301/324/28 10303/326/28 10255/325/28
f 10151/302/29 10256/325/30 10304/326/30
f 10304/326/30 10270/303/29 10151/302/29
s 0
f 10272/327/33 10269/328/33 10305/329/33
f 10275/330/33 10272/327/33 10305/329/33
f 10278/331/33 10275/330/33 10305/329/33
f 10281/332/33 10278/331/33 10305/329/33
f 10284/333/33 10281/332/33 10305/329/33
f 10287/334/33 10284/333/33 10305/329/33
f 10290/335/33 10287/334/33 10305/329/33
f 10293/336/33 10290/335/33 10305/329/33
f 10296/337/33 10293/336/33 10305/329/33
f 10299/338/33 10296/337/33 10305/329/33
f 10302/339/33 10299/338/33 10305/329/33
f 10269/328/33 10302/339/33 10305/329/33
s 1
f 10093/258/25 10087/256/25 10162/340/25
f 10162/340/25 10158/341/25 10093/258/25
f 10086/279/289 10154/282/290 10164/282/289
f 10164/282/289 10161/279/289 10086/279/289
f 10155/301/18 10171/305/18 10167/342/18
f 10167/342/18 10165/343/18 10155/301/18
f 10172/284/366 10094/283/366 10159/283/366
f 10159/283/366 10168/284/366 10172/284/366
f 10104/264/679 10100/263/679 10182/344/679
f 10182/344/679 10178/345/679 10104/264/679
s 0
f 10099/285/9 10175/285/9 10185/285/9
f 10185/285/9 10181/285/9 10099/285/9
s 1
f 10174/307/20 10190/309/20 10187/346/20
f 10187/346/20 10184/347/20 10174/307/20
f 10192/287/368 10106/286/368 10179/286/368
f 10179/286/368 10188/287/368 10192/287/368
f 10117/268/29 10112/266/29 10202/348/29
f 10202/348/29 10199/349/29 10117/268/29
f 10110/288/268 10194/289/268 10204/289/268
f 10204/289/268 10201/288/269 10110/288/268
f 10196/311/22 10211/313/22 10208/350/22
f 10208/350/22 10205/351/22 10196/311/22
s 0
f 10210/291/5 10116/290/5 10198/290/5
f 10198/290/5 10207/291/5 10210/291/5
s 1
f 10130/272/18 10123/270/18 10222/352/18
f 10222/352/18 10219/353/18 10130/272/18
f 10122/292/287 10216/293/286 10225/293/287
f 10225/293/287 10221/292/287 10122/292/287
f 10214/315/25 10231/317/25 10227/354/25
f 10227/354/25 10224/355/25 10214/315/25
f 10232/295/362 10128/294/362 10218/294/362
f 10218/294/362 10228/295/362 10232/295/362
f 10140/276/20 10134/274/20 10241/356/363
f 10241/356/363 10238/357/20 10140/276/20
s 0
f 10136/296/1 10236/297/1 10245/297/1
f 10245/297/1 10242/296/1 10136/296/1
s 1
f 10235/322/27 10251/321/1026 10248/358/1027
f 10248/358/1027 10244/359/27 10235/322/27
f 10250/299/364 10142/298/364 10239/298/364
f 10239/298/364 10247/299/364 10250/299/364
f 10084/255/22 10147/278/361 10261/360/22
f 10261/360/22 10259/361/22 10084/255/22
f 10148/300/365 10254/300/365 10264/300/365
f 10264/300/365 10262/300/273 10148/300/365
f 10256/325/30 10151/302/29 10268/362/29
f 10268/362/29 10265/363/30 10256/325/30
s 0
f 10150/281/13 10082/280/13 10258/280/13
f 10258/280/13 10267/281/13 10150/281/13
s 1
f 10306/3/38 10308/2/8 10310/1/9
f 10310/1/9 10311/4/9 10306/3/38
f 10312/6/7 10314/5/7 10308/2/8
f 10308/2/8 10306/3/38 10312/6/7
f 10315/8/5 10318/7/5 10314/5/7
f 10314/5/7 10312/6/7 10315/8/5
f 10320/11/4 10322/10/4 10319/9/5
f 10319/9/5 10316/12/5 10320/11/4
f 10323/14/682 10325/13/2 10322/10/4
f 10322/10/4 10320/11/4 10323/14/682
f 10326/16/1 10328/15/1 10325/13/2
f 10325/13/2 10323/14/682 10326/16/1
f 10329/18/16 10331/17/15 10328/15/1
f 10328/15/1 10326/16/1 10329/18/16
f 10332/20/14 10334/19/926 10331/17/15
f 10331/17/15 10329/18/16 10332/20/14
f 10335/22/13 10337/21/13 10334/19/926
f 10334/19/926 10332/20/14 10335/22/13
f 10338/24/12 10340/23/12 10337/21/13
f 10337/21/13 10335/22/13 10338/24/12
f 10341/26/39 10343/25/10 10340/23/12
f 10340/23/12 10338/24/12 10341/26/39
f 10311/4/9 10310/1/9 10343/25/10
f 10343/25/10 10341/26/39 10311/4/9
f 10346/27/22 10349/30/22 10352/29/22
f 10352/29/22 10355/28/22 10346/27/22
f 10358/31/21 10361/32/21 10348/30/21
f 10348/30/21 10345/27/21 10358/31/21
f 10363/33/20 10366/34/20 10360/32/20
f 10360/32/20 10357/31/20 10363/33/20
f 10369/35/19 10372/38/19 10367/37/19
f 10367/37/19 10364/36/19 10369/35/19
f 10375/39/18 10378/40/18 10373/38/18
f 10373/38/18 10370/35/18 10375/39/18
f 10382/41/17 10385/42/17 10379/40/17
f 10379/40/17 10376/39/17 10382/41/17
f 10388/43/29 10391/44/929 10384/42/29
f 10384/42/29 10381/41/29 10388/43/29
f 10394/45/28 10397/46/28 10390/44/28
f 10390/44/28 10387/43/28 10394/45/28
f 10400/47/27 10403/48/1027 10396/46/27
f 10396/46/27 10393/45/27 10400/47/27
f 10405/49/26 10408/50/26 10402/48/26
f 10402/48/26 10399/47/26 10405/49/26
f 10411/51/25 10414/52/25 10409/50/25
f 10409/50/25 10406/49/25 10411/51/25
f 10354/28/24 10351/29/24 10415/52/24
f 10415/52/24 10412/51/354 10354/28/24
s 0
f 10307/53/32 10344/53/32 10353/54/32
f 10353/54/32 10309/54/32 10307/53/32
f 10309/54/32 10353/54/32 10410/55/32
f 10410/55/32 10342/55/32 10309/54/32
f 10342/55/32 10410/55/32 10404/56/32
f 10404/56/32 10339/56/32 10342/55/32
f 10339/56/32 10404/56/32 10398/57/32
f 10398/57/32 10336/57/32 10339/56/32
f 10336/57/32 10398/57/32 10392/59/32
f 10392/59/32 10333/58/32 10336/57/32
f 10333/58/32 10392/59/32 10386/61/32
f 10386/61/32 10330/60/32 10333/58/32
f 10330/60/32 10386/61/32 10380/62/32
f 10380/62/32 10327/62/32 10330/60/32
f 10327/62/32 10380/62/32 10374/64/32
f 10374/64/32 10324/63/32 10327/62/32
f 10324/63/32 10374/64/32 10368/66/32
f 10368/66/32 10321/65/32 10324/63/32
f 10321/65/32 10368/66/32 10362/67/32
f 10362/67/32 10317/67/32 10321/65/32
f 10317/67/32 10362/67/32 10356/68/32
f 10356/68/32 10313/68/32 10317/67/32
f 10313/68/32 10356/68/32 10344/53/32
f 10344/53/32 10307/53/32 10313/68/32
f 10416/54/33 10350/54/33 10347/53/33
f 10347/53/33 10418/53/33 10416/54/33
f 10418/53/33 10347/53/33 10359/68/33
f 10359/68/33 10420/68/33 10418/53/33
f 10420/68/33 10359/68/33 10365/67/33
f 10365/67/33 10423/67/33 10420/68/33
f 10423/67/33 10365/67/33 10371/66/33
f 10371/66/33 10426/65/33 10423/67/33
f 10426/65/33 10371/66/33 10377/64/33
f 10377/64/33 10428/63/33 10426/65/33
f 10428/63/33 10377/64/33 10383/62/33
f 10383/62/33 10431/62/33 10428/63/33
f 10431/62/33 10383/62/33 10389/61/33
f 10389/61/33 10433/60/33 10431/62/33
f 10433/60/33 10389/61/33 10395/59/33
f 10395/59/33 10435/58/33 10433/60/33
f 10435/58/33 10395/59/33 10401/57/33
f 10401/57/33 10437/57/33 10435/58/33
f 10437/57/33 10401/57/33 10407/56/33
f 10407/56/33 10439/56/33 10437/57/33
f 10439/56/33 10407/56/33 10413/55/33
f 10413/55/33 10441/55/33 10439/56/33
f 10441/55/33 10413/55/33 10350/54/33
f 10350/54/33 10416/54/33 10441/55/33
s 1
f 10445/71/38 10448/70/9 10417/69/9
f 10417/69/9 10419/72/38 10445/71/38
f 10452/73/21 10445/71/38 10419/72/38
f 10419/72/38 10422/74/21 10452/73/21
f 10454/75/1028 10450/73/35 10421/74/35
f 10421/74/35 10424/76/35 10454/75/1028
f 10458/77/958 10456/75/34 10425/76/34
f 10425/76/34 10427/78/4 10458/77/958
f 10462/79/2 10458/77/958 10427/78/4
f 10427/78/4 10429/80/1029 10462/79/2
f 10466/83/1 10463/82/3 10430/81/3
f 10430/81/3 10432/84/1 10466/83/1
f 10469/85/16 10466/83/1 10432/84/1
f 10432/84/1 10434/86/16 10469/85/16
f 10471/87/14 10469/85/16 10434/86/16
f 10434/86/16 10436/88/14 10471/87/14
f 10473/89/13 10471/87/14 10436/88/14
f 10436/88/14 10438/90/13 10473/89/13
f 10477/91/12 10473/89/13 10438/90/13
f 10438/90/13 10440/92/676 10477/91/12
f 10481/93/11 10477/91/12 10440/92/676
f 10440/92/676 10442/94/1030 10481/93/11
f 10448/70/9 10481/93/11 10442/94/1030
f 10442/94/1030 10417/69/9 10448/70/9
s 0
f 10482/95/32 10484/95/32 10487/96/32
f 10487/96/32 10490/96/32 10482/95/32
f 10492/97/32 10495/97/32 10484/95/32
f 10484/95/32 10482/95/32 10492/97/32
f 10498/67/32 10500/98/32 10495/97/32
f 10495/97/32 10492/97/32 10498/67/32
f 10503/99/32 10505/99/32 10500/98/32
f 10500/98/32 10498/67/32 10503/99/32
f 10508/100/32 10510/100/32 10505/99/32
f 10505/99/32 10503/99/32 10508/100/32
f 10513/101/32 10515/101/32 10510/100/32
f 10510/100/32 10508/100/32 10513/101/32
f 10518/61/32 10520/61/32 10515/101/32
f 10515/101/32 10513/101/32 10518/61/32
f 10523/59/32 10525/102/32 10520/61/32
f 10520/61/32 10518/61/32 10523/59/32
f 10528/103/32 10530/103/32 10525/102/32
f 10525/102/32 10523/59/32 10528/103/32
f 10533/104/32 10535/105/32 10530/103/32
f 10530/103/32 10528/103/32 10533/104/32
f 10538/106/32 10540/106/32 10535/105/32
f 10535/105/32 10533/104/32 10538/106/32
f 10490/96/32 10487/96/32 10540/106/32
f 10540/106/32 10538/106/32 10490/96/32
s 1
f 10486/107/50 10545/110/51 10548/109/50
f 10548/109/50 10489/108/50 10486/107/50
f 10497/111/48 10553/112/49 10543/110/49
f 10543/110/49 10485/107/49 10497/111/48
f 10501/113/47 10555/114/47 10551/112/47
f 10551/112/47 10496/111/47 10501/113/47
f 10506/115/46 10559/116/46 10557/114/46
f 10557/114/46 10502/113/46 10506/115/46
f 10511/117/44 10563/118/45 10561/116/44
f 10561/116/44 10507/115/45 10511/117/44
f 10517/119/42 10569/120/42 10566/118/42
f 10566/118/42 10512/117/43 10517/119/42
f 10522/121/1031 10574/122/61 10568/120/61
f 10568/120/61 10516/119/61 10522/121/1031
f 10527/123/59 10579/124/59 10572/122/59
f 10572/122/59 10521/121/60 10527/123/59
f 10532/125/58 10584/126/1032 10577/124/58
f 10577/124/58 10526/123/58 10532/125/58
f 10536/127/1033 10586/130/56 10582/129/56
f 10582/129/56 10531/128/56 10536/127/1033
f 10541/131/55 10590/132/54 10588/130/54
f 10588/130/54 10537/127/54 10541/131/55
f 10488/108/52 10547/109/52 10592/132/1034
f 10592/132/1034 10542/131/53 10488/108/52
f 10546/110/78 10595/134/79 10597/133/78
f 10596/133/79 10550/109/1035 10546/110/78
f 10554/112/75 10600/135/75 10594/134/75
f 10594/134/75 10544/110/1036 10554/112/75
f 10556/114/73 10601/136/73 10599/135/72
f 10599/135/72 10552/112/1037 10556/114/73
f 10560/116/68 10603/137/1038 10602/136/1039
f 10602/136/1039 10558/114/1040 10560/116/68
f 10565/118/1041 10606/138/1042 10605/137/1043
f 10604/137/66 10562/116/707 10564/118/66
f 10570/120/65 10611/139/1044 10607/138/65
f 10608/138/63 10567/118/63 10570/120/65
f 10575/122/1045 10613/140/95 10610/139/95
f 10609/139/687 10571/120/93 10576/122/1046
f 10580/124/1047 10615/141/92 10612/140/92
f 10612/140/92 10573/122/1048 10581/124/92
f 10585/126/89 10617/142/90 10614/141/691
f 10614/141/691 10578/124/1049 10585/126/89
f 10587/130/86 10618/144/1050 10616/143/86
f 10616/143/86 10583/129/86 10587/130/86
f 10591/132/84 10620/145/698 10619/144/1051
f 10619/144/1051 10589/130/84 10591/132/84
f 10549/109/81 10598/133/1052 10621/145/81
f 10622/145/83 10593/132/80 10549/109/81
f 10444/148/105 10624/147/105 10627/146/106
f 10627/146/106 10447/149/105 10444/148/105
f 10451/151/103 10632/150/954 10623/147/716
f 10623/147/716 10443/148/103 10451/151/103
f 10453/154/101 10634/153/101 10629/152/1053
f 10629/152/1053 10449/155/101 10453/154/101
f 10457/156/100 10636/142/100 10635/153/100
f 10635/153/100 10455/154/100 10457/156/100
f 10460/158/99 10639/157/718 10638/142/1054
f 10638/142/1054 10459/156/953 10460/158/99
f 10465/160/97 10643/159/97 10640/157/97
f 10640/157/97 10461/158/97 10465/160/97
f 10468/162/118 10646/161/118 10642/159/118
f 10642/159/118 10464/160/118 10468/162/118
f 10472/164/951 10650/163/950 10645/161/115
f 10645/161/115 10467/162/114 10472/164/951
f 10475/166/113 10653/165/1055 10648/163/113
f 10648/163/113 10470/164/113 10475/166/113
f 10476/168/112 10654/167/112 10651/165/112
f 10651/165/112 10474/166/112 10476/168/112
f 10479/170/714 10657/169/713 10656/167/1056
f 10656/167/1056 10478/168/108 10479/170/714
f 10446/149/1057 10626/146/107 10658/169/107
f 10658/169/107 10480/170/949 10446/149/1057
f 10625/173/38 10483/172/928 10491/171/123
f 10491/171/123 10628/174/123 10625/173/38
f 10630/176/7 10493/175/7 10483/172/928
f 10483/172/928 10625/173/38 10630/176/7
f 10633/179/959 10499/178/959 10494/177/7
f 10494/177/7 10631/180/7 10633/179/959
f 10637/181/958 10504/86/4 10499/178/959
f 10499/178/959 10633/179/959 10637/181/958
f 10641/183/3 10509/182/3 10504/86/4
f 10504/86/4 10637/181/958 10641/183/3
f 10644/185/120 10514/184/120 10509/182/3
f 10509/182/3 10641/183/3 10644/185/120
f 10647/187/16 10519/186/41 10514/184/120
f 10514/184/120 10644/185/120 10647/187/16
f 10649/189/930 10524/188/14 10519/186/41
f 10519/186/41 10647/187/16 10649/189/930
f 10652/191/1058 10529/190/955 10524/188/14
f 10524/188/14 10649/189/930 10652/191/1058
f 10655/192/12 10534/76/12 10529/190/955
f 10529/190/955 10652/191/1058 10655/192/12
f 10659/194/10 10539/193/11 10534/76/12
f 10534/76/12 10655/192/12 10659/194/10
f 10628/174/123 10491/171/123 10539/193/11
f 10539/193/11 10659/194/10 10628/174/123
f 10660/195/829 10664/198/829 10669/197/829
f 10669/197/829 10672/196/829 10660/195/829
f 10675/199/727 10677/202/727 10679/201/727
f 10679/201/727 10681/200/727 10675/199/727
f 10682/203/830 10684/206/868 10686/205/868
f 10686/205/868 10690/204/868 10682/203/830
f 10695/202/725 10697/199/725 10699/200/725
f 10699/200/725 10701/201/725 10695/202/725
f 10703/207/132 10705/209/132 10707/208/132
f 10707/208/132 10709/207/132 10703/207/132
f 10713/209/1059 10717/211/1059 10722/210/1059
f 10692/212/833 10689/214/1060 10724/213/833
f 10724/213/833 10729/196/832 10692/212/833
f 10734/210/834 10737/211/834 10742/209/834
f 10746/215/835 10743/209/835 10738/211/835
f 10738/211/835 10750/216/836 10746/215/835
f 10754/217/1061 10671/196/1061 10668/197/837
f 10668/197/837 10757/218/837 10754/217/1061
f 10759/219/839 10683/203/839 10693/204/1062
f 10693/204/1062 10763/220/839 10759/219/839
f 10765/209/143 10702/207/143 10708/207/143
f 10708/207/143 10767/208/143 10765/209/143
f 10691/212/840 10728/196/840 10771/213/840
f 10771/213/840 10761/214/840 10691/212/840
f 10747/215/843 10751/216/842 10718/211/842
f 10718/211/842 10714/209/843 10747/215/843
f 10775/221/725 10665/221/725 10662/222/725
f 10662/222/725 10726/222/725 10775/221/725
f 10725/222/746 10661/222/746 10673/203/745
f 10673/203/745 10730/203/746 10725/222/746
f 10727/203/742 10670/203/743 10752/206/742
f 10752/206/742 10768/206/743 10727/203/742
f 10769/206/727 10753/206/727 10756/223/727
f 10756/223/727 10778/223/727 10769/206/727
f 10777/224/153 10755/224/153 10666/226/153
f 10666/226/153 10780/225/153 10777/224/153
f 10781/225/154 10667/226/154 10663/224/154
f 10663/224/154 10772/224/154 10781/225/154
f 10760/214/834 10770/213/834 10779/228/834
f 10779/228/834 10784/227/834 10760/214/834
f 10785/229/725 10787/221/725 10758/219/725
f 10758/219/725 10762/220/725 10785/229/725
f 10685/206/727 10789/223/727 10792/230/727
f 10792/230/727 10687/205/727 10685/206/727
f 10793/227/831 10774/228/831 10723/213/831
f 10723/213/831 10688/214/1059 10793/227/831
f 10679/201/727 10795/202/727 10798/199/727
f 10798/199/727 10681/200/727 10679/201/727
f 10791/231/156 10720/233/156 10716/232/156
f 10716/232/156 10773/224/156 10791/231/156
f 10772/224/154 10715/232/154 10749/234/154
f 10749/234/154 10781/225/154 10772/224/154
f 10780/225/153 10748/234/153 10736/232/153
f 10736/232/153 10777/224/153 10780/225/153
f 10776/224/158 10735/232/158 10732/233/158
f 10732/233/158 10783/231/158 10776/224/158
f 10699/200/725 10802/199/725 10805/202/725
f 10805/202/725 10701/201/725 10699/200/725
f 10707/208/132 10740/236/132 10745/235/132
f 10745/235/132 10709/207/132 10707/208/132
f 10708/207/143 10744/235/143 10711/236/143
f 10711/236/143 10767/208/143 10708/207/143
s 0
f 10788/236/33 10674/238/33 10680/237/33
f 10680/237/33 10790/231/33 10788/236/33
f 10790/231/33 10680/237/33 10797/239/33
f 10797/239/33 10719/233/33 10790/231/33
s 1
f 10721/210/1063 10799/241/1063 10796/240/1064
f 10796/240/1064 10712/209/1063 10721/210/1063
s 0
f 10710/236/32 10794/238/32 10678/242/32
f 10678/242/32 10766/208/32 10710/236/32
f 10766/208/32 10678/242/32 10676/240/32
f 10676/240/32 10764/209/32 10766/208/32
f 10704/209/32 10694/240/32 10700/242/32
f 10700/242/32 10706/208/32 10704/209/32
f 10706/208/32 10700/242/32 10803/238/32
f 10803/238/32 10739/236/32 10706/208/32
s 1
f 10741/209/870 10804/240/851 10801/241/1065
f 10801/241/1065 10733/210/870 10741/209/870
s 0
f 10731/233/33 10800/239/33 10698/237/33
f 10698/237/33 10782/231/33 10731/233/33
f 10782/231/33 10698/237/33 10696/238/33
f 10696/238/33 10786/236/33 10782/231/33
f 10806/195/5 10809/198/5 10812/197/5
f 10812/197/5 10816/196/5 10806/195/5
s 1
f 10821/199/814 10823/202/814 10825/201/760
f 10825/201/760 10827/200/1066 10821/199/814
f 10828/203/770 10830/206/770 10834/205/1067
f 10834/205/1067 10837/204/770 10828/203/770
f 10841/202/755 10843/199/755 10845/200/1068
f 10845/200/1068 10847/201/1069 10841/202/755
f 10849/207/875 10851/209/875 10853/208/875
f 10853/208/875 10855/207/875 10849/207/875
f 10859/209/179 10862/211/179 10866/210/179
f 10836/212/877 10832/214/876 10869/213/876
f 10869/213/876 10873/196/877 10836/212/877
f 10879/210/878 10883/211/878 10887/209/878
f 10892/215/879 10886/209/881 10882/211/880
f 10882/211/880 10896/216/879 10892/215/879
f 10899/217/172 10818/196/172 10815/197/172
f 10815/197/172 10902/218/172 10899/217/172
f 10903/219/806 10829/203/806 10839/204/1070
f 10839/204/1070 10907/220/806 10903/219/806
f 10910/209/1071 10848/207/883 10854/207/883
f 10854/207/883 10912/208/883 10910/209/1071
f 10838/212/884 10875/196/895 10915/213/884
f 10915/213/884 10905/214/895 10838/212/884
f 10889/215/601 10893/216/601 10861/211/601
f 10861/211/601 10857/209/601 10889/215/601
f 10920/221/755 10811/221/815 10808/222/815
f 10808/222/815 10872/222/755 10920/221/755
f 10871/222/781 10807/222/781 10819/203/781
f 10819/203/781 10876/203/781 10871/222/781
f 10874/203/780 10817/203/780 10897/206/780
f 10897/206/780 10913/206/779 10874/203/780
f 10914/206/760 10898/206/760 10901/223/760
f 10901/223/760 10922/223/760 10914/206/760
f 10921/224/886 10900/224/887 10813/226/887
f 10813/226/887 10924/225/887 10921/224/886
f 10925/225/789 10814/226/789 10810/224/789
f 10810/224/789 10918/224/789 10925/225/789
f 10906/214/1072 10916/213/1072 10923/228/1072
f 10923/228/1072 10928/227/1072 10906/214/1072
f 10929/229/755 10931/221/755 10904/219/755
f 10904/219/755 10908/220/755 10929/229/755
f 10831/206/760 10933/223/760 10936/230/760
f 10936/230/760 10835/205/760 10831/206/760
f 10935/227/179 10917/228/179 10870/213/179
f 10870/213/179 10833/214/179 10935/227/179
f 10825/201/760 10940/202/814 10943/199/814
f 10943/199/814 10827/200/1066 10825/201/760
f 10937/231/1073 10868/233/1073 10864/232/1073
f 10864/232/1073 10919/224/1073 10937/231/1073
f 10918/224/789 10863/232/789 10895/234/789
f 10895/234/789 10925/225/789 10918/224/789
f 10924/225/887 10894/234/887 10881/232/901
f 10881/232/901 10921/224/886 10924/225/887
f 10921/224/886 10881/232/901 10878/233/785
f 10878/233/785 10927/231/902 10921/224/886
f 10845/200/1068 10946/199/755 10949/202/755
f 10949/202/755 10847/201/1069 10845/200/1068
f 10853/208/875 10885/236/875 10891/235/875
f 10891/235/875 10855/207/875 10853/208/875
f 10854/207/883 10890/235/1074 10858/236/883
f 10858/236/883 10912/208/883 10854/207/883
s 0
f 10932/236/33 10820/238/33 10826/237/33
f 10826/237/33 10934/231/33 10932/236/33
f 10934/231/33 10826/237/33 10941/239/33
f 10941/239/33 10865/233/33 10934/231/33
s 1
f 10867/210/890 10942/241/363 10939/240/363
f 10939/240/363 10860/209/363 10867/210/890
s 0
f 10856/236/32 10938/238/32 10824/242/32
f 10824/242/32 10911/208/32 10856/236/32
f 10911/208/32 10824/242/32 10822/240/32
f 10822/240/32 10909/209/32 10911/208/32
f 10850/209/32 10840/240/32 10846/242/32
f 10846/242/32 10852/208/32 10850/209/32
f 10852/208/32 10846/242/32 10947/238/32
f 10947/238/32 10884/236/32 10852/208/32
s 1
f 10888/209/1075 10948/240/891 10945/241/891
f 10945/241/891 10880/210/891 10888/209/1075
s 0
f 10877/233/33 10944/239/33 10844/237/33
f 10844/237/33 10926/231/33 10877/233/33
f 10926/231/33 10844/237/33 10842/238/33
f 10842/238/33 10930/236/33 10926/231/33
s 1
f 10951/243/904 10953/246/904 10957/245/904
f 10957/245/904 10960/244/904 10951/243/904
f 10950/247/801 10961/250/801 10962/249/801
f 10962/249/801 10952/248/801 10950/247/801
f 10954/246/906 10963/252/907 10965/251/1076
f 10966/251/1076 10958/245/1076 10955/246/1076
f 10956/248/796 10964/249/911 10967/250/796
f 10967/250/796 10959/247/796 10956/248/796
f 10968/195/871 10971/198/871 10974/197/871
f 10974/197/871 10978/196/871 10968/195/871
f 10983/199/814 10985/202/814 10987/201/760
f 10987/201/760 10989/200/1066 10983/199/814
f 10990/203/771 10992/206/770 10996/205/770
f 10996/205/770 10999/204/771 10990/203/771
f 11003/202/755 11005/199/755 11007/200/815
f 11007/200/815 11009/201/815 11003/202/755
f 11011/207/875 11013/209/875 11015/208/875
f 11015/208/875 11017/207/875 11011/207/875
f 11021/209/179 11024/211/179 11028/210/179
f 10998/212/1077 10994/214/876 11031/213/876
f 11031/213/876 11035/196/877 10998/212/1077
f 11041/210/878 11045/211/1078 11049/209/878
f 11054/215/879 11048/209/880 11044/211/881
f 11044/211/881 11058/216/879 11054/215/879
f 11061/217/172 10980/196/172 10977/197/172
f 10977/197/172 11064/218/172 11061/217/172
f 11065/219/882 10991/203/757 11001/204/757
f 11001/204/757 11070/220/882 11065/219/882
f 11073/209/1079 11010/207/883 11016/207/883
f 11016/207/883 11075/208/883 11073/209/1079
f 11000/212/884 11037/196/884 11078/213/1080
f 11078/213/1080 11068/214/884 11000/212/884
f 11051/215/601 11055/216/885 11023/211/601
f 11023/211/601 11019/209/601 11051/215/601
f 11083/221/755 10973/221/755 10970/222/755
f 10970/222/755 11034/222/755 11083/221/755
f 11033/222/781 10969/222/781 10981/203/781
f 10981/203/781 11038/203/781 11033/222/781
f 11036/203/780 10979/203/780 11059/206/780
f 11059/206/780 11076/206/780 11036/203/780
f 11077/206/760 11060/206/760 11063/223/760
f 11063/223/760 11085/223/760 11077/206/760
f 11084/224/886 11062/224/887 10975/226/887
f 10975/226/887 11087/225/887 11084/224/886
f 11088/225/789 10976/226/789 10972/224/789
f 10972/224/789 11081/224/789 11088/225/789
f 11069/214/878 11079/213/878 11086/228/1078
f 11086/228/1078 11091/227/1078 11069/214/878
f 11092/229/804 11094/221/815 11067/219/815
f 11066/219/754 11071/220/804 11092/229/804
f 10993/206/760 11096/223/759 11099/230/778
f 11099/230/778 10997/205/814 10993/206/760
f 11098/227/179 11080/228/179 11032/213/179
f 11032/213/179 10995/214/179 11098/227/179
f 10987/201/760 11103/202/814 11106/199/814
f 11106/199/814 10989/200/1066 10987/201/760
f 11100/231/1073 11030/233/1081 11026/232/1073
f 11026/232/1073 11082/224/1073 11100/231/1073
f 11081/224/789 11025/232/789 11057/234/789
f 11057/234/789 11088/225/789 11081/224/789
f 11087/225/887 11056/234/887 11043/232/889
f 11043/232/889 11084/224/886 11087/225/887
f 11084/224/886 11043/232/889 11040/233/785
f 11040/233/785 11090/231/785 11084/224/886
f 11007/200/815 11109/199/755 11112/202/755
f 11112/202/755 11009/201/815 11007/200/815
f 11015/208/875 11047/236/875 11053/235/875
f 11053/235/875 11017/207/875 11015/208/875
f 11016/207/883 11052/235/883 11020/236/883
f 11020/236/883 11075/208/883 11016/207/883
s 0
f 11095/236/33 10982/238/33 10988/237/33
f 10988/237/33 11097/231/33 11095/236/33
f 11097/231/33 10988/237/33 11104/239/33
f 11104/239/33 11027/233/33 11097/231/33
s 1
f 11029/210/363 11105/241/363 11102/240/363
f 11102/240/363 11022/209/363 11029/210/363
s 0
f 11018/236/32 11101/238/32 10986/242/32
f 10986/242/32 11074/208/32 11018/236/32
f 11074/208/32 10986/242/32 10984/240/32
f 10984/240/32 11072/209/32 11074/208/32
f 11012/209/32 11002/240/32 11008/242/32
f 11008/242/32 11014/208/32 11012/209/32
f 11014/208/32 11008/242/32 11110/238/32
f 11110/238/32 11046/236/32 11014/208/32
s 1
f 11050/209/891 11111/240/891 11108/241/891
f 11108/241/891 11042/210/891 11050/209/891
s 0
f 11039/233/33 11107/239/33 11006/237/33
f 11006/237/33 11089/231/33 11039/233/33
f 11089/231/33 11006/237/33 11004/238/33
f 11004/238/33 11093/236/33 11089/231/33
s 1
f 11114/243/1082 11117/246/857 11121/245/857
f 11121/245/857 11124/244/857 11113/243/857
f 11115/247/860 11126/250/1083 11128/249/827
f 11129/249/858 11120/248/858 11116/247/1084
f 11118/246/862 11127/252/862 11130/251/861
f 11130/251/861 11122/245/1085 11119/246/861
f 11123/248/822 11131/249/1086 11132/250/822
f 11132/250/822 11125/247/822 11123/248/822
f 11135/195/724 11138/198/724 11142/197/724
f 11142/197/724 11146/196/724 11135/195/724
f 11148/199/725 11150/202/725 11152/201/725
f 11152/201/725 11154/200/725 11148/199/725
f 11156/203/1087 11157/206/1087 11159/205/1087
f 11159/205/1087 11164/204/726 11156/203/1087
f 11168/202/727 11170/199/727 11172/200/727
f 11172/200/727 11174/201/727 11168/202/727
f 11175/207/143 11178/209/1088 11180/208/143
f 11180/208/143 11181/207/143 11175/207/143
f 11186/209/747 11190/211/747 11195/210/747
f 11166/212/731 11162/214/729 11199/213/729
f 11199/213/729 11203/196/731 11166/212/731
f 11207/210/732 11210/211/732 11215/209/732
f 11219/215/733 11216/209/733 11211/211/734
f 11211/211/734 11223/216/734 11219/215/733
f 11227/217/736 11145/196/1089 11141/197/1089
f 11141/197/1089 11230/218/736 11227/217/736
f 11232/219/737 11155/203/737 11163/204/737
f 11163/204/737 11234/220/737 11232/219/737
f 11238/209/132 11176/207/132 11182/207/132
f 11182/207/132 11240/208/132 11238/209/132
f 11165/212/739 11202/196/739 11244/213/739
f 11244/213/739 11236/214/739 11165/212/739
f 11220/215/914 11224/216/741 11191/211/741
f 11191/211/741 11187/209/740 11220/215/914
f 11247/221/727 11137/221/727 11134/222/727
f 11134/222/727 11196/222/727 11247/221/727
f 11197/222/846 11133/222/742 11143/203/743
f 11143/203/743 11200/203/742 11197/222/846
f 11201/203/844 11144/203/845 11225/206/745
f 11225/206/745 11241/206/745 11201/203/844
f 11242/206/725 11226/206/725 11229/223/725
f 11229/223/725 11251/223/725 11242/206/725
f 11250/224/257 11228/224/257 11140/226/257
f 11140/226/257 11254/225/257 11250/224/257
f 11253/225/258 11139/226/1090 11136/224/258
f 11136/224/258 11245/224/258 11253/225/258
f 11235/214/916 11243/213/732 11252/228/732
f 11252/228/732 11258/227/732 11235/214/916
f 11257/229/727 11260/221/727 11231/219/727
f 11231/219/727 11233/220/727 11257/229/727
f 11158/206/725 11262/223/725 11265/230/725
f 11265/230/725 11160/205/725 11158/206/725
f 11266/227/747 11248/228/747 11198/213/747
f 11198/213/747 11161/214/747 11266/227/747
f 11152/201/725 11268/202/725 11271/199/725
f 11271/199/725 11154/200/725 11152/201/725
f 11264/231/259 11193/233/259 11189/232/259
f 11189/232/259 11246/224/259 11264/231/259
f 11245/224/258 11188/232/258 11221/234/258
f 11221/234/258 11253/225/258 11245/224/258
f 11254/225/257 11222/234/257 11209/232/257
f 11209/232/257 11250/224/257 11254/225/257
f 11249/224/260 11208/232/260 11205/233/260
f 11205/233/260 11256/231/260 11249/224/260
f 11172/200/727 11274/199/727 11277/202/727
f 11277/202/727 11174/201/727 11172/200/727
f 11180/208/143 11213/236/143 11217/235/143
f 11217/235/143 11181/207/143 11180/208/143
f 11182/207/132 11218/235/1091 11184/236/1092
f 11184/236/1092 11240/208/132 11182/207/132
s 0
f 11261/236/33 11147/238/33 11153/237/33
f 11153/237/33 11263/231/33 11261/236/33
f 11263/231/33 11153/237/33 11270/239/33
f 11270/239/33 11192/233/33 11263/231/33
s 1
f 11194/210/750 11272/241/750 11269/240/1093
f 11269/240/1093 11185/209/750 11194/210/750
s 0
f 11183/236/32 11267/238/32 11151/242/32
f 11151/242/32 11239/208/32 11183/236/32
f 11239/208/32 11151/242/32 11149/240/32
f 11149/240/32 11237/209/32 11239/208/32
f 11177/209/32 11167/240/32 11173/242/32
f 11173/242/32 11179/208/32 11177/209/32
f 11179/208/32 11173/242/32 11276/238/32
f 11276/238/32 11212/236/32 11179/208/32
s 1
f 11214/209/752 11278/240/752 11275/241/1094
f 11275/241/1094 11206/210/752 11214/209/752
s 0
f 11204/233/33 11273/239/33 11171/237/33
f 11171/237/33 11255/231/33 11204/233/33
f 11255/231/33 11171/237/33 11169/238/33
f 11169/238/33 11259/236/33 11255/231/33
s 1
f 11279/243/263 11281/246/263 11284/245/263
f 11284/245/263 11287/244/263 11279/243/263
s 0
f 11280/247/9 11289/250/9 11291/249/9
f 11291/249/9 11283/248/9 11280/247/9
s 1
f 11282/246/264 11290/252/264 11292/251/264
f 11292/251/264 11285/245/264 11282/246/264
s 0
f 11286/248/1 11293/249/1 11294/250/1
f 11294/250/1 11288/247/1 11286/248/1
s 1
f 11296/243/892 11299/246/892 11303/245/348
f 11303/245/348 11306/244/348 11297/243/348
f 11295/247/287 11307/250/286 11308/249/286
f 11308/249/286 11298/248/287 11295/247/287
f 11300/246/526 11309/252/526 11311/251/526
f 11311/251/526 11304/245/526 11301/246/527
f 11302/248/289 11310/249/289 11312/250/289
f 11312/250/289 11305/247/289 11302/248/289
f 11313/243/275 11315/246/275 11318/245/275
f 11318/245/275 11321/244/275 11313/243/275
s 0
f 11314/247/1 11323/250/1 11325/249/1
f 11325/249/1 11317/248/1 11314/247/1
s 1
f 11316/246/276 11324/252/276 11326/251/276
f 11326/251/276 11319/245/276 11316/246/276
s 0
f 11320/248/9 11327/249/9 11328/250/9
f 11328/250/9 11322/247/9 11320/248/9
s 1
f 11331/243/1095 11333/246/819 11335/245/819
f 11335/245/819 11338/244/819 11331/243/1095
f 11330/247/823 11340/250/1096 11342/249/822
f 11341/249/820 11332/248/822 11329/247/822
f 11334/246/825 11343/252/824 11344/251/825
f 11344/251/825 11336/245/1097 11334/246/825
f 11337/248/858 11345/249/1098 11346/250/858
f 11346/250/858 11339/247/827 11337/248/858
f 11348/243/993 11351/246/326 11355/245/993
f 11356/245/324 11359/244/324 11349/243/324
f 11347/247/268 11360/250/918 11361/249/269
f 11361/249/269 11350/248/268 11347/247/268
f 11353/246/919 11362/252/328 11364/251/328
f 11364/251/328 11357/245/328 11352/246/328
f 11354/248/273 11363/249/1099 11365/250/365
f 11365/250/365 11358/247/273 11354/248/273
f 11368/195/724 11371/198/724 11375/197/724
f 11375/197/724 11379/196/724 11368/195/724
f 11381/199/725 11383/202/725 11385/201/725
f 11385/201/725 11387/200/725 11381/199/725
f 11389/203/726 11390/206/726 11392/205/726
f 11392/205/726 11397/204/726 11389/203/726
f 11401/202/727 11403/199/727 11405/200/727
f 11405/200/727 11407/201/727 11401/202/727
f 11408/207/143 11411/209/143 11413/208/143
f 11413/208/143 11414/207/143 11408/207/143
f 11419/209/747 11423/211/747 11428/210/747
f 11399/212/729 11395/214/729 11432/213/729
f 11432/213/729 11436/196/731 11399/212/729
f 11440/210/732 11443/211/732 11448/209/732
f 11452/215/733 11449/209/733 11444/211/733
f 11444/211/733 11456/216/733 11452/215/733
f 11460/217/736 11378/196/1100 11374/197/1100
f 11374/197/1100 11463/218/736 11460/217/736
f 11465/219/737 11388/203/738 11396/204/737
f 11396/204/737 11467/220/737 11465/219/737
f 11471/209/132 11409/207/132 11415/207/132
f 11415/207/132 11473/208/132 11471/209/132
f 11398/212/739 11435/196/739 11477/213/739
f 11477/213/739 11469/214/739 11398/212/739
f 11453/215/741 11457/216/741 11424/211/741
f 11424/211/741 11420/209/740 11453/215/741
f 11480/221/727 11370/221/727 11367/222/727
f 11367/222/727 11429/222/727 11480/221/727
f 11430/222/846 11366/222/742 11376/203/743
f 11376/203/743 11433/203/742 11430/222/846
f 11434/203/745 11377/203/745 11458/206/745
f 11458/206/745 11474/206/745 11434/203/745
f 11475/206/725 11459/206/725 11462/223/725
f 11462/223/725 11484/223/725 11475/206/725
f 11483/224/257 11461/224/257 11373/226/257
f 11373/226/257 11487/225/257 11483/224/257
f 11486/225/258 11372/226/258 11369/224/258
f 11369/224/258 11478/224/258 11486/225/258
f 11468/214/732 11476/213/732 11485/228/732
f 11485/228/732 11491/227/732 11468/214/732
f 11490/229/727 11493/221/727 11464/219/727
f 11464/219/727 11466/220/727 11490/229/727
f 11391/206/725 11495/223/725 11498/230/725
f 11498/230/725 11393/205/725 11391/206/725
f 11499/227/747 11481/228/747 11431/213/747
f 11431/213/747 11394/214/747 11499/227/747
f 11385/201/725 11501/202/725 11504/199/725
f 11504/199/725 11387/200/725 11385/201/725
f 11497/231/259 11426/233/259 11422/232/259
f 11422/232/259 11479/224/259 11497/231/259
f 11478/224/258 11421/232/258 11454/234/258
f 11454/234/258 11486/225/258 11478/224/258
f 11487/225/257 11455/234/257 11442/232/257
f 11442/232/257 11483/224/257 11487/225/257
f 11482/224/260 11441/232/260 11438/233/260
f 11438/233/260 11489/231/260 11482/224/260
f 11405/200/727 11507/199/727 11510/202/727
f 11510/202/727 11407/201/727 11405/200/727
f 11413/208/143 11446/236/143 11450/235/143
f 11450/235/143 11414/207/143 11413/208/143
f 11415/207/132 11451/235/132 11417/236/132
f 11417/236/132 11473/208/132 11415/207/132
s 0
f 11494/236/33 11380/238/33 11386/237/33
f 11386/237/33 11496/231/33 11494/236/33
f 11496/231/33 11386/237/33 11503/239/33
f 11503/239/33 11425/233/33 11496/231/33
s 1
f 11427/210/750 11505/241/750 11502/240/750
f 11502/240/750 11418/209/750 11427/210/750
s 0
f 11416/236/32 11500/238/32 11384/242/32
f 11384/242/32 11472/208/32 11416/236/32
f 11472/208/32 11384/242/32 11382/240/32
f 11382/240/32 11470/209/32 11472/208/32
f 11410/209/32 11400/240/32 11406/242/32
f 11406/242/32 11412/208/32 11410/209/32
f 11412/208/32 11406/242/32 11509/238/32
f 11509/238/32 11445/236/32 11412/208/32
s 1
f 11447/209/752 11511/240/751 11508/241/752
f 11508/241/752 11439/210/752 11447/209/752
s 0
f 11437/233/33 11506/239/33 11404/237/33
f 11404/237/33 11488/231/33 11437/233/33
f 11488/231/33 11404/237/33 11402/238/33
f 11402/238/33 11492/236/33 11488/231/33
s 1
f 11514/195/803 11517/198/803 11518/197/13
f 11518/197/13 11522/196/13 11514/195/803
f 11527/199/804 11529/202/804 11531/201/804
f 11531/201/804 11533/200/804 11527/199/804
f 11535/203/806 11536/206/806 11540/205/806
f 11540/205/806 11545/204/757 11535/203/806
f 11547/202/1101 11549/199/1101 11551/200/872
f 11551/200/872 11553/201/872 11547/202/1101
f 11554/207/763 11557/209/763 11559/208/763
f 11559/208/763 11560/207/763 11554/207/763
f 11565/209/308 11570/211/308 11573/210/308
f 11544/212/765 11538/214/765 11577/213/765
f 11577/213/765 11581/196/764 11544/212/765
f 11584/210/766 11588/211/766 11593/209/766
f 11596/215/767 11592/209/769 11587/211/768
f 11587/211/768 11600/216/767 11596/215/767
f 11603/217/300 11523/196/300 11520/197/300
f 11520/197/300 11606/218/300 11603/217/300
f 11609/219/809 11534/203/771 11543/204/1067
f 11543/204/1067 11613/220/771 11609/219/809
f 11616/209/774 11555/207/774 11561/207/774
f 11561/207/774 11618/208/774 11616/209/774
f 11542/212/775 11579/196/775 11619/213/775
f 11619/213/775 11611/214/775 11542/212/775
f 11597/215/777 11601/216/812 11569/211/777
f 11569/211/777 11563/209/777 11597/215/777
f 11625/221/872 11516/221/872 11513/222/872
f 11513/222/872 11576/222/872 11625/221/872
f 11575/222/780 11512/222/780 11524/203/780
f 11524/203/780 11580/203/780 11575/222/780
f 11582/203/781 11525/203/781 11604/206/781
f 11604/206/781 11621/206/781 11582/203/781
f 11622/206/804 11605/206/804 11608/223/804
f 11608/223/804 11629/223/804 11622/206/804
f 11628/224/783 11607/224/784 11521/226/784
f 11521/226/784 11631/225/784 11628/224/783
f 11630/225/785 11519/226/785 11515/224/785
f 11515/224/785 11623/224/785 11630/225/785
f 11612/214/766 11620/213/766 11627/228/766
f 11627/228/766 11633/227/766 11612/214/766
f 11634/229/872 11637/221/872 11610/219/872
f 11610/219/872 11614/220/872 11634/229/872
f 11537/206/804 11639/223/804 11643/230/804
f 11643/230/804 11541/205/804 11537/206/804
f 11642/227/308 11626/228/308 11578/213/308
f 11578/213/308 11539/214/308 11642/227/308
f 11531/201/804 11646/202/804 11649/199/804
f 11649/199/804 11533/200/804 11531/201/804
f 11641/231/1102 11572/233/1102 11568/232/1102
f 11568/232/1102 11624/224/1102 11641/231/1102
f 11623/224/785 11567/232/785 11599/234/785
f 11599/234/785 11630/225/785 11623/224/785
f 11631/225/784 11602/234/1103 11589/232/817
f 11589/232/817 11628/224/783 11631/225/784
f 11628/224/783 11589/232/817 11586/233/789
f 11586/233/789 11635/231/789 11628/224/783
f 11551/200/872 11652/199/1101 11655/202/872
f 11655/202/872 11553/201/872 11551/200/872
f 11559/208/763 11591/236/763 11595/235/763
f 11595/235/763 11560/207/763 11559/208/763
f 11561/207/774 11598/235/774 11564/236/774
f 11564/236/774 11618/208/774 11561/207/774
s 0
f 11638/236/33 11526/238/33 11532/237/33
f 11532/237/33 11640/231/33 11638/236/33
f 11640/231/33 11532/237/33 11647/239/33
f 11647/239/33 11571/233/33 11640/231/33
s 1
f 11574/210/792 11648/241/356 11645/240/356
f 11645/240/356 11566/209/356 11574/210/792
s 0
f 11562/236/32 11644/238/32 11530/242/32
f 11530/242/32 11617/208/32 11562/236/32
f 11617/208/32 11530/242/32 11528/240/32
f 11528/240/32 11615/209/32 11617/208/32
f 11556/209/32 11546/240/32 11552/242/32
f 11552/242/32 11558/208/32 11556/209/32
f 11558/208/32 11552/242/32 11653/238/32
f 11653/238/32 11590/236/32 11558/208/32
s 1
f 11594/209/794 11654/240/794 11651/241/794
f 11651/241/794 11585/210/794 11594/209/794
s 0
f 11583/233/33 11650/239/33 11550/237/33
f 11550/237/33 11632/231/33 11583/233/33
f 11632/231/33 11550/237/33 11548/238/33
f 11548/238/33 11636/236/33 11632/231/33
s 1
f 11657/243/853 11660/246/853 11662/245/283
f 11662/245/283 11665/244/283 11658/243/283
f 11656/247/289 11667/250/289 11668/249/289
f 11668/249/289 11659/248/289 11656/247/289
f 11661/246/288 11669/252/288 11670/251/288
f 11670/251/288 11663/245/288 11661/246/288
f 11664/248/286 11671/249/286 11672/250/286
f 11672/250/286 11666/247/286 11664/248/286
f 11673/195/13 11676/198/13 11681/197/803
f 11681/197/803 11685/196/803 11673/195/13
f 11688/199/804 11690/202/804 11692/201/804
f 11692/201/804 11694/200/896 11688/199/804
f 11696/203/806 11697/206/806 11701/205/806
f 11701/205/806 11706/204/806 11696/203/806
f 11708/202/1101 11710/199/1101 11712/200/872
f 11712/200/872 11714/201/872 11708/202/1101
f 11715/207/763 11718/209/763 11720/208/763
f 11720/208/763 11721/207/763 11715/207/763
f 11726/209/308 11731/211/308 11734/210/308
f 11705/212/764 11699/214/765 11738/213/765
f 11738/213/765 11742/196/764 11705/212/764
f 11745/210/766 11749/211/766 11754/209/766
f 11757/215/767 11753/209/768 11748/211/768
f 11748/211/768 11761/216/767 11757/215/767
f 11764/217/300 11683/196/300 11680/197/300
f 11680/197/300 11767/218/300 11764/217/300
f 11770/219/771 11695/203/771 11704/204/809
f 11704/204/809 11774/220/771 11770/219/771
f 11777/209/1104 11716/207/791 11722/207/774
f 11722/207/774 11779/208/774 11777/209/1104
f 11703/212/775 11740/196/775 11780/213/775
f 11780/213/775 11772/214/776 11703/212/775
f 11758/215/777 11762/216/812 11730/211/777
f 11730/211/777 11724/209/777 11758/215/777
f 11786/221/872 11678/221/872 11675/222/893
f 11675/222/893 11737/222/872 11786/221/872
f 11736/222/780 11674/222/813 11684/203/779
f 11684/203/779 11741/203/779 11736/222/780
f 11743/203/1105 11686/203/781 11765/206/781
f 11765/206/781 11782/206/781 11743/203/1105
f 11783/206/804 11766/206/804 11769/223/804
f 11769/223/804 11790/223/804 11783/206/804
f 11789/224/783 11768/224/784 11682/226/784
f 11682/226/784 11792/225/784 11789/224/783
f 11791/225/785 11679/226/785 11677/224/785
f 11677/224/785 11784/224/785 11791/225/785
f 11773/214/766 11781/213/766 11788/228/766
f 11788/228/766 11794/227/766 11773/214/766
f 11795/229/872 11798/221/872 11771/219/872
f 11771/219/872 11775/220/872 11795/229/872
f 11698/206/804 11800/223/804 11804/230/804
f 11804/230/804 11702/205/804 11698/206/804
f 11803/227/308 11787/228/308 11739/213/308
f 11739/213/308 11700/214/308 11803/227/308
f 11692/201/804 11807/202/804 11810/199/804
f 11810/199/804 11694/200/896 11692/201/804
f 11802/231/1106 11733/233/1107 11729/232/1106
f 11729/232/1106 11785/224/1106 11802/231/1106
f 11784/224/785 11728/232/785 11760/234/785
f 11760/234/785 11791/225/785 11784/224/785
f 11792/225/784 11763/234/784 11750/232/788
f 11750/232/788 11789/224/783 11792/225/784
f 11789/224/783 11750/232/788 11747/233/789
f 11747/233/789 11796/231/790 11789/224/783
f 11712/200/872 11813/199/1101 11816/202/1101
f 11816/202/1101 11714/201/872 11712/200/872
f 11720/208/763 11752/236/763 11756/235/763
f 11756/235/763 11721/207/763 11720/208/763
f 11722/207/774 11759/235/774 11725/236/774
f 11725/236/774 11779/208/774 11722/207/774
s 0
f 11799/236/33 11687/238/33 11693/237/33
f 11693/237/33 11801/231/33 11799/236/33
f 11801/231/33 11693/237/33 11808/239/33
f 11808/239/33 11732/233/33 11801/231/33
s 1
f 11735/210/356 11809/241/356 11806/240/356
f 11806/240/356 11727/209/356 11735/210/356
s 0
f 11723/236/32 11805/238/32 11691/242/32
f 11691/242/32 11778/208/32 11723/236/32
f 11778/208/32 11691/242/32 11689/240/32
f 11689/240/32 11776/209/32 11778/208/32
f 11717/209/32 11707/240/32 11713/242/32
f 11713/242/32 11719/208/32 11717/209/32
f 11719/208/32 11713/242/32 11814/238/32
f 11814/238/32 11751/236/32 11719/208/32
s 1
f 11755/209/794 11815/240/794 11812/241/794
f 11812/241/794 11746/210/794 11755/209/794
s 0
f 11744/233/33 11811/239/33 11711/237/33
f 11711/237/33 11793/231/33 11744/233/33
f 11793/231/33 11711/237/33 11709/238/33
f 11709/238/33 11797/236/33 11793/231/33
s 1
f 11819/243/1108 11821/246/795 11825/245/795
f 11824/245/1109 11828/244/1109 11819/243/795
f 11817/247/911 11830/250/911 11831/249/911
f 11832/249/796 11820/248/796 11818/247/796
f 11823/246/797 11833/252/798 11834/251/1110
f 11835/251/1111 11826/245/799 11822/246/799
f 11827/248/801 11836/249/801 11837/250/801
f 11837/250/801 11829/247/802 11827/248/801
f 11838/195/829 11842/198/829 11847/197/829
f 11847/197/829 11850/196/829 11838/195/829
f 11853/199/727 11855/202/727 11857/201/727
f 11857/201/727 11859/200/727 11853/199/727
f 11860/203/868 11862/206/868 11864/205/868
f 11864/205/868 11868/204/868 11860/203/868
f 11873/202/725 11875/199/725 11877/200/725
f 11877/200/725 11879/201/725 11873/202/725
f 11881/207/132 11883/209/132 11885/208/132
f 11885/208/132 11887/207/132 11881/207/132
f 11891/209/1059 11895/211/831 11900/210/1059
f 11870/212/832 11867/214/1060 11902/213/832
f 11902/213/832 11907/196/832 11870/212/832
f 11912/210/834 11915/211/834 11920/209/834
f 11924/215/1112 11921/209/1112 11916/211/836
f 11916/211/836 11928/216/836 11924/215/1112
f 11932/217/1061 11849/196/1061 11846/197/837
f 11846/197/837 11935/218/837 11932/217/1061
f 11937/219/839 11861/203/839 11871/204/839
f 11871/204/839 11941/220/839 11937/219/839
f 11943/209/143 11880/207/143 11886/207/143
f 11886/207/143 11945/208/143 11943/209/143
f 11869/212/840 11906/196/840 11949/213/840
f 11949/213/840 11939/214/840 11869/212/840
f 11925/215/841 11929/216/842 11896/211/842
f 11896/211/842 11892/209/843 11925/215/841
f 11953/221/725 11843/221/725 11840/222/725
f 11840/222/725 11904/222/725 11953/221/725
f 11903/222/745 11839/222/746 11851/203/746
f 11851/203/746 11908/203/1113 11903/222/745
f 11905/203/743 11848/203/847 11931/206/846
f 11931/206/846 11946/206/742 11905/203/743
f 11947/206/727 11930/206/727 11934/223/727
f 11934/223/727 11956/223/727 11947/206/727
f 11955/224/153 11933/224/153 11844/226/153
f 11844/226/153 11958/225/153 11955/224/153
f 11959/225/154 11845/226/154 11841/224/154
f 11841/224/154 11950/224/154 11959/225/154
f 11938/214/848 11948/213/834 11957/228/834
f 11957/228/834 11962/227/834 11938/214/848
f 11963/229/725 11965/221/725 11936/219/725
f 11936/219/725 11940/220/725 11963/229/725
f 11863/206/727 11967/223/727 11970/230/727
f 11970/230/727 11865/205/727 11863/206/727
f 11971/227/831 11952/228/831 11901/213/831
f 11901/213/831 11866/214/831 11971/227/831
f 11857/201/727 11973/202/727 11976/199/727
f 11976/199/727 11859/200/727 11857/201/727
f 11969/231/156 11898/233/156 11894/232/156
f 11894/232/156 11951/224/156 11969/231/156
f 11950/224/154 11893/232/154 11927/234/154
f 11927/234/154 11959/225/154 11950/224/154
f 11958/225/153 11926/234/153 11914/232/153
f 11914/232/153 11955/224/153 11958/225/153
f 11954/224/158 11913/232/158 11910/233/158
f 11910/233/158 11961/231/158 11954/224/158
f 11877/200/725 11980/199/725 11983/202/725
f 11983/202/725 11879/201/725 11877/200/725
f 11885/208/132 11918/236/132 11923/235/132
f 11923/235/132 11887/207/132 11885/208/132
f 11886/207/143 11922/235/143 11889/236/143
f 11889/236/143 11945/208/143 11886/207/143
s 0
f 11966/236/33 11852/238/33 11858/237/33
f 11858/237/33 11968/231/33 11966/236/33
f 11968/231/33 11858/237/33 11975/239/33
f 11975/239/33 11897/233/33 11968/231/33
s 1
f 11899/210/1063 11977/241/1063 11974/240/1064
f 11974/240/1064 11890/209/1063 11899/210/1063
s 0
f 11888/236/32 11972/238/32 11856/242/32
f 11856/242/32 11944/208/32 11888/236/32
f 11944/208/32 11856/242/32 11854/240/32
f 11854/240/32 11942/209/32 11944/208/32
f 11882/209/32 11872/240/32 11878/242/32
f 11878/242/32 11884/208/32 11882/209/32
f 11884/208/32 11878/242/32 11981/238/32
f 11981/238/32 11917/236/32 11884/208/32
s 1
f 11919/209/851 11982/240/851 11979/241/851
f 11979/241/851 11911/210/851 11919/209/851
s 0
f 11909/233/33 11978/239/33 11876/237/33
f 11876/237/33 11960/231/33 11909/233/33
f 11960/231/33 11876/237/33 11874/238/33
f 11874/238/33 11964/236/33 11960/231/33
s 1
f 11985/243/375 11987/246/265 11993/245/375
f 11992/245/265 11996/244/375 11984/243/265
f 11986/247/365 11997/250/377 11999/249/273
f 11999/249/273 11990/248/273 11986/247/365
f 11989/246/865 11998/252/866 12002/251/1114
f 12001/251/866 11994/245/866 11988/246/866
f 11991/248/268 12000/249/1115 12003/250/268
f 12003/250/268 11995/247/269 11991/248/268
f 12005/253/22 12009/256/22 12013/255/22
f 12013/255/22 12015/254/22 12005/253/22
f 12017/257/21 12020/258/21 12008/256/21
f 12008/256/21 12004/253/21 12017/257/21
f 12022/259/20 12025/260/20 12019/258/20
f 12019/258/20 12016/257/20 12022/259/20
f 12028/261/34 12031/264/34 12027/263/34
f 12027/263/34 12023/262/200 12028/261/34
f 12034/265/18 12038/266/18 12032/264/18
f 12032/264/18 12029/261/18 12034/265/18
f 12041/267/17 12045/268/17 12039/266/17
f 12039/266/17 12035/265/17 12041/267/17
f 12047/269/30 12051/270/30 12044/268/29
f 12044/268/29 12040/267/29 12047/269/30
f 12053/271/28 12057/272/28 12050/270/28
f 12050/270/28 12046/269/28 12053/271/28
f 12059/273/356 12062/274/679 12056/272/679
f 12056/272/679 12052/271/679 12059/273/356
f 12064/275/26 12067/276/26 12061/274/26
f 12061/274/26 12058/273/1116 12064/275/26
f 12070/277/25 12073/278/25 12068/276/25
f 12068/276/25 12065/275/25 12070/277/25
f 12014/254/24 12012/255/24 12074/278/354
f 12074/278/354 12071/277/1117 12014/254/24
s 0
f 12006/279/33 12076/282/33 12080/281/33
f 12080/281/33 12010/280/33 12006/279/33
f 12084/283/33 12087/284/33 12090/282/33
f 12090/282/33 12093/279/33 12084/283/33
f 12024/285/33 12096/285/33 12100/284/33
f 12100/284/33 12018/283/33 12024/285/33
f 12104/286/33 12107/287/33 12110/285/33
f 12110/285/33 12113/285/33 12104/286/33
f 12036/288/33 12116/289/33 12120/287/33
f 12120/287/33 12030/286/33 12036/288/33
f 12124/290/33 12127/291/33 12130/289/33
f 12130/289/33 12133/288/33 12124/290/33
f 12048/292/33 12136/293/33 12140/291/33
f 12140/291/33 12042/290/33 12048/292/33
f 12144/294/33 12147/295/33 12150/293/33
f 12150/293/33 12153/292/33 12144/294/33
f 12060/296/33 12156/297/33 12160/295/33
f 12160/295/33 12054/294/33 12060/296/33
f 12164/298/33 12167/299/33 12170/297/33
f 12170/297/33 12173/296/33 12164/298/33
f 12072/300/33 12176/300/33 12180/299/33
f 12180/299/33 12066/298/33 12072/300/33
f 12184/280/33 12187/281/33 12190/300/33
f 12190/300/33 12193/300/33 12184/280/33
s 1
f 12079/301/29 12198/304/29 12200/303/29
f 12200/303/29 12082/302/29 12079/301/29
f 12102/305/28 12204/306/28 12197/304/28
f 12197/304/28 12078/301/28 12102/305/28
f 12099/307/27 12207/308/27 12203/306/27
f 12203/306/27 12101/305/356 12099/307/27
f 12121/309/26 12209/310/26 12206/308/26
f 12206/308/26 12097/307/26 12121/309/26
f 12118/311/25 12212/312/1118 12210/310/25
f 12210/310/25 12122/309/25 12118/311/25
f 12142/313/24 12215/314/24 12213/312/24
f 12213/312/24 12119/311/24 12142/313/24
f 12138/315/361 12219/316/361 12216/314/1119
f 12216/314/1119 12143/313/1119 12138/315/361
f 12162/317/21 12222/318/21 12218/316/21
f 12218/316/21 12137/315/21 12162/317/21
f 12157/319/35 12224/320/35 12221/318/35
f 12221/318/35 12161/317/35 12157/319/35
f 12182/321/1120 12227/324/19 12225/323/19
f 12225/323/19 12158/322/19 12182/321/1120
f 12178/325/18 12230/326/18 12228/324/18
f 12228/324/18 12183/321/18 12178/325/18
f 12083/302/17 12201/303/17 12231/326/358
f 12231/326/358 12179/325/358 12083/302/17
s 0
f 12196/327/33 12232/329/33 12199/328/33
f 12202/330/33 12232/329/33 12196/327/33
f 12205/331/33 12232/329/33 12202/330/33
f 12208/332/33 12232/329/33 12205/331/33
f 12211/333/33 12232/329/33 12208/332/33
f 12214/334/33 12232/329/33 12211/333/33
f 12217/335/33 12232/329/33 12214/334/33
f 12220/336/33 12232/329/33 12217/335/33
f 12223/337/33 12232/329/33 12220/336/33
f 12226/338/33 12232/329/33 12223/337/33
f 12229/339/33 12232/329/33 12226/338/33
f 12199/328/33 12232/329/33 12229/339/33
s 1
f 12020/258/21 12085/341/21 12095/340/21
f 12095/340/21 12008/256/21 12020/258/21
f 12007/279/268 12094/279/268 12091/282/268
f 12091/282/268 12077/282/269 12007/279/268
f 12078/301/28 12092/343/28 12088/342/28
f 12088/342/28 12102/305/28 12078/301/28
f 12103/284/368 12089/284/368 12086/283/368
f 12086/283/368 12021/283/368 12103/284/368
f 12031/264/34 12105/345/34 12115/344/34
f 12115/344/34 12027/263/34 12031/264/34
s 0
f 12026/285/9 12114/285/9 12112/285/9
f 12112/285/9 12098/285/9 12026/285/9
s 1
f 12097/307/26 12111/347/26 12108/346/26
f 12108/346/26 12121/309/26 12097/307/26
f 12123/287/366 12109/287/366 12106/286/366
f 12106/286/366 12033/286/366 12123/287/366
f 12045/268/17 12126/349/17 12135/348/17
f 12135/348/17 12039/266/17 12045/268/17
f 12037/288/289 12134/288/290 12131/289/289
f 12131/289/289 12117/289/289 12037/288/289
f 12119/311/24 12132/351/24 12129/350/24
f 12129/350/24 12142/313/24 12119/311/24
s 0
f 12141/291/13 12128/291/13 12125/290/13
f 12125/290/13 12043/290/13 12141/291/13
s 1
f 12057/272/28 12146/353/28 12155/352/28
f 12155/352/28 12050/270/28 12057/272/28
f 12049/292/365 12154/292/365 12152/293/365
f 12152/293/365 12139/293/273 12049/292/365
f 12137/315/21 12151/355/21 12148/354/21
f 12148/354/21 12162/317/21 12137/315/21
f 12163/295/364 12149/295/364 12145/294/364
f 12145/294/364 12055/294/364 12163/295/364
f 12067/276/26 12165/357/26 12174/356/321
f 12174/356/321 12061/274/26 12067/276/26
s 0
f 12063/296/1 12175/296/1 12172/297/1
f 12172/297/1 12159/297/1 12063/296/1
s 1
f 12158/322/19 12171/359/19 12169/358/19
f 12169/358/19 12182/321/1120 12158/322/19
f 12181/299/362 12168/299/362 12166/298/362
f 12166/298/362 12069/298/362 12181/299/362
f 12012/255/24 12186/361/24 12194/360/24
f 12194/360/24 12074/278/354 12012/255/24
f 12075/300/287 12195/300/286 12191/300/287
f 12191/300/287 12177/300/287 12075/300/287
f 12179/325/358 12192/363/358 12189/362/17
f 12189/362/17 12083/302/17 12179/325/358
s 0
f 12081/281/5 12188/281/5 12185/280/5
f 12185/280/5 12011/280/5 12081/281/5
